# FairStash — how often each item turned up in the newest listings, by day
# https://fairstash.app/data — CC BY 4.0, please credit fairstash.app
# Listings source: Traderie, counted in Traderie's 1,547 newest listings.
# A missing day is not a zero and not a measurement. It means one of two things: the
# count did not change, or the item had no listing in that day's window at all. An
# observed zero is written as a row with selling=0.
# Days checked so far: adopt-me 6, ftf 15, mm2 6.
# selling counts how much of that day’s window the item filled. 0 means none turned up,
# which is weaker than “none were on offer”: the window is the marketplace’s most
# recently updated listings, and on a busy game it covers well under an hour.
# buying empty means we were not recording that number yet, not that it was zero.
game,item,slug,day,selling,buying
adopt-me,2021 Uplift Butterfly,2021-uplift-butterfly,2026-09-06,1,
adopt-me,2022 Birthday Cake,2022-birthday-cake,2026-09-06,1,
adopt-me,2022 Birthday Party Hat,2022-birthday-party-hat,2026-09-06,1,
adopt-me,2022 Birthday Party Horn,2022-birthday-party-horn,2026-09-06,1,
adopt-me,2025 Birthday Butterfly,2025-birthday-butterfly,2026-09-06,1,
adopt-me,2026 Birthday Butterfly,2026-birthday-butterfly,2026-09-06,4,
adopt-me,2D Doggy,2d-doggy,2026-09-06,2,
adopt-me,2D Kitty,2d-kitty,2026-09-06,1,
adopt-me,Abyssinian Cat,abyssinian-cat,2026-09-06,2,
adopt-me,Accordion,accordion,2026-09-06,1,
adopt-me,Admin Abuse Box,admin-abuse-box,2026-09-06,1,
adopt-me,Admin Abuse Egg,admin-abuse-egg,2026-09-06,5,
adopt-me,Aestus,aestus,2026-09-06,1,
adopt-me,African Wild Dog,african-wild-dog,2026-09-06,1,
adopt-me,Albatross,albatross,2026-09-06,1,
adopt-me,Albino Monkey,albino-monkey,2026-09-06,1,
adopt-me,Alicorn,alicorn,2026-09-06,5,
adopt-me,Alley Cat,alley-cat,2026-09-06,4,
adopt-me,Ancient Dragon,ancient-dragon,2026-09-06,6,
adopt-me,Angler Fish Light,angler-fish-light,2026-09-06,1,
adopt-me,Angus Cow,angus-cow,2026-09-06,2,
adopt-me,Ant,ant,2026-09-06,1,
adopt-me,Anti-gravity Potion,anti-gravity-potion,2026-09-06,1,
adopt-me,Arctic Fox,arctic-fox,2026-09-06,5,
adopt-me,Arctic Hare,arctic-hare,2026-09-06,1,
adopt-me,Arctic Reindeer,arctic-reindeer,2026-09-06,9,
adopt-me,Aurora Fox,aurora-fox,2026-09-06,1,
adopt-me,Australian Kelpie,australian-kelpie,2026-09-06,1,
adopt-me,Axolotl,axolotl,2026-09-06,1,
adopt-me,Aye Aye,aye-aye,2026-09-06,2,
adopt-me,Aztec Egg,aztec-egg,2026-09-06,1,
adopt-me,Badger,badger,2026-09-06,3,
adopt-me,Bakeneko,bakeneko,2026-09-06,1,
adopt-me,Baku,baku,2026-09-06,1,
adopt-me,Balloon Unicorn,balloon-unicorn,2026-09-06,3,
adopt-me,Banana Car,banana-car,2026-09-06,2,
adopt-me,Bat,bat,2026-09-06,2,
adopt-me,Bat Dragon,bat-dragon,2026-09-06,2,
adopt-me,Bauble Buddies,bauble-buddies,2026-09-06,1,
adopt-me,Beaver,beaver,2026-09-06,1,
adopt-me,Bee,bee,2026-09-06,2,
adopt-me,Bee Shuttle,bee-shuttle,2026-09-06,1,
adopt-me,Beluga Whale,beluga-whale,2026-09-06,1,
adopt-me,Big Head Potion,big-head-potion,2026-09-06,1,
adopt-me,Black Boots,black-boots,2026-09-06,1,
adopt-me,Black Chow-Chow,black-chow-chow,2026-09-06,1,
adopt-me,Black-Footed Ferret,black-footed-ferret,2026-09-06,2,
adopt-me,Black Moon Bear,black-moon-bear,2026-09-06,1,
adopt-me,Black Rhino,black-rhino,2026-09-06,1,
adopt-me,Black Tiger,black-tiger,2026-09-06,3,
adopt-me,Blazing Lion,blazing-lion,2026-09-06,2,
adopt-me,Blossom Propeller,blossom-propeller,2026-09-06,1,
adopt-me,Blue Butterfly,blue-butterfly,2026-09-06,1,
adopt-me,Blue Cat Ear Headphones,blue-cat-ear-headphones,2026-09-06,1,
adopt-me,Blue Jay,blue-jay,2026-09-06,1,
adopt-me,Blue Rider,blue-rider,2026-09-06,1,
adopt-me,Blue Whale,blue-whale,2026-09-06,2,
adopt-me,Bone Wings,bone-wings,2026-09-06,3,
adopt-me,Border Collie,border-collie,2026-09-06,1,
adopt-me,Brachiosaurus,brachiosaurus,2026-09-06,2,
adopt-me,Bready Necklace,bready-necklace,2026-09-06,3,
adopt-me,Brown Bear,brown-bear,2026-09-06,3,
adopt-me,Bumper Car,bumper-car,2026-09-06,1,
adopt-me,Bunny Ear Tiara,bunny-ear-tiara,2026-09-06,1,
adopt-me,Bunny Straw Hat,bunny-straw-hat,2026-09-06,1,
adopt-me,Bunny Stroller,bunny-stroller,2026-09-06,1,
adopt-me,Bunny Swirl,bunny-swirl,2026-09-06,5,
adopt-me,Burger Bear,burger-bear,2026-09-06,3,
adopt-me,Burger Bun Hat,burger-bun-hat,2026-09-06,4,
adopt-me,Burning Bunny,burning-bunny,2026-09-06,1,
adopt-me,Bush Elephant,bush-elephant,2026-09-06,7,
adopt-me,Butter Knife,butter-knife,2026-09-06,2,
adopt-me,Cabbit,cabbit,2026-09-06,5,
adopt-me,Cake Friend,cake-friend,2026-09-06,3,
adopt-me,California Condor,california-condor,2026-09-06,1,
adopt-me,Camel,camel,2026-09-06,2,
adopt-me,Campfire Stories Mega Neon Paint,campfire-stories-mega-neon-paint,2026-09-06,1,
adopt-me,Candicorn,candicorn,2026-09-06,6,
adopt-me,Candihorn Instrument,candihorn-instrument,2026-09-06,1,
adopt-me,Candy Camper,candy-camper,2026-09-06,1,
adopt-me,Candy Cliffs Hat,candy-cliffs-hat,2026-09-06,1,
adopt-me,Candy Copper Hat,candy-copper-hat,2026-09-06,1,
adopt-me,Candy Hare,candy-hare,2026-09-06,1,
adopt-me,Candy Sticker,candy-sticker,2026-09-06,1,
adopt-me,Candyfloss Mega Neon Paint,candyfloss-mega-neon-paint,2026-09-06,2,
adopt-me,Candyfloss Sticker,candyfloss-sticker,2026-09-06,1,
adopt-me,Castle Hermit Crab,castle-hermit-crab,2026-09-06,1,
adopt-me,Cat Backpack,cat-backpack,2026-09-06,1,
adopt-me,Cat Hood,cat-hood,2026-09-06,2,
adopt-me,Caterpillar,caterpillar,2026-09-06,1,
adopt-me,Celebrity Mansion,celebrity-mansion,2026-09-06,1,
adopt-me,Celestial Carrier,celestial-carrier,2026-09-06,1,
adopt-me,Cerberus,cerberus,2026-09-06,5,
adopt-me,Chameleon,chameleon,2026-09-06,2,
adopt-me,Chanekeh,chanekeh,2026-09-06,3,
adopt-me,Cheesecake Hat,cheesecake-hat,2026-09-06,1,
adopt-me,Cheetah,cheetah,2026-09-06,5,
adopt-me,Chef Hat,chef-hat,2026-09-06,1,
adopt-me,Chef Hat,chef-hat,2026-09-06,1,
adopt-me,Cherry Blossom Flower Sticker,cherry-blossom-flower-sticker,2026-09-06,3,
adopt-me,Cherry Blossom Tree Sticker,cherry-blossom-tree-sticker,2026-09-06,3,
adopt-me,Cherub Chipmunk,cherub-chipmunk,2026-09-06,3,
adopt-me,Chestnut Glyptodon,chestnut-glyptodon,2026-09-06,1,
adopt-me,Chick,chick,2026-09-06,3,
adopt-me,Chick Backpack,chick-backpack,2026-09-06,1,
adopt-me,Chick Hat,chick-hat,2026-09-06,3,
adopt-me,Chickatrice,chickatrice,2026-09-06,1,
adopt-me,Chicken,chicken,2026-09-06,2,
adopt-me,Chihuahua,chihuahua,2026-09-06,5,
adopt-me,Chipmunk,chipmunk,2026-09-06,1,
adopt-me,Choco Penguin,choco-penguin,2026-09-06,2,
adopt-me,Chocolate Chip Bat Dragon,chocolate-chip-bat-dragon,2026-09-06,3,
adopt-me,Chocolate Dutch Guinea Pig,chocolate-dutch-guinea-pig,2026-09-06,4,
adopt-me,Chocolate Sticker,chocolate-sticker,2026-09-06,1,
adopt-me,Christmas Pudding House,christmas-pudding-house,2026-09-06,3,
adopt-me,Christmas Pudding Pup,christmas-pudding-pup,2026-09-06,3,
adopt-me,Cinnamon Roll,cinnamon-roll,2026-09-06,2,
adopt-me,City Hat,city-hat,2026-09-06,1,
adopt-me,Classic Teapot,classic-teapot,2026-09-06,1,
adopt-me,Classic Trade Stand,classic-trade-stand,2026-09-06,1,
adopt-me,Claw Machine Stroller,claw-machine-stroller,2026-09-06,1,
adopt-me,Clementine Owl,clementine-owl,2026-09-06,2,
adopt-me,Clover Balloon,clover-balloon,2026-09-06,1,
adopt-me,Clown Car,clown-car,2026-09-06,2,
adopt-me,Clown Unicycle,clown-unicycle,2026-09-06,1,
adopt-me,Clown Wig,clown-wig,2026-09-06,1,
adopt-me,Clownfish,clownfish,2026-09-06,1,
adopt-me,Cocoadile,cocoadile,2026-09-06,4,
adopt-me,Cocoadile Cape,cocoadile-cape,2026-09-06,1,
adopt-me,Cocoadile Hat,cocoadile-hat,2026-09-06,1,
adopt-me,Coconut Friend,coconut-friend,2026-09-06,1,
adopt-me,Coconut Shoes,coconut-shoes,2026-09-06,1,
adopt-me,Coconut Stroller,coconut-stroller,2026-09-06,1,
adopt-me,Constellation Cape,constellation-cape,2026-09-06,1,
adopt-me,Corgi,corgi,2026-09-06,2,
adopt-me,Cotton Candy Hat,cotton-candy-hat,2026-09-06,1,
adopt-me,Cow,cow,2026-09-06,12,
adopt-me,Cow Calf,cow-calf,2026-09-06,1,
adopt-me,Coyote,coyote,2026-09-06,1,
adopt-me,Cracked Egg,cracked-egg,2026-09-06,1,
adopt-me,Crate Stroller,crate-stroller,2026-09-06,1,
adopt-me,Crocodile,crocodile,2026-09-06,3,
adopt-me,Crow,crow,2026-09-06,3,
adopt-me,Cryptid,cryptid,2026-09-06,38,
adopt-me,Crystal Egg,crystal-egg,2026-09-06,1,
adopt-me,Cupcake Hat,cupcake-hat,2026-09-06,1,
adopt-me,Cupid Dragon,cupid-dragon,2026-09-06,3,
adopt-me,Cure All Potion,cure-all-potion,2026-09-06,3,
adopt-me,Cute-A-Cabra,cute-a-cabra,2026-09-06,1,
adopt-me,Cute Circle Glasses,cute-circle-glasses,2026-09-06,1,
adopt-me,Cutlass,cutlass,2026-09-06,1,
adopt-me,Daisy Glasses,daisy-glasses,2026-09-06,1,
adopt-me,Daisymobile,daisymobile,2026-09-06,0,
adopt-me,Dalmatian,dalmatian,2026-09-06,1,
adopt-me,Dango Penguins,dango-penguins,2026-09-06,5,
adopt-me,Dango Sticker,dango-sticker,2026-09-06,1,
adopt-me,Dapper Friend Carrier,dapper-friend-carrier,2026-09-06,1,
adopt-me,Dark Choccybunny,dark-choccybunny,2026-09-06,3,
adopt-me,Diamond Dragon,diamond-dragon,2026-09-06,2,
adopt-me,Diamond Egg,diamond-egg,2026-09-06,1,
adopt-me,Diamond Griffin,diamond-griffin,2026-09-06,1,
adopt-me,Diamond Mahi Mahi,diamond-mahi-mahi,2026-09-06,1,
adopt-me,Dilophosaurus,dilophosaurus,2026-09-06,1,
adopt-me,Dimorphodon Fossil,dimorphodon-fossil,2026-09-06,1,
adopt-me,Dingo,dingo,2026-09-06,1,
adopt-me,Dino Truck,dino-truck,2026-09-06,2,
adopt-me,Dire Wolf,dire-wolf,2026-09-06,4,
adopt-me,Dirty Ducky,dirty-ducky,2026-09-06,2,
adopt-me,Dodo,dodo,2026-09-06,1,
adopt-me,Dog Backpack,dog-backpack,2026-09-06,1,
adopt-me,Dolphin Cruiser,dolphin-cruiser,2026-09-06,2,
adopt-me,Donkey,donkey,2026-09-06,1,
adopt-me,Donut Stroller,donut-stroller,2026-09-06,1,
adopt-me,Dracula Parrot,dracula-parrot,2026-09-06,2,
adopt-me,Dragon,dragon,2026-09-06,1,
adopt-me,Dragonfly,dragonfly,2026-09-06,2,
adopt-me,Dragonfruit Feet,dragonfruit-feet,2026-09-06,1,
adopt-me,Dragonfruit Fox,dragonfruit-fox,2026-09-06,1,
adopt-me,Drone Stroller,drone-stroller,2026-09-06,1,
adopt-me,Easter Bunny,easter-bunny,2026-09-06,4,
adopt-me,Easter Eggy Box,easter-eggy-box,2026-09-06,2,
adopt-me,Eaten Donut,eaten-donut,2026-09-06,5,
adopt-me,Eco Green Leaf Glasses,eco-green-leaf-glasses,2026-09-06,1,
adopt-me,Eco Grey Origami Boat Hat,eco-grey-origami-boat-hat,2026-09-06,1,
adopt-me,Eco Red Apple Basket Hat,eco-red-apple-basket-hat,2026-09-06,1,
adopt-me,Edible Candy Collar,edible-candy-collar,2026-09-06,1,
adopt-me,Egg Glasses,egg-glasses,2026-09-06,1,
adopt-me,Eggnog Dog,eggnog-dog,2026-09-06,3,
adopt-me,Ehecatl,ehecatl,2026-09-06,1,
adopt-me,Electric Tide Mega Neon Pet Paint,electric-tide-mega-neon-pet-paint,2026-09-06,1,
adopt-me,Elf Hat,elf-hat,2026-09-06,2,
adopt-me,Emberlight,emberlight,2026-09-06,3,
adopt-me,Emu,emu,2026-09-06,1,
adopt-me,Endangered Egg,endangered-egg,2026-09-06,3,
adopt-me,English Sheepdog,english-sheepdog,2026-09-06,2,
adopt-me,Ermine,ermine,2026-09-06,1,
adopt-me,Evil Basilisk,evil-basilisk,2026-09-06,1,
adopt-me,Evil Chickatrice,evil-chickatrice,2026-09-06,1,
adopt-me,Evil Unicorn,evil-unicorn,2026-09-06,7,
adopt-me,Fairy Bat Dragon,fairy-bat-dragon,2026-09-06,4,
adopt-me,Fallow Deer,fallow-deer,2026-09-06,3,
adopt-me,Family Home,family-home,2026-09-06,1,
adopt-me,Feesh,feesh,2026-09-06,1,
adopt-me,Fennec Fox,fennec-fox,2026-09-06,1,
adopt-me,Festive Wagon,festive-wagon,2026-09-06,1,
adopt-me,Fire Foal,fire-foal,2026-09-06,3,
adopt-me,Fire Stallion,fire-stallion,2026-09-06,2,
adopt-me,Fishers' Headdress,fishers-headdress,2026-09-06,1,
adopt-me,Flaming Fox,flaming-fox,2026-09-06,3,
adopt-me,Flamingo,flamingo,2026-09-06,3,
adopt-me,Fly-A-Pet Potion (Forever),fly-a-pet-potion-forever,2026-09-06,16,
adopt-me,Flying Broomstick,flying-broomstick,2026-09-06,1,
adopt-me,Flying Cloud,flying-cloud,2026-09-06,1,
adopt-me,Flying Fairy,flying-fairy,2026-09-06,3,
adopt-me,Flying Fish Wings,flying-fish-wings-pet-item,2026-09-06,1,
adopt-me,Forest Sprite,forest-sprite,2026-09-06,1,
adopt-me,Forgotten Flower,forgotten-flower,2026-09-06,1,
adopt-me,Fortune Teller Hood,fortune-teller-hood,2026-09-06,1,
adopt-me,Founder's Crown,founders-crown,2026-09-06,1,
adopt-me,Frog,frog,2026-09-06,1,
adopt-me,Froggy Hat,froggy-hat,2026-09-06,1,
adopt-me,Froggy Stroller,froggy-stroller,2026-09-06,1,
adopt-me,Frost Dragon,frost-dragon,2026-09-06,5,
adopt-me,Frost Fury,frost-fury,2026-09-06,1,
adopt-me,Frostbite Bear,frostbite-bear,2026-09-06,2,
adopt-me,Frostbite Bear and Cub Animated Sticker,frostbite-bear-and-cub-animated-sticker,2026-09-06,2,
adopt-me,Frostclaw,frostclaw,2026-09-06,1,
adopt-me,Frostclaw Plush,frostclaw-plush,2026-09-06,1,
adopt-me,Frosty Glow Mega Neon Paint,frosty-glow-mega-neon-paint,2026-09-06,1,
adopt-me,Frozen Penguin,frozen-penguin,2026-09-06,3,
adopt-me,Galapagos Sea Lion,galapagos-sea-lion,2026-09-06,3,
adopt-me,Galaxy Explorer Helmet,galaxy-explorer-helmet,2026-09-06,1,
adopt-me,Garden Snake,garden-snake,2026-09-06,2,
adopt-me,Gecko,gecko,2026-09-06,1,
adopt-me,Gecko Ducky,gecko-ducky,2026-09-06,2,
adopt-me,General Sheepdog,general-sheepdog,2026-09-06,1,
adopt-me,German Shepherd,german-shepherd,2026-09-06,1,
adopt-me,Ghost,ghost,2026-09-06,2,
adopt-me,Ghost Dog,ghost-dog,2026-09-06,2,
adopt-me,Ghostly Cat,ghostly-cat,2026-09-06,2,
adopt-me,Ghostly Opera Glasses,ghostly-opera-glasses,2026-09-06,1,
adopt-me,Giant Black Scarab,giant-black-scarab,2026-09-06,1,
adopt-me,Ginger Cat,ginger-cat,2026-09-06,5,
adopt-me,Gingerbread Reindeer,gingerbread-reindeer,2026-09-06,2,
adopt-me,Gingerbread Sleigh,gingerbread-sleigh,2026-09-06,1,
adopt-me,Giraffe,giraffe,2026-09-06,3,
adopt-me,Glacier Moth,glacier-moth,2026-09-06,1,
adopt-me,Glider,glider,2026-09-06,1,
adopt-me,Glormy Dolphin,glormy-dolphin,2026-09-06,2,
adopt-me,Glormy Leo,glormy-leo,2026-09-06,2,
adopt-me,Glyptodon Ducky,glyptodon-ducky,2026-09-06,2,
adopt-me,Goat,goat,2026-09-06,1,
adopt-me,Gold Mahi Mahi,gold-mahi-mahi,2026-09-06,3,
adopt-me,Gold Tiara,gold-tiara,2026-09-06,1,
adopt-me,Golden Albatross,golden-albatross,2026-09-06,1,
adopt-me,Golden Dragon,golden-dragon,2026-09-06,1,
adopt-me,Golden Egg,golden-egg,2026-09-06,2,
adopt-me,Golden Goldfish,golden-goldfish,2026-09-06,0,
adopt-me,Golden Griffin,golden-griffin,2026-09-06,1,
adopt-me,Golden Unicorn,golden-unicorn,2026-09-06,1,
adopt-me,Goldhorn,goldhorn,2026-09-06,6,
adopt-me,Goose,goose,2026-09-06,8,
adopt-me,Gorilla,gorilla,2026-09-06,1,
adopt-me,Goth Spike Boots,goth-spike-boots,2026-09-06,1,
adopt-me,Gothic Horns,gothic-horns,2026-09-06,1,
adopt-me,Great Pyrenees,great-pyrenees,2026-09-06,2,
adopt-me,Griffin,griffin,2026-09-06,1,
adopt-me,Grim Dragon,grim-dragon,2026-09-06,1,
adopt-me,Grinder Hat,grinder-hat,2026-09-06,1,
adopt-me,Grinmoire,grinmoire,2026-09-06,2,
adopt-me,Groundhog,groundhog,2026-09-06,4,
adopt-me,Growing Flower Hat,growing-flower-hat,2026-09-06,1,
adopt-me,Grunge Bucket Hat,grunge-bucket-hat,2026-09-06,2,
adopt-me,Guardian Lion,guardian-lion,2026-09-06,1,
adopt-me,Gull Wings,gull-wings-pet-item,2026-09-06,1,
adopt-me,Gumball Caterpillar,gumball-caterpillar,2026-09-06,6,
adopt-me,Gummy Aviator Scarf,gummy-aviator-scarf,2026-09-06,1,
adopt-me,Gummy Biplane,gummy-biplane,2026-09-06,1,
adopt-me,Gummy Goggles,gummy-goggles,2026-09-06,1,
adopt-me,Gummy Guana,gummy-guana,2026-09-06,1,
adopt-me,Haetae,haetae,2026-09-06,3,
adopt-me,Halloween 2024 Sticker Pack,halloween-2024-sticker-pack,2026-09-06,1,
adopt-me,Halloween Black Ponycycle,halloween-black-ponycycle,2026-09-06,2,
adopt-me,Halloween Chick Box,halloween-chick-box,2026-09-06,1,
adopt-me,Halloween Slime Mega Neon Paint,halloween-slime-mega-neon-paint,2026-09-06,1,
adopt-me,Halloween White Ghost Dragon,halloween-white-ghost-dragon,2026-09-06,1,
adopt-me,Halloween White Mummy Cat,halloween-white-mummy-cat,2026-09-06,1,
adopt-me,Halloween White Skeleton Dog,halloween-white-skeleton-dog,2026-09-06,2,
adopt-me,Hamster,hamster,2026-09-06,1,
adopt-me,Hanbok,hanbok,2026-09-06,1,
adopt-me,Happy Clam,happy-clam,2026-09-06,2,
adopt-me,Happy Duckling,happy-duckling,2026-09-06,1,
adopt-me,Hare,hare,2026-09-06,3,
adopt-me,Harp Seal,harp-seal,2026-09-06,3,
adopt-me,Haunted House,haunted-house,2026-09-06,2,
adopt-me,Headless Horseman's Biplane,headless-horsemans-biplane,2026-09-06,1,
adopt-me,Heart Bucket Hat,heart-bucket-hat,2026-09-06,1,
adopt-me,Heart Eyebrows,heart-eyebrows,2026-09-06,1,
adopt-me,Heart Eyepatch,heart-eyepatch,2026-09-06,1,
adopt-me,Heart Throwing Disc,heart-throwing-disc,2026-09-06,1,
adopt-me,Heart Tiara,heart-tiara,2026-09-06,1,
adopt-me,Hedgehog,hedgehog,2026-09-06,1,
adopt-me,Highland Cow,highland-cow,2026-09-06,2,
adopt-me,Honey Badger,honey-badger,2026-09-06,1,
adopt-me,Hot Air Balloon,hot-air-balloon,2026-09-06,1,
adopt-me,Hot Doggo,hot-doggo,2026-09-06,4,
adopt-me,Hot Rod Sleigh,hot-rod-sleigh,2026-09-06,1,
adopt-me,Hovertible,hovertible,2026-09-06,3,
adopt-me,Human Bubble,human-bubble,2026-09-06,1,
adopt-me,Human Feet Shoes,human-feet-shoes,2026-09-06,1,
adopt-me,Humbug,humbug,2026-09-06,1,
adopt-me,Husky,husky,2026-09-06,1,
adopt-me,Hyperspeed Potion,hyperspeed-potion,2026-09-06,1,
adopt-me,Ice Cream Cone Hat,ice-cream-cone-hat,2026-09-06,2,
adopt-me,Ice Cream Heels,ice-cream-heels,2026-09-06,1,
adopt-me,Ice Moth Dragon,ice-moth-dragon,2026-09-06,1,
adopt-me,Ice Queen Sleigh,ice-queen-sleigh,2026-09-06,1,
adopt-me,Ice Shoes,ice-shoes,2026-09-06,1,
adopt-me,Iced Cake Stroller,iced-cake-stroller,2026-09-06,1,
adopt-me,Icy Porcupine,icy-porcupine,2026-09-06,2,
adopt-me,Imagination Box,imagination-box,2026-09-06,1,
adopt-me,Inspector Sherbet Bus,inspector-sherbet-bus,2026-09-06,1,
adopt-me,Irish Elk,irish-elk,2026-09-06,1,
adopt-me,Ivy Necklace,ivy-necklace,2026-09-06,1,
adopt-me,Jekyll Hydra,jekyll-hydra,2026-09-06,0,
adopt-me,Jiggly Jerboa,jiggly-jerboa,2026-09-06,2,
adopt-me,Jiggly Shoes,jiggly-shoes,2026-09-06,1,
adopt-me,Jolly Roger Backpack,jolly-roger-backpack,2026-09-06,1,
adopt-me,Jumping Spider,jumping-spider,2026-09-06,1,
adopt-me,Jungle Egg,jungle-egg,2026-09-06,1,
adopt-me,Kaijunior Hat,kaijunior-hat,2026-09-06,1,
adopt-me,Kakapo,kakapo,2026-09-06,1,
adopt-me,Kangaroo,kangaroo,2026-09-06,7,
adopt-me,Kappakid,kappakid,2026-09-06,1,
adopt-me,Kelp Crewmate,kelp-crewmate,2026-09-06,1,
adopt-me,Kelp Raider Box,kelp-raider-box,2026-09-06,1,
adopt-me,Ketchup and Mustard Jetpack,ketchup-and-mustard-jetpack,2026-09-06,3,
adopt-me,Keyboard Leash,keyboard-leash,2026-09-06,1,
adopt-me,Keyboard Necklace,keyboard-necklace,2026-09-06,1,
adopt-me,Keyboard Skateboard,keyboard-skateboard,2026-09-06,1,
adopt-me,Kid Goat,kid-goat,2026-09-06,6,
adopt-me,King Penguin,king-penguin,2026-09-06,1,
adopt-me,Kitsune,kitsune,2026-09-06,2,
adopt-me,Kitsune Sticker,kitsune-sticker,2026-09-06,1,
adopt-me,Kitty Bat,kitty-bat,2026-09-06,5,
adopt-me,Kiwi Hat,kiwi-hat,2026-09-06,1,
adopt-me,Kiwi Kiwi,kiwi-kiwi,2026-09-06,2,
adopt-me,Koi Carp,koi-carp,2026-09-06,1,
adopt-me,Lamb,lamb,2026-09-06,4,
adopt-me,Laser Disco Skates,laser-disco-skates,2026-09-06,1,
adopt-me,Latte Kitsune,latte-kitsune,2026-09-06,2,
adopt-me,Latte Motorcycle,latte-motorcycle,2026-09-06,2,
adopt-me,Lava Dragon,lava-dragon,2026-09-06,1,
adopt-me,Lava Wolf,lava-wolf,2026-09-06,1,
adopt-me,Lavender Dragon,lavender-dragon,2026-09-06,2,
adopt-me,Lemonade Stand,lemonade-stand,2026-09-06,3,
adopt-me,Leopard Cat,leopard-cat,2026-09-06,1,
adopt-me,Leopard Shark,leopard-shark,2026-09-06,1,
adopt-me,Leviathan,leviathan,2026-09-06,0,
adopt-me,Liger,liger,2026-09-06,1,
adopt-me,Lighthouse Hat,lighthouse-hat,2026-09-06,1,
adopt-me,Limo,limo,2026-09-06,1,
adopt-me,Lion,lion,2026-09-06,1,
adopt-me,Lion Cub,lion-cub,2026-09-06,2,
adopt-me,Llama,llama,2026-09-06,1,
adopt-me,Llamalush Purse Pet,llamalush-purse-pet,2026-09-06,1,
adopt-me,Longhorn Cow,longhorn-cow,2026-09-06,1,
adopt-me,Love Letter,love-letter,2026-09-06,1,
adopt-me,Love Perfume,love-perfume,2026-09-06,1,
adopt-me,Luggage,luggage,2026-09-06,1,
adopt-me,Lunar Moon Bear,lunar-moon-bear,2026-09-06,1,
adopt-me,Lunar Ox,lunar-ox,2026-09-06,1,
adopt-me,Lunar Tiger,lunar-tiger,2026-09-06,1,
adopt-me,Lynx,lynx,2026-09-06,1,
adopt-me,Magic Girl Tennis Racket,magic-girl-tennis-racket,2026-09-06,1,
adopt-me,Magic Wing Badge,magic-wing-badge,2026-09-06,1,
adopt-me,Mahi Mahi,mahi-mahi,2026-09-06,1,
adopt-me,Maine Coon,maine-coon,2026-09-06,2,
adopt-me,Majestic Pony,majestic-pony,2026-09-06,2,
adopt-me,Malayan Tapir,malayan-tapir,2026-09-06,1,
adopt-me,Maneki-Neko,maneki-neko,2026-09-06,2,
adopt-me,Marsh Plush,marsh-plush,2026-09-06,1,
adopt-me,Marshmallow Stand,marshmallow-stand,2026-09-06,1,
adopt-me,Meerkat,meerkat,2026-09-06,2,
adopt-me,Mermaid Mansion,mermaid-mansion,2026-09-06,1,
adopt-me,Mermicorn,mermicorn,2026-09-06,3,
adopt-me,Merry Mistletroll,merry-mistletroll,2026-09-06,2,
adopt-me,Metal Ox,metal-ox,2026-09-06,1,
adopt-me,Mexican Wolf,mexican-wolf,2026-09-06,3,
adopt-me,Milk Choccybunny,milk-choccybunny,2026-09-06,4,
adopt-me,Millionaire Mansion,millionaire-mansion,2026-09-06,1,
adopt-me,Mini Pig,mini-pig,2026-09-06,2,
adopt-me,Mistletroll,mistletroll,2026-09-06,2,
adopt-me,Mochi Meow,mochi-meow,2026-09-06,12,
adopt-me,Mochi Meow Tumble Animated Sticker,mochi-meow-tumble-animated-sticker,2026-09-06,1,
adopt-me,Modern Mansion,modern-mansion,2026-09-06,1,
adopt-me,Monkey Propeller,monkey-propeller,2026-09-06,1,
adopt-me,Monster Friend Hat,monster-friend-hat,2026-09-06,1,
adopt-me,Monstera Plant Pot,monstera-plant-pot,2026-09-06,1,
adopt-me,Moonbeam Peacock,moonbeam-peacock,2026-09-06,1,
adopt-me,Moth Hair Clip,moth-hair-clip,2026-09-06,1,
adopt-me,Motorized Sofa,motorized-sofa-toy,2026-09-06,2,
adopt-me,Mule,mule,2026-09-06,1,
adopt-me,Mule Baskets,mule-baskets,2026-09-06,1,
adopt-me,Munchkin Cat,munchkin-cat,2026-09-06,8,
adopt-me,Musk Ox,musk-ox,2026-09-06,1,
adopt-me,Muskrat,muskrat,2026-09-06,1,
adopt-me,Nautilus,nautilus,2026-09-06,1,
adopt-me,Nessie,nessie,2026-09-06,0,
adopt-me,Nightmare Owl,nightmare-owl,2026-09-06,2,
adopt-me,Ninja Monkey,ninja-monkey,2026-09-06,1,
adopt-me,Noob Doll DIY Chew Toy,noob-voodoo-doll-chew-toy,2026-09-06,1,
adopt-me,Nutcracker Hat,nutcracker-hat,2026-09-06,1,
adopt-me,Oakee,oakee,2026-09-06,1,
adopt-me,Oakee Knight,oakee-knight,2026-09-06,2,
adopt-me,Oakee Wizard,oakee-wizard,2026-09-06,3,
adopt-me,Ocelot,ocelot,2026-09-06,1,
adopt-me,Old King Coal,old-king-coal-pet,2026-09-06,1,
adopt-me,Old Lump of Log Stroller,old-lump-of-log-stroller,2026-09-06,1,
adopt-me,Oni Samurai Hat,oni-samurai-hat,2026-09-06,2,
adopt-me,Onza,onza,2026-09-06,4,
adopt-me,Orange Glasses,orange-glasses,2026-09-06,1,
adopt-me,Orangutan,orangutan,2026-09-06,2,
adopt-me,Orca,orca,2026-09-06,3,
adopt-me,Owl,owl,2026-09-06,2,
adopt-me,Ox,ox,2026-09-06,1,
adopt-me,Ox Box,ox-box,2026-09-06,1,
adopt-me,Paint Sealer,paint-sealer,2026-09-06,5,
adopt-me,Paintbrush Leash,paintbrush-leash,2026-09-06,1,
adopt-me,Palanquin Stroller,palanquin-stroller,2026-09-06,1,
adopt-me,Pancake Stack,pancake-stack,2026-09-06,2,
adopt-me,Panda,panda,2026-09-06,3,
adopt-me,Pangolin,pangolin,2026-09-06,2,
adopt-me,Parrot,parrot,2026-09-06,3,
adopt-me,Patchy Bear,patchy-bear,2026-09-06,2,
adopt-me,Peachick,peachick,2026-09-06,1,
adopt-me,Peacock,peacock,2026-09-06,1,
adopt-me,Pearl Necklace,pearl-necklace,2026-09-06,1,
adopt-me,Penguin,penguin,2026-09-06,1,
adopt-me,Peppermint Penguin,peppermint-penguin,2026-09-06,0,
adopt-me,Pet Handler Pro Certificate,pet-handler-pro-certificate,2026-09-06,5,
adopt-me,Phantom Dragon,phantom-dragon,2026-09-06,3,
adopt-me,Picnic Basket,picnic-basket,2026-09-06,1,
adopt-me,Pig,pig,2026-09-06,3,
adopt-me,Pilot Gull,pilot-gull,2026-09-06,1,
adopt-me,Pink Butterfly Wings,pink-butterfly-wings,2026-09-06,1,
adopt-me,Pink Cat,pink-cat,2026-09-06,1,
adopt-me,Pink Cat Ear Headphones,pink-cat-ear-headphones,2026-09-06,1,
adopt-me,Pink Hightops,pink-hightops,2026-09-06,1,
adopt-me,Pink Lotus,pink-lotus,2026-09-06,1,
adopt-me,Pink Sprinkle Goggles,pink-sprinkle-goggles,2026-09-06,1,
adopt-me,Pink Twintails,pink-twintails,2026-09-06,1,
adopt-me,Pirate Eye Patch,pirate-eye-patch,2026-09-06,1,
adopt-me,Pirate Row Boat,pirate-row-boat,2026-09-06,1,
adopt-me,Pizza Place,pizza-place,2026-09-06,1,
adopt-me,Planetary Core Car,planetary-core-car,2026-09-06,1,
adopt-me,Polar Bear,polar-bear,2026-09-06,2,
adopt-me,Pomeranian,pomeranian,2026-09-06,5,
adopt-me,Ponytail,ponytail,2026-09-06,1,
adopt-me,Poodle,poodle,2026-09-06,3,
adopt-me,Postie Van,postie-van,2026-09-06,1,
adopt-me,Potion Stroller,potion-stroller,2026-09-06,1,
adopt-me,Premium Fire Pit,premium-fire-pit,2026-09-06,1,
adopt-me,Premium Log Bench,premium-log-bench,2026-09-06,1,
adopt-me,Pretty Red Bow,pretty-red-bow,2026-09-06,1,
adopt-me,Priceless Shrimp,priceless-shrimp,2026-09-06,1,
adopt-me,Prince Carriage,prince-carriage,2026-09-06,1,
adopt-me,Princess Booties,princess-booties,2026-09-06,1,
adopt-me,Princess Rattle,princess-rattle,2026-09-06,1,
adopt-me,Pterodactyl,pterodactyl,2026-09-06,2,
adopt-me,Pudding Cat,pudding-cat,2026-09-06,2,
adopt-me,Puffin,puffin,2026-09-06,1,
adopt-me,Puma,puma,2026-09-06,1,
adopt-me,Punk Pony,punk-pony,2026-09-06,1,
adopt-me,Pupcake,pupcake,2026-09-06,13,
adopt-me,Puppeteer Hand,puppeteer-hand,2026-09-06,2,
adopt-me,Puptune,puptune,2026-09-06,4,
adopt-me,Purple & Green Beads,purple-green-beads,2026-09-06,1,
adopt-me,Purple Heart Glasses,purple-heart-glasses,2026-09-06,1,
adopt-me,Purrowl,purrowl,2026-09-06,8,
adopt-me,Queenslander House,queenslander-house,2026-09-06,2,
adopt-me,Quetzalcoatl,quetzalcoatl,2026-09-06,1,
adopt-me,Rainbow Bucket Hat,rainbow-bucket-hat,2026-09-06,1,
adopt-me,Rainbow Leash,rainbow-leash,2026-09-06,1,
adopt-me,Rainbow Maker,rainbow-maker,2026-09-06,3,
adopt-me,Ram,ram,2026-09-06,1,
adopt-me,Rat,rat,2026-09-06,1,
adopt-me,Ratatoskr,ratatoskr,2026-09-06,2,
adopt-me,Rattlesnake,rattlesnake,2026-09-06,1,
adopt-me,Raven Collar,raven-collar,2026-09-06,1,
adopt-me,Red Dutch Guinea Pig,red-dutch-guinea-pig,2026-09-06,1,
adopt-me,Red Fox,red-fox,2026-09-06,2,
adopt-me,Red Ribbon,red-ribbon,2026-09-06,1,
adopt-me,Red Squirrel,red-squirrel,2026-09-06,1,
adopt-me,Regal Chest,regal-chest,2026-09-06,1,
adopt-me,Reindeer Hood,reindeer-hood,2026-09-06,1,
adopt-me,Reindeer Stroller,reindeer-stroller,2026-09-06,2,
adopt-me,Retro 3D Glasses,retro-3d-glasses,2026-09-06,1,
adopt-me,RGB Monster Truck,rgb-monster-truck,2026-09-06,1,
adopt-me,RGB Reward Box,rgb-reward-box,2026-09-06,1,
adopt-me,RGB UFO,rgb-ufo,2026-09-06,2,
adopt-me,Ribbon Seal,ribbon-seal,2026-09-06,1,
adopt-me,Ribcage Carriage,ribcage-carriage,2026-09-06,2,
adopt-me,Ride-A-Pet Potion (Forever),ride-a-pet-potion-forever,2026-09-06,52,
adopt-me,Rift Rider,rift-rider,2026-09-06,1,
adopt-me,Ringmaster Top Hat,ringmaster-top-hat,2026-09-06,1,
adopt-me,River Otter,river-otter,2026-09-06,1,
adopt-me,Robin,robin,2026-09-06,1,
adopt-me,Robot,robot,2026-09-06,2,
adopt-me,Rose,rose,2026-09-06,1,
adopt-me,Rose Pogo,rose-pogo,2026-09-06,1,
adopt-me,Rosy Maple Moth,rosy-maple-moth,2026-09-06,2,
adopt-me,Rotating Periscope,rotating-periscope,2026-09-06,2,
adopt-me,Royal Aztec Egg,royal-aztec-egg,2026-09-06,1,
adopt-me,Royal Capuchin Crown,royal-capuchin-crown,2026-09-06,1,
adopt-me,Royal Capuchin Saber Pin,royal-capuchin-saber-pin,2026-09-06,1,
adopt-me,Royal Egg,royal-egg,2026-09-06,1,
adopt-me,Rubber Ducky,rubber-ducky,2026-09-06,7,
adopt-me,Rubber Ducky Box,rubber-ducky-box,2026-09-06,1,
adopt-me,Sabertooth,sabertooth,2026-09-06,1,
adopt-me,Sado Mole,sado-mole,2026-09-06,1,
adopt-me,Safety Scissors,safety-scissors,2026-09-06,1,
adopt-me,Sakura Spirit,sakura-spirit,2026-09-06,0,
adopt-me,Samoyed,samoyed,2026-09-06,3,
adopt-me,Sandfish,sandfish,2026-09-06,1,
adopt-me,Santa Beard,santa-beard,2026-09-06,1,
adopt-me,Santa's Bow,santas-bow,2026-09-06,1,
adopt-me,Santa's Helper Stroller,santas-helper-stroller,2026-09-06,2,
adopt-me,Scarecrow Crow,scarecrow-crow,2026-09-06,1,
adopt-me,Science Hat,science-hat,2026-09-06,2,
adopt-me,Sea Monster Friend Hat,sea-monster-friend,2026-09-06,1,
adopt-me,Sea Slug,sea-slug,2026-09-06,3,
adopt-me,Sea Turtle,sea-turtle,2026-09-06,7,
adopt-me,Shadow Dragon,shadow-dragon,2026-09-06,6,
adopt-me,Shadow Dragon Ducky,shadow-dragon-ducky,2026-09-06,2,
adopt-me,Shark Puppy,shark-puppy,2026-09-06,1,
adopt-me,Sheeeeep,sheeeeep,2026-09-06,5,
adopt-me,Sheepdog Ducky,sheepdog-ducky,2026-09-06,1,
adopt-me,Sheriff's Badge,sheriffs-badge,2026-09-06,1,
adopt-me,Shetland Pony Dark Brown,shetland-pony-dark-brown,2026-09-06,1,
adopt-me,Shiba Inu,shiba-inu,2026-09-06,1,
adopt-me,Shih Tzu,shih-tzu,2026-09-06,2,
adopt-me,Shiver Cone Bait,shiver-cone-bait,2026-09-06,1,
adopt-me,Shiver Wolf,shiver-wolf,2026-09-06,2,
adopt-me,Show Pony,show-pony,2026-09-06,1,
adopt-me,Shrew,shrew,2026-09-06,1,
adopt-me,Siamese Cat,siamese-cat,2026-09-06,5,
adopt-me,Silly Duck,silly-duck,2026-09-06,1,
adopt-me,Silverback Gorilla,silverback-gorilla,2026-09-06,3,
adopt-me,Skelebat,skelebat,2026-09-06,1,
adopt-me,Skunk,skunk,2026-09-06,1,
adopt-me,Slimingo Feather Teleporter,slimingo-feather-teleporter,2026-09-06,2,
adopt-me,Sloth,sloth,2026-09-06,1,
adopt-me,S'mores Raccoon,smores-raccoon,2026-09-06,5,
adopt-me,Snack and Beverage Carrier,snack-and-beverage-carrier,2026-09-06,1,
adopt-me,Sneak Weasel,sneak-weasel,2026-09-06,3,
adopt-me,Snow Cat,snow-cat,2026-09-06,1,
adopt-me,Snow Cloud Wings,snow-cloud-wings,2026-09-06,1,
adopt-me,Snow Cone Stand,snow-cone-stand,2026-09-06,1,
adopt-me,Snow Leopard,snow-leopard,2026-09-06,3,
adopt-me,Snow Monkey,snow-monkey,2026-09-06,1,
adopt-me,Snow Owl,snow-owl,2026-09-06,6,
adopt-me,Snow Puma,snow-puma,2026-09-06,2,
adopt-me,Snowball Pug,snowball-pug,2026-09-06,2,
adopt-me,Snowman Nose,snowman-nose,2026-09-06,1,
adopt-me,Snowy Mammoth,snowy-mammoth,2026-09-06,4,
adopt-me,Soccer Stadium,soccer-stadium,2026-09-06,1,
adopt-me,Sock Chew Toy,sock-chew-toy,2026-09-06,1,
adopt-me,Solaris,solaris,2026-09-06,3,
adopt-me,Sombrero,sombrero,2026-09-06,1,
adopt-me,Sour Glider,sour-glider,2026-09-06,2,
adopt-me,Space Whale,space-whale,2026-09-06,1,
adopt-me,Spider Web Crown,spider-web-crown,2026-09-06,1,
adopt-me,Spider Web Sticker,spider-web-sticker,2026-09-06,4,
adopt-me,Spiderweb Coffin Backpack,spiderweb-coffin-backpack,2026-09-06,1,
adopt-me,Spinning Teacup Vehicle,spinning-teacup-vehicle,2026-09-06,1,
adopt-me,Spiral Glasses,spiral-glasses,2026-09-06,1,
adopt-me,Spring Bunny Feet,spring-bunny-feet,2026-09-06,1,
adopt-me,Spring Bunny Hood,spring-bunny-hood,2026-09-06,1,
adopt-me,Spring Bunny Nose,spring-bunny-nose,2026-09-06,1,
adopt-me,Spring Glasses,spring-glasses,2026-09-06,1,
adopt-me,Squid,squid,2026-09-06,5,
adopt-me,Squirrel Car,squirrel-car,2026-09-06,1,
adopt-me,Squirty Flower,squirty-flower,2026-09-06,1,
adopt-me,Squished Red Pandorama Sticker,squished-red-pandorama-sticker,2026-09-06,1,
adopt-me,Standard Capuchin Box,standard-capuchin-box,2026-09-06,2,
adopt-me,Standard Gibbon Box,standard-gibbon-box,2026-09-06,1,
adopt-me,Star Hoodie,star-hoodie,2026-09-06,1,
adopt-me,Starfish,starfish,2026-09-06,4,
adopt-me,Stars Egg,stars-egg,2026-09-06,1,
adopt-me,Stegosaurus Chew Toy,stegosaurus-chew-toy,2026-09-06,1,
adopt-me,Steppe Lion,steppe-lion,2026-09-06,1,
adopt-me,Storm Condor,storm-condor,2026-09-06,1,
adopt-me,Strawberry Cake Roll Flying Disc,strawberry-cake-roll-flying-disc,2026-09-06,1,
adopt-me,Strawberry Jam Rattle,strawberry-jam-rattle,2026-09-06,1,
adopt-me,Strawberry Kitty Throw Toy,strawberry-kitty-throw-toy,2026-09-06,1,
adopt-me,Strawberry Penguin,strawberry-penguin,2026-09-06,1,
adopt-me,Strawberry Rattle,strawberry-rattle,2026-09-06,1,
adopt-me,Strawberry Shortcake Bat Dragon,strawberry-shortcake-bat-dragon,2026-09-06,15,
adopt-me,Strawberry Shortcake Bat Dragon Backpack,strawberry-shortcake-bat-dragon-backpack,2026-09-06,1,
adopt-me,Strawberry Shortcake Bat Dragon Sticker,strawberry-shortcake-bat-dragon-sticker,2026-09-06,1,
adopt-me,Strawberry Shortcake Bow,strawberry-shortcake-bow,2026-09-06,1,
adopt-me,Strawberry Shortcake Ducky,strawberry-shortcake-ducky,2026-09-06,3,
adopt-me,Strawberry Stroller,strawberry-stroller,2026-09-06,1,
adopt-me,Strawberry Teapot Leash,strawberry-teapot-leash,2026-09-06,1,
adopt-me,Strawberry Toast Flying Disc,strawberry-toast-flying-disc,2026-09-06,1,
adopt-me,Strawberry Tortle,strawberry-tortle,2026-09-06,0,
adopt-me,Stygian Owl,stygian-owl,2026-09-06,2,
adopt-me,Stylish Messenger Bag,stylish-messenger-bag,2026-09-06,1,
adopt-me,Stylish Neckerchief,stylish-neckerchief,2026-09-06,1,
adopt-me,Subzero Popsicle Bait,subzero-popsicle-bait,2026-09-06,1,
adopt-me,Sugar Axolotl,sugar-axolotl,2026-09-06,1,
adopt-me,Sugar Glider,sugar-glider,2026-09-06,4,
adopt-me,Summer Walrus,summer-walrus,2026-09-06,1,
adopt-me,Sunflower Friend,sunflower-friend,2026-09-06,3,
adopt-me,Sunrise Duckling,sunrise-duckling,2026-09-06,1,
adopt-me,Sushi Penguin,sushi-penguin,2026-09-06,2,
adopt-me,SUV,suv,2026-09-06,1,
adopt-me,Swan Stroller,swan-stroller,2026-09-06,1,
adopt-me,Sweetheart Rat,sweetheart-rat,2026-09-06,4,
adopt-me,T-Rex,t-rex,2026-09-06,2,
adopt-me,Tan Chow-Chow,tan-chow-chow,2026-09-06,2,
adopt-me,Tanuki,tanuki,2026-09-06,1,
adopt-me,Tasmanian Devil,tasmanian-devil,2026-09-06,1,
adopt-me,Teacup Stroller,teacup-stroller,2026-09-06,1,
adopt-me,Tealwood Monster,tealwood-monster,2026-09-06,2,
adopt-me,Tegu,tegu,2026-09-06,2,
adopt-me,Temple Friend,temple-friend,2026-09-06,2,
adopt-me,Theatrical Hat,theatrical-hat,2026-09-06,2,
adopt-me,Therapy Dog,therapy-dog,2026-09-06,2,
adopt-me,Tiny Home,tiny-home,2026-09-06,32,
adopt-me,Tiny Wings,tiny-wings,2026-09-06,1,
adopt-me,Toaster Hat,toaster-hat,2026-09-06,1,
adopt-me,Toaster Tart Backpack,toaster-tart-backpack,2026-09-06,4,
adopt-me,Toilet Stroller,toilet-stroller-toy,2026-09-06,1,
adopt-me,Toucan,toucan,2026-09-06,5,
adopt-me,Traffic Cone,traffic-cone,2026-09-06,1,
adopt-me,Treasure Chest Back Accessory,treasure-chest-back-accessory,2026-09-06,1,
adopt-me,Tree Frog,tree-frog,2026-09-06,4,
adopt-me,Tree Sasquatch,tree-sasquatch,2026-09-06,1,
adopt-me,Tri-horned Treehopper,tri-horned-treehopper,2026-09-06,1,
adopt-me,Triton's Badge,tritons-badge,2026-09-06,1,
adopt-me,Turtle,turtle,2026-09-06,14,
adopt-me,Turtle Doves,turtle-doves,2026-09-06,1,
adopt-me,Tuxedo Cat,tuxedo-cat,2026-09-06,10,
adopt-me,Ugly Holiday Cape,ugly-holiday-cape,2026-09-06,1,
adopt-me,Undead Jousting Horse,undead-jousting-horse,2026-09-06,1,
adopt-me,Unfortunate Eyelashes,unfortunate-eyelashes,2026-09-06,1,
adopt-me,Unicorn,unicorn,2026-09-06,10,
adopt-me,Unicorn Backpack,unicorn-backpack,2026-09-06,1,
adopt-me,Unicorn Ducky,unicorn-ducky,2026-09-06,3,
adopt-me,Unicorn Horn,unicorn-horn,2026-09-06,3,
adopt-me,Vampire Cape,vampire-cape,2026-09-06,1,
adopt-me,Vampire Dragon,vampire-dragon,2026-09-06,2,
adopt-me,Velocirooster,velocirooster,2026-09-06,2,
adopt-me,Velvet Fuschia Mega Neon Pet Paint,velvet-fuschia-mega-neon-pet-paint,2026-09-06,1,
adopt-me,Venus Fly Trap Rattle,venus-fly-trap-rattle,2026-09-06,1,
adopt-me,Viking Beard,viking-beard,2026-09-06,1,
adopt-me,Villainous Eyebrows,villainous-eyebrows,2026-09-06,1,
adopt-me,Waffle Coat,waffle-coat,2026-09-06,1,
adopt-me,Waffle Staff,waffle-staff,2026-09-06,1,
adopt-me,Waffle Top Hat,waffle-top-hat,2026-09-06,1,
adopt-me,Waffle Wyrm,waffle-wyrm,2026-09-06,2,
adopt-me,Water Moon Bear,water-moon-bear,2026-09-06,3,
adopt-me,Water Rabbit,water-rabbit,2026-09-06,1,
adopt-me,Watermelon Hat,watermelon-hat,2026-09-06,1,
adopt-me,Watermelon Shoes,watermelon-shoes,2026-09-06,1,
adopt-me,"Well, Actually Walrus Sticker",well-actually-walrus-sticker,2026-09-06,1,
adopt-me,Werewolf,werewolf,2026-09-06,4,
adopt-me,Whipped Cream Hat,whipped-cream-hat,2026-09-06,1,
adopt-me,White Choccybunny,white-choccybunny,2026-09-06,2,
adopt-me,White Sand Dollar,white-sand-dollar,2026-09-06,1,
adopt-me,Wing Hang Glider,wing-hang-glider,2026-09-06,1,
adopt-me,Winged Tiger,winged-tiger,2026-09-06,0,
adopt-me,Winter Deer Bait,winter-deer-bait,2026-09-06,1,
adopt-me,Witch's Caravan,witchs-caravan,2026-09-06,2,
adopt-me,Wood Pigeon,wood-pigeon,2026-09-06,1,
adopt-me,Wooden Pan Flute,wooden-pan-flute,2026-09-06,1,
adopt-me,Y2K Shades,y2k-shades,2026-09-06,1,
adopt-me,Yarn Beanie,yarn-beanie,2026-09-06,1,
adopt-me,Yellow Butterfly,yellow-butterfly,2026-09-06,2,
adopt-me,Yeti,yeti,2026-09-06,1,
adopt-me,Zebra,zebra,2026-09-06,1,
adopt-me,Zebra Backpack,zebra-backpack,2026-09-06,1,
adopt-me,Zodiac Minion Chick,zodiac-minion-chick,2026-09-06,1,
adopt-me,Zombie Buffalo,zombie-buffalo,2026-09-06,1,
adopt-me,Zombie Chick,zombie-chick,2026-09-06,1,
adopt-me,Zombie Wolf,zombie-wolf,2026-09-06,5,
adopt-me,Pet/Baby Sitting,,2026-09-06,4,
adopt-me,Mr. Whiskerpips,,2026-09-06,1,
adopt-me,Sneaky Newspaper,,2026-09-06,1,
adopt-me,Pinkypillar,,2026-09-06,2,
adopt-me,Huntsman Robin,,2026-09-06,11,
adopt-me,Fairytale Egg,,2026-09-06,5,
adopt-me,Summer Camp 2026 Sticker Pack,,2026-09-06,2,
adopt-me,Pride Sticker Pack ,,2026-09-06,1,
adopt-me,Sheepdog Fluff,,2026-09-06,1,
adopt-me,Stocked Santa Sleigh,,2026-09-06,2,
adopt-me,Ms. Muffet,,2026-09-06,4,
adopt-me,Stygian Hang Glider,,2026-09-06,2,
adopt-me,Budgie Witch,,2026-09-06,1,
adopt-me,Crimson Cape,,2026-09-06,6,
adopt-me,Personal Sheepdog Car,,2026-09-06,2,
adopt-me,Little Lamb,,2026-09-06,3,
adopt-me,Princess Mare,,2026-09-06,5,
adopt-me,Ship in a Bottle Throw Toy,,2026-09-06,1,
adopt-me,Pistachio,,2026-09-06,1,
adopt-me,Clumpty,,2026-09-06,1,
adopt-me,Busy Body Potion,,2026-09-06,1,
adopt-me,Cloud Grappling Hook,,2026-09-06,1,
adopt-me,2D Wings,,2026-09-06,1,
adopt-me,2026 Birthday Sticker,,2026-09-06,1,
adopt-me,Granny Wolf,,2026-09-06,3,
adopt-me,Sheepdog Army Hair,,2026-09-06,1,
adopt-me,Fishing Bobber Chew Toy,,2026-09-06,1,
adopt-me,Fishing Bucket Hat,,2026-09-06,1,
adopt-me,Lucky Clover Glasses,,2026-09-06,1,
adopt-me,Stormy Grappling Hook,,2026-09-06,1,
adopt-me,Mrs. Whiskerpips,,2026-09-06,1,
adopt-me,2021 Uplift Butterfly,2021-uplift-butterfly,2026-09-07,1,0
adopt-me,2025 Bauble Sticker,2025-bauble-sticker,2026-09-07,1,0
adopt-me,2025 Birthday Butterfly,2025-birthday-butterfly,2026-09-07,1,0
adopt-me,2026 Birthday Butterfly,2026-birthday-butterfly,2026-09-07,1,0
adopt-me,2D Kitty,2d-kitty,2026-09-07,1,0
adopt-me,2D Kitty Sticker,2d-kitty-sticker,2026-09-07,1,0
adopt-me,2D Pencil Rattle,2d-pencil-rattle,2026-09-07,2,0
adopt-me,2D Top Hat,2d-top-hat,2026-09-07,1,0
adopt-me,3D Printer Hat,3d-printer-hat,2026-09-07,1,0
adopt-me,Aberdeen Angus Box,aberdeen-angus-box,2026-09-07,1,0
adopt-me,Abyssinian Cat,abyssinian-cat,2026-09-07,2,0
adopt-me,African Painted Dog Sticker,african-painted-dog-sticker,2026-09-07,1,0
adopt-me,Alicorn,alicorn,2026-09-07,4,0
adopt-me,Alley Cat,alley-cat,2026-09-07,1,0
adopt-me,Amber Butterfly,amber-butterfly,2026-09-07,1,0
adopt-me,Anchor Balloon,anchor-balloon,2026-09-07,1,0
adopt-me,Ancient Dragon,ancient-dragon,2026-09-07,4,0
adopt-me,Angelic Propeller,angelic-propeller,2026-09-07,1,0
adopt-me,Angus Bull,angus-bull,2026-09-07,5,0
adopt-me,Angus Calf,angus-calf,2026-09-07,2,0
adopt-me,Angus Calf Sticker,angus-calf-sticker,2026-09-07,1,0
adopt-me,Angus Cow,angus-cow,2026-09-07,3,0
adopt-me,Ant,ant,2026-09-07,1,0
adopt-me,Arctic Dusk Dragon Sticker,arctic-dusk-dragon-sticker,2026-09-07,1,0
adopt-me,Arctic Fox,arctic-fox,2026-09-07,1,0
adopt-me,Arctic Hare,arctic-hare,2026-09-07,1,0
adopt-me,Ash Zebra,ash-zebra,2026-09-07,1,0
adopt-me,Australian Kelpie,australian-kelpie,2026-09-07,1,0
adopt-me,Aviators,aviators,2026-09-07,1,0
adopt-me,Avocado Robinado Plush,avocado-robinado-plush,2026-09-07,2,0
adopt-me,Axolotl Sticker,axolotl-sticker,2026-09-07,1,0
adopt-me,Aye Aye,aye-aye,2026-09-07,3,0
adopt-me,Aztec Egg,aztec-egg,2026-09-07,2,0
adopt-me,Back Pencil,back-pencil,2026-09-07,1,0
adopt-me,Bacon and Eggs Throw Toy,bacon-and-eggs-throw-toy,2026-09-07,1,0
adopt-me,Badger,badger,2026-09-07,1,0
adopt-me,Badly Wrapped Toy Sword,badly-wrapped-toy-sword,2026-09-07,1,0
adopt-me,Bakeneko,bakeneko,2026-09-07,2,0
adopt-me,Balloon Flower Hat,balloon-flower-hat,2026-09-07,1,0
adopt-me,Balloon Unicorn,balloon-unicorn,2026-09-07,2,0
adopt-me,Bamboo Earrings,bamboo-earrings,2026-09-07,1,0
adopt-me,Bandicoot,bandicoot,2026-09-07,1,0
adopt-me,Basic Egg,basic-egg,2026-09-07,1,0
adopt-me,Basilisk,basilisk,2026-09-07,2,0
adopt-me,Bat Dragon,bat-dragon,2026-09-07,4,0
adopt-me,Bauble Necklace,bauble-necklace,2026-09-07,2,0
adopt-me,Bear Cap,bear-cap,2026-09-07,2,0
adopt-me,Bear Head Plush,bear-head-plush,2026-09-07,1,0
adopt-me,Bear Hood,bear-hood,2026-09-07,1,0
adopt-me,Bear Keychain,bear-keychain,2026-09-07,1,0
adopt-me,Bear Winter Hat,bear-winter-hat,2026-09-07,2,0
adopt-me,Beaver,beaver,2026-09-07,2,0
adopt-me,Bee,bee,2026-09-07,2,0
adopt-me,Bee Hive,bee-hive,2026-09-07,1,0
adopt-me,Bi Pride Pin,bi-pride-pin,2026-09-07,1,0
adopt-me,Big Head Potion,big-head-potion,2026-09-07,1,0
adopt-me,Big Log Throw Toy,big-log-throw-toy,2026-09-07,1,0
adopt-me,Bird of Paradise,bird-of-paradise,2026-09-07,1,0
adopt-me,Birthday Butterfly 2024,birthday-butterfly-2024,2026-09-07,1,0
adopt-me,Bison,bison,2026-09-07,2,0
adopt-me,Black Cozy Hood,black-cozy-hood,2026-09-07,1,0
adopt-me,Black Fedora,black-fedora,2026-09-07,1,0
adopt-me,Black-Footed Ferret,black-footed-ferret,2026-09-07,3,0
adopt-me,Black Marlin,black-marlin,2026-09-07,2,0
adopt-me,Black Rhino,black-rhino,2026-09-07,1,0
adopt-me,Black Skateboard,black-skateboard,2026-09-07,1,0
adopt-me,Black Tiger,black-tiger,2026-09-07,1,0
adopt-me,Black Widow,black-widow,2026-09-07,0,1
adopt-me,Blue Butterfly,blue-butterfly,2026-09-07,3,0
adopt-me,Blue Jay,blue-jay,2026-09-07,1,0
adopt-me,Blue Sneakers,blue-sneakers,2026-09-07,1,0
adopt-me,Blue Whale,blue-whale,2026-09-07,3,0
adopt-me,Boba Tea Chew Toy,boba-tea-chew-toy,2026-09-07,1,0
adopt-me,Bone Wings,bone-wings,2026-09-07,1,0
adopt-me,Boots,boots,2026-09-07,1,0
adopt-me,Border Collie,border-collie,2026-09-07,1,0
adopt-me,Brachiosaurus,brachiosaurus,2026-09-07,2,0
adopt-me,Bready Necklace,bready-necklace,2026-09-07,1,0
adopt-me,Bubble Wand,bubble-wand,2026-09-07,1,0
adopt-me,Bucket Shoes,bucket-shoes,2026-09-07,1,0
adopt-me,Bullfrog,bullfrog,2026-09-07,1,0
adopt-me,Bullfrog Sticker,bullfrog-sticker,2026-09-07,1,0
adopt-me,Bunny,bunny,2026-09-07,1,0
adopt-me,Bunny Balloon,bunny-balloon,2026-09-07,1,0
adopt-me,Bunny Ear Tiara,bunny-ear-tiara,2026-09-07,1,0
adopt-me,Bunny Swirl,bunny-swirl,2026-09-07,2,0
adopt-me,Bunting Leash,bunting-leash,2026-09-07,2,0
adopt-me,Burger Bear,burger-bear,2026-09-07,2,0
adopt-me,Burger Bun Hat,burger-bun-hat,2026-09-07,2,0
adopt-me,Burger Plushie,burger-plushie,2026-09-07,2,0
adopt-me,Burning Bunny,burning-bunny,2026-09-07,1,0
adopt-me,Butterfly Headphones,butterfly-headphones,2026-09-07,1,0
adopt-me,Cabbit,cabbit,2026-09-07,2,0
adopt-me,Cactus Balloon,cactus-balloon,2026-09-07,1,0
adopt-me,Cactus Bat,cactus-bat,2026-09-07,2,0
adopt-me,Cactus Friend Plushie,cactus-friend-plushie,2026-09-07,1,0
adopt-me,California Condor,california-condor,2026-09-07,1,0
adopt-me,Camel,camel,2026-09-07,3,0
adopt-me,Camera Hat,camera-hat,2026-09-07,2,0
adopt-me,Candicorn,candicorn,2026-09-07,3,0
adopt-me,Candicorn Sticker,candicorn-sticker,2026-09-07,1,0
adopt-me,Candy Camper,candy-camper,2026-09-07,1,0
adopt-me,Candy Cane Snail,candy-cane-snail,2026-09-07,2,0
adopt-me,Candy Cliffs Hat,candy-cliffs-hat,2026-09-07,2,0
adopt-me,Candy Copper Hat,candy-copper-hat,2026-09-07,1,0
adopt-me,Candy Corn Cape,candy-corn-cape,2026-09-07,1,0
adopt-me,Candy Hare,candy-hare,2026-09-07,1,1
adopt-me,Candyfloss Sticker,candyfloss-sticker,2026-09-07,1,0
adopt-me,Capricorn Sticker,capricorn-sticker,2026-09-07,1,0
adopt-me,Captain's Jacket,captains-jacket,2026-09-07,1,0
adopt-me,Captain's Wheel Throw Toy,captains-wheel-throw-toy,2026-09-07,1,0
adopt-me,Carrot Bushel,carrot-bushel,2026-09-07,1,0
adopt-me,Carrot Headphones,carrot-headphones,2026-09-07,1,0
adopt-me,Carrot Sprout,carrot-sprout,2026-09-07,1,0
adopt-me,Cat,cat,2026-09-07,4,0
adopt-me,Cat Backpack,cat-backpack,2026-09-07,1,0
adopt-me,Cat Hood,cat-hood,2026-09-07,1,0
adopt-me,Catapult Stroller,catapult-stroller,2026-09-07,2,0
adopt-me,Caterpillar,caterpillar,2026-09-07,1,0
adopt-me,Celestial Balloon,celestial-balloon,2026-09-07,1,0
adopt-me,Cerberus,cerberus,2026-09-07,0,3
adopt-me,Chakram Flying Disk,chakram-flying-disk,2026-09-07,2,0
adopt-me,Chameleon,chameleon,2026-09-07,1,0
adopt-me,Chameleon Sticker,chameleon-sticker,2026-09-07,1,0
adopt-me,Chandelier Pogo Stick,chandelier-pogo-stick,2026-09-07,1,0
adopt-me,Chanekeh,chanekeh,2026-09-07,1,0
adopt-me,Chattering Teeth Toy,chattering-teeth-toy,2026-09-07,1,0
adopt-me,Chef Gorilla,chef-gorilla,2026-09-07,1,0
adopt-me,Cherry Balloon,cherry-balloon,2026-09-07,1,0
adopt-me,Cherry Blossom Hang Glider,cherry-blossom-hang-glider,2026-09-07,3,0
adopt-me,Cherub Chipmunk,cherub-chipmunk,2026-09-07,3,0
adopt-me,Chestnut Glyptodon,chestnut-glyptodon,2026-09-07,1,0
adopt-me,Chick Backpack,chick-backpack,2026-09-07,1,0
adopt-me,Chick Sticker,chick-sticker,2026-09-07,1,0
adopt-me,Chickatrice,chickatrice,2026-09-07,1,0
adopt-me,Chicken,chicken,2026-09-07,1,0
adopt-me,Choccybunny Box,choccybunny-box,2026-09-07,2,0
adopt-me,Chocolate Chip Bat Dragon,chocolate-chip-bat-dragon,2026-09-07,2,0
adopt-me,Chocolate Labrador,chocolate-labrador,2026-09-07,2,0
adopt-me,Choo Choo Train,choo-choo-train,2026-09-07,1,0
adopt-me,Christmas Future Egg,christmas-future-egg,2026-09-07,2,0
adopt-me,Christmas Pudding House,christmas-pudding-house,2026-09-07,1,0
adopt-me,Christmas Spirit,christmas-spirit,2026-09-07,1,0
adopt-me,Cinnamon Roasted Almonds,cinnamon-roasted-almonds,2026-09-07,2,0
adopt-me,Cinnamon Roll,cinnamon-roll,2026-09-07,1,0
adopt-me,Clementine Owl,clementine-owl,2026-09-07,1,0
adopt-me,Clover Cow,clover-cow,2026-09-07,3,0
adopt-me,Clownfish,clownfish,2026-09-07,1,0
adopt-me,Cockroach,cockroach,2026-09-07,1,0
adopt-me,Cocoadile,cocoadile,2026-09-07,2,0
adopt-me,Cocoadile Hat,cocoadile-hat,2026-09-07,1,0
adopt-me,Coconut Drink,coconut-drink,2026-09-07,1,0
adopt-me,Coconut Friend Sticker,coconut-friend-sticker,2026-09-07,1,0
adopt-me,Coconut Stroller,coconut-stroller,2026-09-07,1,0
adopt-me,Cookie Plate Propeller,cookie-plate-propeller,2026-09-07,2,0
adopt-me,Cookie Sabre,cookie-sabre,2026-09-07,1,0
adopt-me,Cookie Unicycle,cookie-unicycle,2026-09-07,2,0
adopt-me,Cool Quad Skates,cool-quad-skates,2026-09-07,1,0
adopt-me,Cosy Snow Scarf,cosy-snow-scarf,2026-09-07,1,0
adopt-me,Cotton Candy Hat,cotton-candy-hat,2026-09-07,1,0
adopt-me,Cotton Candy Stick,cotton-candy-stick,2026-09-07,2,0
adopt-me,Cow,cow,2026-09-07,6,0
adopt-me,Cow Calf,cow-calf,2026-09-07,2,0
adopt-me,Cowry Shell Clip,cowry-shell-clip,2026-09-07,1,0
adopt-me,Coyote,coyote,2026-09-07,1,0
adopt-me,Crab,crab,2026-09-07,1,0
adopt-me,Criosphinx,criosphinx,2026-09-07,2,0
adopt-me,Crocodile,crocodile,2026-09-07,1,0
adopt-me,Crow,crow,2026-09-07,3,0
adopt-me,Crow's Nest Balloon,crows-nest-balloon,2026-09-07,1,0
adopt-me,Cryptid,cryptid,2026-09-07,7,0
adopt-me,Crystal Necklace,crystal-necklace,2026-09-07,2,0
adopt-me,Cuddly Candle,cuddly-candle,2026-09-07,2,0
adopt-me,Cupcake Hat,cupcake-hat,2026-09-07,1,0
adopt-me,Cure All Potion,cure-all-potion,2026-09-07,2,0
adopt-me,Cursed Skull Balloon,cursed-skull-balloon,2026-09-07,1,0
adopt-me,Da Vinci Propeller,da-vinci-propeller,2026-09-07,1,0
adopt-me,Dalmatian,dalmatian,2026-09-07,4,0
adopt-me,Dango Penguins,dango-penguins,2026-09-07,1,0
adopt-me,Dark Choccybunny,dark-choccybunny,2026-09-07,1,0
adopt-me,Deinonychus,deinonychus,2026-09-07,2,0
adopt-me,Demi Pride Pin,demi-pride-pin,2026-09-07,1,0
adopt-me,Desert Drum,desert-drum,2026-09-07,1,0
adopt-me,Diamond Dragon,diamond-dragon,2026-09-07,4,0
adopt-me,Diamond Egg,diamond-egg,2026-09-07,1,0
adopt-me,Diamond Glasses,diamond-glasses,2026-09-07,1,0
adopt-me,Diamond Griffin,diamond-griffin,2026-09-07,2,0
adopt-me,Diamond Hamster,diamond-hamster,2026-09-07,1,0
adopt-me,Diamond Mahi Mahi,diamond-mahi-mahi,2026-09-07,2,0
adopt-me,Didgeridoo,didgeridoo,2026-09-07,1,0
adopt-me,Dimension Drifter,dimension-drifter,2026-09-07,2,0
adopt-me,Dimorphodon Fossil,dimorphodon-fossil,2026-09-07,1,0
adopt-me,Dingo,dingo,2026-09-07,1,0
adopt-me,Dire Stag,dire-stag,2026-09-07,0,1
adopt-me,Dire Wolf,dire-wolf,2026-09-07,2,0
adopt-me,Dirty Ducky,dirty-ducky,2026-09-07,1,0
adopt-me,Dodo,dodo,2026-09-07,3,0
adopt-me,Dog,dog,2026-09-07,5,0
adopt-me,Dog Sticker,dog-sticker,2026-09-07,1,0
adopt-me,Dolphin,dolphin,2026-09-07,1,0
adopt-me,Donkey,donkey,2026-09-07,3,0
adopt-me,Donkey Sticker,donkey-sticker,2026-09-07,1,0
adopt-me,Donut Stroller,donut-stroller,2026-09-07,2,0
adopt-me,Doodle Glasses,doodle-glasses,2026-09-07,1,0
adopt-me,Dotted Eggy Sticker,dotted-eggy-sticker,2026-09-07,1,0
adopt-me,Dracula Fish,dracula-fish,2026-09-07,1,0
adopt-me,Dracula Parrot,dracula-parrot,2026-09-07,2,0
adopt-me,Dragon,dragon,2026-09-07,5,0
adopt-me,Dragon Eye Patch,dragon-eye-patch,2026-09-07,1,0
adopt-me,Dragon Sticker,dragon-sticker,2026-09-07,1,0
adopt-me,Dragon Train,dragon-train,2026-09-07,0,1
adopt-me,Dragonfly,dragonfly,2026-09-07,2,0
adopt-me,Dragonfruit Fox,dragonfruit-fox,2026-09-07,1,0
adopt-me,Drone Propeller,drone-propeller,2026-09-07,1,0
adopt-me,Duck Feet,duck-feet,2026-09-07,1,0
adopt-me,Easter Bunny,easter-bunny,2026-09-07,3,0
adopt-me,Easter Egg Friends,easter-egg-friends,2026-09-07,1,0
adopt-me,Eaten Watermelon,eaten-watermelon,2026-09-07,2,0
adopt-me,Eclipse Flying Disc,eclipse-flying-disc,2026-09-07,2,0
adopt-me,Eco Brown Pinecone Earrings,eco-brown-pinecone-earrings,2026-09-07,1,0
adopt-me,Eco Green Vine Barrette,eco-green-vine-barrette,2026-09-07,1,0
adopt-me,Eco Orange Leaf Wings,eco-orange-leaf-wings,2026-09-07,1,0
adopt-me,Eco Orange Maple Headpiece,eco-orange-maple-headpiece,2026-09-07,2,0
adopt-me,Eco Orange Maple Leaf Mustache,eco-orange-maple-leaf-mustache,2026-09-07,1,0
adopt-me,Egg Basket Sticker,egg-basket-sticker,2026-09-07,1,0
adopt-me,Egg Delivery Machine,egg-delivery-machine,2026-09-07,2,0
adopt-me,Ehecatl,ehecatl,2026-09-07,3,0
adopt-me,Elf Hat,elf-hat,2026-09-07,2,0
adopt-me,Elf Shoes,elf-shoes,2026-09-07,1,0
adopt-me,Emberlight,emberlight,2026-09-07,2,0
adopt-me,Emu,emu,2026-09-07,1,0
adopt-me,Enby Pride Pin,enby-pride-pin,2026-09-07,2,0
adopt-me,Endangered Egg,endangered-egg,2026-09-07,3,0
adopt-me,Energy Ball Throw Toy,energy-ball-throw-toy,2026-09-07,1,0
adopt-me,Ermine,ermine,2026-09-07,2,0
adopt-me,Evil Basilisk,evil-basilisk,2026-09-07,1,0
adopt-me,Evil Chickatrice,evil-chickatrice,2026-09-07,1,0
adopt-me,Evil Unicorn,evil-unicorn,2026-09-07,4,0
adopt-me,Fairy Bat Dragon,fairy-bat-dragon,2026-09-07,3,1
adopt-me,Fairy Rose Light Rattle,fairy-rose-light-rattle,2026-09-07,1,0
adopt-me,Fall Badge,fall-badge,2026-09-07,1,0
adopt-me,Fall Donut Glasses,fall-donut-glasses,2026-09-07,1,0
adopt-me,Fallow Deer,fallow-deer,2026-09-07,1,0
adopt-me,Feather Boa,feather-boa,2026-09-07,1,0
adopt-me,Fennec Fox,fennec-fox,2026-09-07,3,0
adopt-me,Festive Striped Scarf,festive-striped-scarf,2026-09-07,2,0
adopt-me,Festive Wreath Sticker,festive-wreath-sticker,2026-09-07,2,0
adopt-me,Field Mouse Sticker,field-mouse-sticker,2026-09-07,1,0
adopt-me,Fire Dimension Portal Sticker,fire-dimension-portal-sticker,2026-09-07,1,0
adopt-me,Fire Extinguisher Backpack,fire-extinguisher-backpack,2026-09-07,1,0
adopt-me,Fire Foal,fire-foal,2026-09-07,4,0
adopt-me,Fire Hose Scarf,fire-hose-scarf,2026-09-07,1,0
adopt-me,Firefighter Boots,firefighter-boots,2026-09-07,1,0
adopt-me,First Aid Bag,first-aid-bag,2026-09-07,2,0
adopt-me,Fish on a Stick Chew Toy,fish-on-a-stick-chew-toy,2026-09-07,1,0
adopt-me,Fishers' Headdress,fishers-headdress,2026-09-07,2,0
adopt-me,Fishing Tackle Grappling Hook,fishing-tackle-grappling-hook,2026-09-07,2,0
adopt-me,Flame Pogostick,flame-pogostick,2026-09-07,1,0
adopt-me,Flamingo Sticker,flamingo-sticker,2026-09-07,1,0
adopt-me,Flatfish Throwing Disc,flatfish-throwing-disc,2026-09-07,2,0
adopt-me,Fleur De Ice,fleur-de-ice,2026-09-07,1,0
adopt-me,Floppy Bunny Plushie,floppy-bunny-plushie,2026-09-07,1,0
adopt-me,Flower Power Duckling,flower-power-duckling,2026-09-07,1,0
adopt-me,Flower Scarf,flower-scarf,2026-09-07,1,0
adopt-me,Fluffy Earmuffs,fluffy-earmuffs,2026-09-07,1,0
adopt-me,Fly-A-Pet Potion (Forever),fly-a-pet-potion-forever,2026-09-07,7,1
adopt-me,Flying Fish Wings,flying-fish-wings-pet-item,2026-09-07,1,0
adopt-me,Forest Sprite,forest-sprite,2026-09-07,1,0
adopt-me,Forest Warden Hat,forest-warden-hat,2026-09-07,1,0
adopt-me,Forgotten Flower,forgotten-flower,2026-09-07,2,0
adopt-me,Fortune Teller Hood,fortune-teller-hood,2026-09-07,1,0
adopt-me,Fossa,fossa,2026-09-07,1,0
adopt-me,Fossil Egg,fossil-egg,2026-09-07,3,0
adopt-me,Fox Sticker,fox-sticker,2026-09-07,2,0
adopt-me,Frankenfeline,frankenfeline,2026-09-07,1,1
adopt-me,Frankenfeline Sticker,frankenfeline-sticker,2026-09-07,1,0
adopt-me,Frog in a Pitcher Leash,frog-in-a-pitcher-leash,2026-09-07,1,0
adopt-me,Frog Sticker,frog-sticker,2026-09-07,2,0
adopt-me,Froggy Stroller,froggy-stroller,2026-09-07,3,0
adopt-me,Frost Dragon,frost-dragon,2026-09-07,1,0
adopt-me,Frost Fury,frost-fury,2026-09-07,2,0
adopt-me,Frostbite Bear and Cub Animated Sticker,frostbite-bear-and-cub-animated-sticker,2026-09-07,1,0
adopt-me,Frozen Balloon,frozen-balloon,2026-09-07,2,0
adopt-me,Frozen Penguin,frozen-penguin,2026-09-07,1,0
adopt-me,Fur Tuft,fur-tuft,2026-09-07,1,0
adopt-me,Futuristic Grapple,futuristic-grapple,2026-09-07,1,0
adopt-me,Futuristic House,futuristic-house,2026-09-07,1,0
adopt-me,Galapagos Sea Lion,galapagos-sea-lion,2026-09-07,3,0
adopt-me,Galaxy Collar,galaxy-collar,2026-09-07,1,0
adopt-me,Garden Egg,garden-egg,2026-09-07,1,0
adopt-me,Garden Snake,garden-snake,2026-09-07,1,0
adopt-me,Gay Pride Pin,gay-pride-pin,2026-09-07,2,0
adopt-me,Gay Snake in a Boot Sticker,gay-snake-in-a-boot-sticker,2026-09-07,1,0
adopt-me,Gecko,gecko,2026-09-07,1,0
adopt-me,Gecko Ducky,gecko-ducky,2026-09-07,2,0
adopt-me,Gender Fluid Ghost Dog Sticker,gender-fluid-ghost-dog-sticker,2026-09-07,1,0
adopt-me,Gender Queer Pride Pin,gender-queer-pride-pin,2026-09-07,1,0
adopt-me,Genderqueer Seahorse Sticker,genderqueer-seahorse-sticker,2026-09-07,1,0
adopt-me,German Shepherd,german-shepherd,2026-09-07,1,2
adopt-me,Germany Bucket Hat,germany-bucket-hat,2026-09-07,1,0
adopt-me,Ghost,ghost,2026-09-07,1,0
adopt-me,Ghost Bunny,ghost-bunny,2026-09-07,1,0
adopt-me,Ghost Dog Sticker,ghost-dog-sticker,2026-09-07,1,0
adopt-me,Ghost Wolf,ghost-wolf,2026-09-07,1,0
adopt-me,Giant Anteater,giant-anteater,2026-09-07,1,0
adopt-me,Giant Black Scarab,giant-black-scarab,2026-09-07,3,0
adopt-me,Giant Cheetah Mount,giant-cheetah-mount,2026-09-07,0,1
adopt-me,Giant Gold Scarab,giant-gold-scarab,2026-09-07,2,0
adopt-me,Giant Panda,giant-panda,2026-09-07,1,0
adopt-me,Gibbon,gibbon,2026-09-07,2,0
adopt-me,Ginger Cat,ginger-cat,2026-09-07,3,0
adopt-me,Ginger Cat Sticker,ginger-cat-sticker,2026-09-07,1,0
adopt-me,Gingerbread Mouse,gingerbread-mouse,2026-09-07,1,0
adopt-me,Gingerbread Pogo Stick,gingerbread-pogo-stick,2026-09-07,1,0
adopt-me,Gingerbread Wings,gingerbread-wings,2026-09-07,1,0
adopt-me,Giraffe Bucket Hat,giraffe-bucket-hat,2026-09-07,1,0
adopt-me,Glormy Backpack,glormy-backpack,2026-09-07,1,0
adopt-me,Glormy Dolphin,glormy-dolphin,2026-09-07,2,0
adopt-me,Glormy Hound,glormy-hound,2026-09-07,1,0
adopt-me,Glowing Skull Key,glowing-skull-key,2026-09-07,1,0
adopt-me,Glyptodon,glyptodon,2026-09-07,1,0
adopt-me,Glyptodon Ducky,glyptodon-ducky,2026-09-07,1,0
adopt-me,Gold Circle Glasses,gold-circle-glasses,2026-09-07,1,0
adopt-me,Gold Mahi Mahi,gold-mahi-mahi,2026-09-07,2,0
adopt-me,Gold Tiara,gold-tiara,2026-09-07,1,0
adopt-me,Golden Dragon,golden-dragon,2026-09-07,2,0
adopt-me,Golden Egg,golden-egg,2026-09-07,1,0
adopt-me,Golden Griffin,golden-griffin,2026-09-07,2,0
adopt-me,Golden Hummingbird,golden-hummingbird,2026-09-07,1,0
adopt-me,Golden Ladybug,golden-ladybug,2026-09-07,1,0
adopt-me,Golden Penguin,golden-penguin,2026-09-07,1,0
adopt-me,Golden Rings Flying Disc,golden-rings-flying-disc,2026-09-07,2,0
adopt-me,Golden Scale Pogo Stick,golden-scale-pogo-stick,2026-09-07,1,0
adopt-me,Golden Tortoise Beetle,golden-tortoise-beetle,2026-09-07,2,0
adopt-me,Golden Unicorn,golden-unicorn,2026-09-07,1,0
adopt-me,Goldfish,goldfish,2026-09-07,2,0
adopt-me,Goldhorn,goldhorn,2026-09-07,1,0
adopt-me,Goose,goose,2026-09-07,5,0
adopt-me,Goose Sticker,goose-sticker,2026-09-07,1,0
adopt-me,Gorilla,gorilla,2026-09-07,2,0
adopt-me,Grape Earrings,grape-earrings,2026-09-07,2,0
adopt-me,Grave Owl,grave-owl,2026-09-07,2,0
adopt-me,Green-Chested Pheasant,green-chested-pheasant,2026-09-07,1,0
adopt-me,Green Headscarf,green-headscarf,2026-09-07,2,0
adopt-me,Grim Dragon,grim-dragon,2026-09-07,0,1
adopt-me,Grinmoire,grinmoire,2026-09-07,2,0
adopt-me,Ground Sloth,ground-sloth,2026-09-07,1,0
adopt-me,Gull Wings,gull-wings-pet-item,2026-09-07,1,0
adopt-me,Gumball Caterpillar,gumball-caterpillar,2026-09-07,6,0
adopt-me,Gumball Paws,gumball-paws,2026-09-07,1,0
adopt-me,Gummy Aviator Scarf,gummy-aviator-scarf,2026-09-07,1,0
adopt-me,Gummy Guana,gummy-guana,2026-09-07,1,0
adopt-me,Haetae,haetae,2026-09-07,2,0
adopt-me,Halloween Black Mummy Cat,halloween-black-mummy-cat,2026-09-07,1,0
adopt-me,Halloween Orange Pumpkin DIY Doll,halloween-orange-pumpkin-voodoo-doll,2026-09-07,1,0
adopt-me,Halloween White Ghost Balloon,halloween-white-ghost-balloon,2026-09-07,1,0
adopt-me,Hamster,hamster,2026-09-07,2,0
adopt-me,Hanbok,hanbok,2026-09-07,2,0
adopt-me,Happy Duckling,happy-duckling,2026-09-07,2,0
adopt-me,Happy Guinea Pig Sticker,happy-guinea-pig-sticker,2026-09-07,1,0
adopt-me,Happy Pride Zebra Sticker,happy-pride-zebra-sticker,2026-09-07,1,0
adopt-me,Happy Tooth Chew Toy,happy-tooth-chew-toy,2026-09-07,1,0
adopt-me,Hare Sticker,hare-sticker,2026-09-07,1,0
adopt-me,Harp Seal,harp-seal,2026-09-07,1,0
adopt-me,Hat,hat,2026-09-07,1,0
adopt-me,Hawk,hawk,2026-09-07,2,0
adopt-me,Heart Eyebrows,heart-eyebrows,2026-09-07,1,0
adopt-me,Heart Hoverboard,heart-hoverboard,2026-09-07,2,0
adopt-me,Hippo,hippo,2026-09-07,1,0
adopt-me,Holly Leash,holly-leash,2026-09-07,1,0
adopt-me,Hopbop,hopbop,2026-09-07,3,0
adopt-me,Hot Cocoa,hot-cocoa,2026-09-07,1,0
adopt-me,Hotdog,hotdog,2026-09-07,1,0
adopt-me,Human Bubble,human-bubble,2026-09-07,2,0
adopt-me,Humbug,humbug,2026-09-07,2,0
adopt-me,Hummingbird,hummingbird,2026-09-07,2,0
adopt-me,Husky,husky,2026-09-07,1,1
adopt-me,Ice Cream Cone Hat,ice-cream-cone-hat,2026-09-07,1,0
adopt-me,Ice Cream Rattle,ice-cream-rattle,2026-09-07,1,0
adopt-me,Ice Cream Sandwich Rattle,ice-cream-sandwich-rattle,2026-09-07,1,0
adopt-me,Ice Cube,ice-cube,2026-09-07,3,0
adopt-me,Ice Cube Sticker,ice-cube-sticker,2026-09-07,1,0
adopt-me,Ice Cube Throw Toy,ice-cube-throw-toy,2026-09-07,2,0
adopt-me,Ice Golem Sticker,ice-golem-sticker,2026-09-07,1,0
adopt-me,Ice Lolly,ice-lolly,2026-09-07,1,0
adopt-me,Iced Cake Stroller,iced-cake-stroller,2026-09-07,3,0
adopt-me,Icy Porcupine,icy-porcupine,2026-09-07,1,0
adopt-me,Indian Leopard,indian-leopard,2026-09-07,2,0
adopt-me,Inspector Cape,inspector-cape,2026-09-07,1,0
adopt-me,Inspector Siren Collar,inspector-siren-collar,2026-09-07,1,0
adopt-me,Intersex Pride Pin,intersex-pride-pin,2026-09-07,2,0
adopt-me,Irish Setter,irish-setter,2026-09-07,2,0
adopt-me,Island Tarsier,island-tarsier,2026-09-07,1,0
adopt-me,Ivy Necklace,ivy-necklace,2026-09-07,1,0
adopt-me,Japanese Snow Fairy,japanese-snow-fairy,2026-09-07,3,0
adopt-me,Jelly Propeller,jelly-propeller,2026-09-07,1,0
adopt-me,Jellybean Grappling Hook,jellybean-grappling-hook,2026-09-07,1,0
adopt-me,Jellyfish,jellyfish,2026-09-07,1,0
adopt-me,Jiggly Jerboa,jiggly-jerboa,2026-09-07,1,0
adopt-me,Jiggly Shoes,jiggly-shoes,2026-09-07,2,0
adopt-me,Jolly Roger Backpack,jolly-roger-backpack,2026-09-07,2,0
adopt-me,Jousting Horse,jousting-horse,2026-09-07,1,0
adopt-me,Jumping Banded Palm Civet Sticker,jumping-banded-palm-civet-sticker,2026-09-07,1,0
adopt-me,Jumping Spider,jumping-spider,2026-09-07,1,0
adopt-me,Kage Crow Sticker,kage-crow-sticker,2026-09-07,1,0
adopt-me,Kaijunior,kaijunior,2026-09-07,2,0
adopt-me,Kaijunior Sticker,kaijunior-sticker,2026-09-07,1,0
adopt-me,Kakapo,kakapo,2026-09-07,3,0
adopt-me,Kangaroo,kangaroo,2026-09-07,3,0
adopt-me,Kelp Crewmate,kelp-crewmate,2026-09-07,2,0
adopt-me,Kelp Hunter,kelp-hunter,2026-09-07,1,0
adopt-me,Kelp Raider,kelp-raider,2026-09-07,3,0
adopt-me,Kelp Raider Box,kelp-raider-box,2026-09-07,1,0
adopt-me,Keyring,keyring,2026-09-07,1,0
adopt-me,King Bee,king-bee,2026-09-07,1,0
adopt-me,King Penguin,king-penguin,2026-09-07,1,0
adopt-me,Kirin,kirin,2026-09-07,3,0
adopt-me,Kitsune,kitsune,2026-09-07,1,0
adopt-me,Kitty Bat,kitty-bat,2026-09-07,3,2
adopt-me,Kitty Rattle,kitty-rattle,2026-09-07,1,0
adopt-me,Kiwi Hat,kiwi-hat,2026-09-07,1,0
adopt-me,Knafeh,knafeh,2026-09-07,1,0
adopt-me,Koala,koala,2026-09-07,1,0
adopt-me,Koi Sticker,koi-sticker,2026-09-07,1,0
adopt-me,Komodo Dragon,komodo-dragon,2026-09-07,1,0
adopt-me,Ladybug Plush,ladybug-plush,2026-09-07,1,0
adopt-me,Lamb Sticker,lamb-sticker,2026-09-07,2,0
adopt-me,Latte Cape,latte-cape,2026-09-07,1,0
adopt-me,Lavender Dragon Sticker,lavender-dragon-sticker,2026-09-07,1,0
adopt-me,Lead Zeppelin Balloon,lead-zeppelin-balloon,2026-09-07,1,0
adopt-me,Leaf Sprout Hat,leaf-sprout-hat,2026-09-07,2,0
adopt-me,Leopard Cat,leopard-cat,2026-09-07,1,0
adopt-me,Leopard Shark,leopard-shark,2026-09-07,1,0
adopt-me,Lesbian Pride Pin,lesbian-pride-pin,2026-09-07,1,0
adopt-me,Leviathan,leviathan,2026-09-07,0,1
adopt-me,Lilypad Flying Disc,lilypad-flying-disc,2026-09-07,1,0
adopt-me,Limo,limo,2026-09-07,1,0
adopt-me,Living Wizard Hat,living-wizard-hat,2026-09-07,1,0
adopt-me,Llamalush Purse Pet,llamalush-purse-pet,2026-09-07,1,0
adopt-me,Lollipop Sticker,lollipop-sticker,2026-09-07,1,0
adopt-me,Long Neck Throw Toy Sticker,long-neck-throw-toy-sticker,2026-09-07,1,0
adopt-me,Love Bird,love-bird,2026-09-07,3,0
adopt-me,Love Letter,love-letter,2026-09-07,1,0
adopt-me,Luggage,luggage,2026-09-07,1,0
adopt-me,Lunar Gold Tiger,lunar-gold-tiger,2026-09-07,1,0
adopt-me,Lunar Moon Bear,lunar-moon-bear,2026-09-07,1,0
adopt-me,Lunar Muscle Car,lunar-muscle-car,2026-09-07,1,0
adopt-me,Lunar New Year Headdress,lunar-new-year-headdress,2026-09-07,2,0
adopt-me,Lunar New Year Lantern,lunar-new-year-lantern,2026-09-07,1,0
adopt-me,Lunar Ox,lunar-ox,2026-09-07,2,0
adopt-me,Luxury Apartments,luxury-apartments,2026-09-07,1,0
adopt-me,Magic Scroll Chew Toy,magic-scroll-chew-toy,2026-09-07,1,0
adopt-me,Magician's Wand Grappling Hook,magicians-wand-grappling-hook,2026-09-07,1,0
adopt-me,Magma Snail,magma-snail,2026-09-07,1,0
adopt-me,Magma Snail Sticker,magma-snail-sticker,2026-09-07,2,0
adopt-me,Magpie,magpie,2026-09-07,1,0
adopt-me,Mahi Mahi,mahi-mahi,2026-09-07,3,0
adopt-me,Maine Coon,maine-coon,2026-09-07,1,0
adopt-me,Malayan Tapir Sticker,malayan-tapir-sticker,2026-09-07,1,0
adopt-me,Marabou Stork Sticker,marabou-stork-sticker,2026-09-07,1,0
adopt-me,Meaty Chew Toy,meaty-chew-toy,2026-09-07,1,0
adopt-me,Medieval Grapple,medieval-grapple,2026-09-07,1,0
adopt-me,Mermaid Propeller,mermaid-propeller,2026-09-07,1,0
adopt-me,Metal Ox,metal-ox,2026-09-07,1,0
adopt-me,Mexican Wolf,mexican-wolf,2026-09-07,2,0
adopt-me,Milk Choccybunny,milk-choccybunny,2026-09-07,2,0
adopt-me,Mirai Moth Sticker,mirai-moth-sticker,2026-09-07,1,0
adopt-me,Mistletroll,mistletroll,2026-09-07,1,1
adopt-me,Mochi Meow,mochi-meow,2026-09-07,5,0
adopt-me,Mole,mole,2026-09-07,2,0
adopt-me,Momma Moose,momma-moose,2026-09-07,1,0
adopt-me,Mongoose,mongoose,2026-09-07,1,0
adopt-me,Moon Bear Box,moon-bear-box,2026-09-07,2,0
adopt-me,Moon Egg,moon-egg,2026-09-07,1,0
adopt-me,Moon Viewing Bench,moon-viewing-bench,2026-09-07,1,0
adopt-me,Moonbeam Peacock,moonbeam-peacock,2026-09-07,1,0
adopt-me,Mooncake,mooncake,2026-09-07,1,0
adopt-me,Moonlight Moth,moonlight-moth,2026-09-07,0,1
adopt-me,Moonpine,moonpine,2026-09-07,3,0
adopt-me,Moose Calf,moose-calf,2026-09-07,1,0
adopt-me,Moth Hair Clip,moth-hair-clip,2026-09-07,2,0
adopt-me,Motorized Sofa,motorized-sofa-toy,2026-09-07,1,0
adopt-me,Munchkin Cat,munchkin-cat,2026-09-07,2,0
adopt-me,Mushroom Friend,mushroom-friend,2026-09-07,1,0
adopt-me,Muskrat,muskrat,2026-09-07,2,0
adopt-me,Mystic Wing Crown,mystic-wing-crown,2026-09-07,2,0
adopt-me,Nautilus,nautilus,2026-09-07,1,0
adopt-me,Nebula Snake,nebula-snake,2026-09-07,1,0
adopt-me,Neckerchief,neckerchief,2026-09-07,2,0
adopt-me,Nemes,nemes,2026-09-07,1,0
adopt-me,Nessie,nessie,2026-09-07,2,1
adopt-me,Nest,nest,2026-09-07,1,0
adopt-me,Netzooka,netzooka,2026-09-07,1,0
adopt-me,Nurse Shark,nurse-shark,2026-09-07,1,0
adopt-me,Nutcracker Hat,nutcracker-hat,2026-09-07,2,0
adopt-me,NYE 2026 Sticker,nye-2026-sticker,2026-09-07,1,0
adopt-me,Oakee,oakee,2026-09-07,1,0
adopt-me,Oakee Knight,oakee-knight,2026-09-07,1,0
adopt-me,Ocelot,ocelot,2026-09-07,3,0
adopt-me,Ocelot Sticker,ocelot-sticker,2026-09-07,1,0
adopt-me,Old King Coal,old-king-coal-pet,2026-09-07,1,1
adopt-me,Omnisex Pegasus Sticker,omnisex-pegasus-sticker,2026-09-07,2,0
adopt-me,Onza,onza,2026-09-07,5,0
adopt-me,Orange Butterfly,orange-butterfly,2026-09-07,1,0
adopt-me,Orange Glasses,orange-glasses,2026-09-07,2,0
adopt-me,Orangutan,orangutan,2026-09-07,2,0
adopt-me,Orca,orca,2026-09-07,3,0
adopt-me,Orchid Racer,orchid-racer,2026-09-07,1,0
adopt-me,Otter,otter,2026-09-07,2,0
adopt-me,Owl,owl,2026-09-07,6,0
adopt-me,Owl Wings,owl-wings,2026-09-07,1,0
adopt-me,Ox,ox,2026-09-07,1,0
adopt-me,Pan Pride Pin,pan-pride-pin,2026-09-07,1,0
adopt-me,Pangolin,pangolin,2026-09-07,3,0
adopt-me,Papa Moose,papa-moose,2026-09-07,1,1
adopt-me,Paper Plane Throw Toy,paper-plane-throw-toy,2026-09-07,1,0
adopt-me,Paper Wings,paper-wings-pet-item,2026-09-07,1,0
adopt-me,Parakeet,parakeet,2026-09-07,1,0
adopt-me,Parrot,parrot,2026-09-07,4,1
adopt-me,Parrot Hood,parrot-hood,2026-09-07,1,0
adopt-me,Patchy Bear,patchy-bear,2026-09-07,4,0
adopt-me,Peanut Friend Chewtoy,peanut-friend-chewtoy,2026-09-07,1,0
adopt-me,Penguin,penguin,2026-09-07,2,0
adopt-me,Peppermint Penguin,peppermint-penguin,2026-09-07,3,0
adopt-me,Pet Handler Pro Certificate,pet-handler-pro-certificate,2026-09-07,1,0
adopt-me,Pet Rock Sticker,pet-rock-sticker,2026-09-07,1,0
adopt-me,Pickle Elf Chew Toy,pickle-elf-chew-toy,2026-09-07,1,0
adopt-me,Pig Sticker,pig-sticker,2026-09-07,1,0
adopt-me,Pilot Gull,pilot-gull,2026-09-07,2,0
adopt-me,Pine Marten,pine-marten,2026-09-07,1,0
adopt-me,Pink Bandana,pink-bandana,2026-09-07,1,0
adopt-me,Pink Butterfly Wings,pink-butterfly-wings,2026-09-07,3,0
adopt-me,Pink Cat,pink-cat,2026-09-07,1,0
adopt-me,Pink Cowboy Hat,pink-cowboy-hat,2026-09-07,1,0
adopt-me,Pink Hightops,pink-hightops,2026-09-07,1,0
adopt-me,Pink Instant Camera,pink-instant-camera,2026-09-07,1,0
adopt-me,Pink Lemonade Chew Toy,pink-lemonade-chew-toy,2026-09-07,1,0
adopt-me,Pink Scooter,pink-scooter,2026-09-07,2,0
adopt-me,Pirate Cutlass,pirate-cutlass,2026-09-07,1,0
adopt-me,Pirate Dog Sticker,pirate-dog-sticker,2026-09-07,2,0
adopt-me,Pirate Plushie,pirate-plushie,2026-09-07,1,0
adopt-me,Planetary Core Car,planetary-core-car,2026-09-07,2,0
adopt-me,Pleading Tarsier Sticker,pleading-tarsier-sticker,2026-09-07,1,0
adopt-me,Pocket Protector,pocket-protector,2026-09-07,1,0
adopt-me,Poison Dart Frog,poison-dart-frog,2026-09-07,1,0
adopt-me,Pomeranian,pomeranian,2026-09-07,5,0
adopt-me,Poodle,poodle,2026-09-07,3,0
adopt-me,Poodle Sticker,poodle-sticker,2026-09-07,1,0
adopt-me,Premium Fire Pit,premium-fire-pit,2026-09-07,1,0
adopt-me,Priceless Jewel,priceless-jewel,2026-09-07,1,0
adopt-me,Priceless Shrimp,priceless-shrimp,2026-09-07,2,0
adopt-me,Pride Glasses,pride-glasses,2026-09-07,2,0
adopt-me,Pride Paw Flying Disc,pride-paw-flying-disc,2026-09-07,1,0
adopt-me,Pride Wings,pride-wings,2026-09-07,1,0
adopt-me,Primal Kaijunior,primal-kaijunior,2026-09-07,1,0
adopt-me,Princess Capuchin Monkey,princess-capuchin-monkey,2026-09-07,1,0
adopt-me,Prism Snake,prism-snake,2026-09-07,2,0
adopt-me,Propeller Hat,propeller-hat,2026-09-07,0,1
adopt-me,Puckered Up Pufferfish Sticker,puckered-up-pufferfish-sticker,2026-09-07,1,0
adopt-me,Pudding Cat,pudding-cat,2026-09-07,2,0
adopt-me,Puffin,puffin,2026-09-07,1,0
adopt-me,Puffin Sticker,puffin-sticker,2026-09-07,1,0
adopt-me,Pumpkin Stroller,pumpkin-stroller,2026-09-07,1,0
adopt-me,Punk Pony,punk-pony,2026-09-07,1,0
adopt-me,Puptune,puptune,2026-09-07,0,1
adopt-me,Purple & Green Beads,purple-green-beads,2026-09-07,1,0
adopt-me,Purple Heart Glasses,purple-heart-glasses,2026-09-07,1,0
adopt-me,Purple Mushrooms,purple-mushrooms,2026-09-07,1,0
adopt-me,Purrowl,purrowl,2026-09-07,4,0
adopt-me,Pyramids Badge,pyramids-badge,2026-09-07,1,0
adopt-me,Queen Bee,queen-bee,2026-09-07,1,0
adopt-me,Queen Bee Sticker,queen-bee-sticker,2026-09-07,1,0
adopt-me,Queenslander House,queenslander-house,2026-09-07,4,0
adopt-me,Quetzalcoatl,quetzalcoatl,2026-09-07,1,0
adopt-me,Rabbit,rabbit,2026-09-07,4,0
adopt-me,Radish Friend,radish-friend,2026-09-07,1,0
adopt-me,Rain Badge,rain-badge,2026-09-07,1,0
adopt-me,Rain Hat,rain-hat,2026-09-07,1,0
adopt-me,Rainbow Bucket Hat,rainbow-bucket-hat,2026-09-07,1,0
adopt-me,Rainbow Maker,rainbow-maker,2026-09-07,1,0
adopt-me,Rainbow Trout,rainbow-trout,2026-09-07,3,0
adopt-me,Ram,ram,2026-09-07,2,0
adopt-me,Rat,rat,2026-09-07,1,0
adopt-me,Rat Sticker,rat-sticker,2026-09-07,2,0
adopt-me,Ratatoskr,ratatoskr,2026-09-07,2,0
adopt-me,Rattle,rattle,2026-09-07,1,0
adopt-me,Rattlesnake,rattlesnake,2026-09-07,2,0
adopt-me,Raven Collar,raven-collar,2026-09-07,1,0
adopt-me,Raven Hood,raven-hood,2026-09-07,2,0
adopt-me,Red Back Ribbon,red-back-ribbon,2026-09-07,1,0
adopt-me,Red Beanie,red-beanie,2026-09-07,1,0
adopt-me,Red Cardinal,red-cardinal,2026-09-07,1,0
adopt-me,Red Fox,red-fox,2026-09-07,1,0
adopt-me,Red Panda,red-panda,2026-09-07,2,0
adopt-me,Red Panda Bag,red-panda-bag,2026-09-07,1,0
adopt-me,Red Panda Ducky,red-panda-ducky,2026-09-07,1,0
adopt-me,Red Panda Scarf,red-panda-scarf,2026-09-07,1,0
adopt-me,Red Panda Sticker,red-panda-sticker,2026-09-07,2,0
adopt-me,Red Purse,red-purse,2026-09-07,1,0
adopt-me,Red Sneakers,red-sneakers,2026-09-07,3,0
adopt-me,Retired Egg,retired-egg,2026-09-07,3,0
adopt-me,Retro 3D Glasses,retro-3d-glasses,2026-09-07,2,0
adopt-me,RGB Leash,rgb-leash,2026-09-07,1,0
adopt-me,RGB Monster Truck,rgb-monster-truck,2026-09-07,2,0
adopt-me,RGB Reward Box,rgb-reward-box,2026-09-07,1,0
adopt-me,RGB Sword Rattle,rgb-sword-rattle,2026-09-07,1,0
adopt-me,Ribbon Seal,ribbon-seal,2026-09-07,2,0
adopt-me,Rice Cake Rabbit Kite,rice-cake-rabbit-kite,2026-09-07,1,0
adopt-me,Ride-A-Pet Potion (Forever),ride-a-pet-potion-forever,2026-09-07,10,2
adopt-me,Ring of Fire Throwing Disc,ring-of-fire-throwing-disc,2026-09-07,1,0
adopt-me,Robin,robin,2026-09-07,1,0
adopt-me,Robo Balloon,robo-balloon,2026-09-07,2,0
adopt-me,Robo Dog,robo-dog,2026-09-07,1,0
adopt-me,Robot,robot,2026-09-07,3,0
adopt-me,Rocket Racer,rocket-racer,2026-09-07,1,0
adopt-me,Rodeo Bull,rodeo-bull,2026-09-07,1,0
adopt-me,Rose,rose,2026-09-07,1,0
adopt-me,Rose Dragon,rose-dragon,2026-09-07,3,1
adopt-me,Rose Rattle,rose-rattle,2026-09-07,2,0
adopt-me,Rose Throw Toy,rose-throw-toy,2026-09-07,1,0
adopt-me,Royal Capuchin Monkey,royal-capuchin-monkey,2026-09-07,1,0
adopt-me,Royal Crown Pillow,royal-crown-pillow,2026-09-07,1,0
adopt-me,Rubber Ducky,rubber-ducky,2026-09-07,2,0
adopt-me,Ruddy Duck,ruddy-duck,2026-09-07,1,0
adopt-me,Sabertooth Sticker,sabertooth-sticker,2026-09-07,1,0
adopt-me,Sado Mole,sado-mole,2026-09-07,1,0
adopt-me,Sakura Scythe,sakura-scythe,2026-09-07,2,0
adopt-me,Sakura Spirit,sakura-spirit,2026-09-07,1,0
adopt-me,Sandbox Island,sandbox-island,2026-09-07,2,0
adopt-me,Sandfish,sandfish,2026-09-07,1,0
adopt-me,Santa Hat,santa-hat,2026-09-07,1,0
adopt-me,Santa Pet Rock Sticker,santa-pet-rock-sticker,2026-09-07,1,0
adopt-me,Santa's Helper Stroller,santas-helper-stroller,2026-09-07,2,0
adopt-me,Santa's Sleigh,santas-sleigh,2026-09-07,1,0
adopt-me,Sasquatch,sasquatch,2026-09-07,2,0
adopt-me,Sasquatch Sticker,sasquatch-sticker,2026-09-07,1,0
adopt-me,Scarecrow Cat Sticker,scarecrow-cat-sticker,2026-09-07,1,0
adopt-me,Science Hat,science-hat,2026-09-07,1,0
adopt-me,Sea Angel,sea-angel,2026-09-07,3,0
adopt-me,Sea Monster Friend Hat,sea-monster-friend,2026-09-07,2,0
adopt-me,Sea Skeleton Panda,sea-skeleton-panda,2026-09-07,1,0
adopt-me,Sea Turtle,sea-turtle,2026-09-07,2,0
adopt-me,Seahorse,seahorse,2026-09-07,2,0
adopt-me,Seahorse Sticker,seahorse-sticker,2026-09-07,2,0
adopt-me,Seaweed,seaweed,2026-09-07,1,0
adopt-me,Security Spotlight,security-spotlight,2026-09-07,1,0
adopt-me,Shadow Dragon,shadow-dragon,2026-09-07,0,1
adopt-me,Shadow Dragon Ducky,shadow-dragon-ducky,2026-09-07,1,0
adopt-me,Shadow Dragon Sabre,shadow-dragon-sabre,2026-09-07,2,0
adopt-me,Shark,shark,2026-09-07,1,0
adopt-me,Shark Puppy,shark-puppy,2026-09-07,2,0
adopt-me,Sheepdog Ducky,sheepdog-ducky,2026-09-07,2,0
adopt-me,Shiba Inu,shiba-inu,2026-09-07,2,0
adopt-me,Shih Tzu,shih-tzu,2026-09-07,1,0
adopt-me,Show Pony,show-pony,2026-09-07,2,0
adopt-me,Siamese Cat,siamese-cat,2026-09-07,0,1
adopt-me,Silverback Gorilla,silverback-gorilla,2026-09-07,1,0
adopt-me,Skele-Rex Sticker,skele-rex-sticker,2026-09-07,1,0
adopt-me,Skelebat,skelebat,2026-09-07,2,0
adopt-me,Sketchbook,sketchbook,2026-09-07,1,0
adopt-me,Ski Goggles,ski-goggles,2026-09-07,1,0
adopt-me,Skunk,skunk,2026-09-07,1,0
adopt-me,Sledding Penguin Sticker,sledding-penguin-sticker,2026-09-07,1,0
adopt-me,Sleepy Armadillo Sticker,sleepy-armadillo-sticker,2026-09-07,1,0
adopt-me,Slimingo,slimingo,2026-09-07,1,0
adopt-me,Slimingo Feather Teleporter,slimingo-feather-teleporter,2026-09-07,1,0
adopt-me,Sloth,sloth,2026-09-07,1,0
adopt-me,Slug Sticker,slug-sticker,2026-09-07,1,0
adopt-me,Sneak Weasel,sneak-weasel,2026-09-07,1,0
adopt-me,Snorgle,snorgle,2026-09-07,3,0
adopt-me,Snow Cone,snow-cone,2026-09-07,1,0
adopt-me,Snow Leopard,snow-leopard,2026-09-07,1,0
adopt-me,Snow Monkey Sticker,snow-monkey-sticker,2026-09-07,1,0
adopt-me,Snow Owl,snow-owl,2026-09-07,3,0
adopt-me,Snow Puma,snow-puma,2026-09-07,2,0
adopt-me,Snowball Launcher,snowball-launcher,2026-09-07,2,0
adopt-me,Snowflake Earmuffs,snowflake-earmuffs,2026-09-07,1,0
adopt-me,Snowman,snowman,2026-09-07,1,0
adopt-me,Snowman Plushie Friend,snowman-plushie-friend,2026-09-07,1,0
adopt-me,Snowstorm Hat,snowstorm-hat,2026-09-07,1,0
adopt-me,Snowy Mammoth,snowy-mammoth,2026-09-07,1,0
adopt-me,Snowy Tree Hat,snowy-tree-hat,2026-09-07,1,0
adopt-me,Solar Winged Halo,solar-winged-halo,2026-09-07,1,0
adopt-me,Solarpunk Skates,solarpunk-skates,2026-09-07,2,0
adopt-me,Sorcerer Hat,sorcerer-hat,2026-09-07,2,0
adopt-me,Spiral Glasses,spiral-glasses,2026-09-07,1,0
adopt-me,Spring Bunny Feet,spring-bunny-feet,2026-09-07,1,0
adopt-me,Spring Bunny Nose,spring-bunny-nose,2026-09-07,1,0
adopt-me,Spring Glasses,spring-glasses,2026-09-07,1,0
adopt-me,Sprout Snail,sprout-snail,2026-09-07,1,0
adopt-me,Squid,squid,2026-09-07,2,0
adopt-me,Squirty Flower,squirty-flower,2026-09-07,2,0
adopt-me,St Bernard,st-bernard,2026-09-07,2,0
adopt-me,Star Topper Plush,star-topper-plush,2026-09-07,2,0
adopt-me,Starfish,starfish,2026-09-07,2,0
adopt-me,Starfish Sticker,starfish-sticker,2026-09-07,1,0
adopt-me,Starhopper,starhopper,2026-09-07,2,0
adopt-me,Starmite,starmite,2026-09-07,1,0
adopt-me,Steel Drum,steel-drum,2026-09-07,2,0
adopt-me,Steel Toe Heel,steel-toe-heel,2026-09-07,1,0
adopt-me,Stegosaurus,stegosaurus,2026-09-07,1,0
adopt-me,Stingray,stingray,2026-09-07,2,0
adopt-me,Storm Condor,storm-condor,2026-09-07,1,0
adopt-me,Strawberry Shortcake Bat Dragon,strawberry-shortcake-bat-dragon,2026-09-07,3,0
adopt-me,Strawberry Shortcake Bow,strawberry-shortcake-bow,2026-09-07,1,0
adopt-me,Strawberry Shortcake Ducky,strawberry-shortcake-ducky,2026-09-07,1,0
adopt-me,Stygian Owl,stygian-owl,2026-09-07,3,0
adopt-me,Stylish Neckerchief,stylish-neckerchief,2026-09-07,1,0
adopt-me,Sugarfest 2026 Sticker Pack,sugarfest-2026-sticker-pack,2026-09-07,1,0
adopt-me,Summer Walrus,summer-walrus,2026-09-07,2,0
adopt-me,Sun Wings,sun-wings,2026-09-07,1,0
adopt-me,Sunflower Friend,sunflower-friend,2026-09-07,1,0
adopt-me,Sunrise Duckling,sunrise-duckling,2026-09-07,1,0
adopt-me,Sushi Penguin,sushi-penguin,2026-09-07,0,1
adopt-me,Swan,swan,2026-09-07,2,0
adopt-me,Swan Stroller,swan-stroller,2026-09-07,1,0
adopt-me,Sweetheart Rat,sweetheart-rat,2026-09-07,1,0
adopt-me,Sword,sword,2026-09-07,1,0
adopt-me,Swordfish,swordfish,2026-09-07,1,0
adopt-me,T-Rex,t-rex,2026-09-07,2,0
adopt-me,Tan Chow-Chow,tan-chow-chow,2026-09-07,1,0
adopt-me,Tasmanian Tiger,tasmanian-tiger,2026-09-07,2,0
adopt-me,Tasmanian Tiger Sticker,tasmanian-tiger-sticker,2026-09-07,1,0
adopt-me,Tawny Frogmouth,tawny-frogmouth,2026-09-07,2,0
adopt-me,Teddy Bear,teddy-bear,2026-09-07,1,0
adopt-me,Tegu,tegu,2026-09-07,2,0
adopt-me,Temple Friend,temple-friend,2026-09-07,2,0
adopt-me,The Black Dog Sticker,the-black-dog-sticker,2026-09-07,1,0
adopt-me,Tiny Home,tiny-home,2026-09-07,12,0
adopt-me,Toaster Tart Backpack,toaster-tart-backpack,2026-09-07,1,0
adopt-me,Toasty Dreams Sticker,toasty-dreams-sticker,2026-09-07,1,0
adopt-me,Toasty Mittens,toasty-mittens,2026-09-07,1,0
adopt-me,Tool Box,tool-box,2026-09-07,2,0
adopt-me,Tortuga de la Isla Sticker,tortuga-de-la-isla-sticker-sticker,2026-09-07,1,0
adopt-me,Toucan,toucan,2026-09-07,1,0
adopt-me,Toy Poodle,toy-poodle,2026-09-07,2,0
adopt-me,Trans Pride Pin,trans-pride-pin,2026-09-07,1,0
adopt-me,Treble Clef Pogo Stick,treble-clef-pogo-stick,2026-09-07,1,0
adopt-me,Tree Frog,tree-frog,2026-09-07,2,0
adopt-me,Tree Sasquatch,tree-sasquatch,2026-09-07,4,0
adopt-me,Triceratops,triceratops,2026-09-07,2,0
adopt-me,Triceratops Sticker,triceratops-sticker,2026-09-07,1,0
adopt-me,Triple Stroller,triple-stroller,2026-09-07,1,0
adopt-me,Turkey,turkey,2026-09-07,1,0
adopt-me,Turtle,turtle,2026-09-07,1,0
adopt-me,Turtle Doves Sticker,turtle-doves-sticker,2026-09-07,1,0
adopt-me,Turtle Sticker,turtle-sticker,2026-09-07,1,0
adopt-me,Tuxedo Cat,tuxedo-cat,2026-09-07,1,0
adopt-me,TV Hood,tv-hood,2026-09-07,1,0
adopt-me,Twisty Marshmallow Chew Toy,twisty-marshmallow-chew-toy,2026-09-07,1,0
adopt-me,Undead Elk Sticker,undead-elk-sticker,2026-09-07,1,0
adopt-me,Unicorn,unicorn,2026-09-07,5,0
adopt-me,Unicorn Ducky,unicorn-ducky,2026-09-07,1,0
adopt-me,Unicorn Sticker,unicorn-sticker,2026-09-07,2,0
adopt-me,Unpoppable Bubble,unpoppable-bubble,2026-09-07,1,0
adopt-me,Vampire Dragon,vampire-dragon,2026-09-07,0,1
adopt-me,Vanilla Penguin Sticker,vanilla-penguin-sticker,2026-09-07,1,0
adopt-me,Velocirooster,velocirooster,2026-09-07,2,0
adopt-me,Violet Friend,violet-friend,2026-09-07,3,0
adopt-me,Virtual Pet Necklace,virtual-pet-necklace,2026-09-07,1,0
adopt-me,Volcanic Boots,volcanic-boots,2026-09-07,2,0
adopt-me,Volcanic Rhino,volcanic-rhino,2026-09-07,1,0
adopt-me,Waffle Coat,waffle-coat,2026-09-07,1,0
adopt-me,Waffle Staff,waffle-staff,2026-09-07,1,0
adopt-me,Waffle Top Hat,waffle-top-hat,2026-09-07,1,0
adopt-me,Waffle Wagon,waffle-wagon,2026-09-07,2,0
adopt-me,Waffle Wyrm,waffle-wyrm,2026-09-07,3,0
adopt-me,Wailing Mr. Whiskerpips Sticker,wailing-mr-whiskerpips-sticker,2026-09-07,1,0
adopt-me,Water Drop Plush,water-drop-plush,2026-09-07,1,0
adopt-me,Water Moon Bear,water-moon-bear,2026-09-07,2,0
adopt-me,Water Opossum,water-opossum,2026-09-07,2,0
adopt-me,Watermelon Shoes,watermelon-shoes,2026-09-07,2,0
adopt-me,Weevil,weevil,2026-09-07,1,0
adopt-me,Werewolf,werewolf,2026-09-07,0,1
adopt-me,Whimsigoth Bag,whimsigoth-bag,2026-09-07,1,0
adopt-me,White Bandana,white-bandana,2026-09-07,1,0
adopt-me,White Choccybunny,white-choccybunny,2026-09-07,1,0
adopt-me,White Cozy Hood,white-cozy-hood,2026-09-07,1,0
adopt-me,Wild Boar,wild-boar,2026-09-07,1,0
adopt-me,Wildfire Hawk Sticker,wildfire-hawk-sticker,2026-09-07,1,0
adopt-me,Winged Horse,winged-horse,2026-09-07,1,0
adopt-me,Winged Horse Sticker,winged-horse-sticker,2026-09-07,2,0
adopt-me,Winter Buck,winter-buck,2026-09-07,2,0
adopt-me,Winter Lantern,winter-lantern,2026-09-07,1,0
adopt-me,Witch's Caravan,witchs-caravan,2026-09-07,1,0
adopt-me,Wolpertinger,wolpertinger,2026-09-07,3,0
adopt-me,Wood Pigeon Sticker,wood-pigeon-sticker,2026-09-07,1,0
adopt-me,Wooden Pan Flute,wooden-pan-flute,2026-09-07,2,0
adopt-me,Wrapping Paper Throw Toy,wrapping-paper-throw-toy,2026-09-07,1,0
adopt-me,Wrench Chew Toy,wrench-chew-toy,2026-09-07,1,0
adopt-me,Wyvern,wyvern,2026-09-07,2,0
adopt-me,Yarn Apple,yarn-apple,2026-09-07,1,0
adopt-me,Yellow Cap,yellow-cap,2026-09-07,2,0
adopt-me,Yule Log Dog,yule-log-dog,2026-09-07,1,0
adopt-me,Yule Log Dog Sticker,yule-log-dog-sticker,2026-09-07,2,0
adopt-me,Yule Log Treat,yule-log-treat,2026-09-07,1,0
adopt-me,Zebra,zebra,2026-09-07,1,0
adopt-me,Zebra Backpack,zebra-backpack,2026-09-07,1,0
adopt-me,Zeopod,zeopod,2026-09-07,3,0
adopt-me,Zombie Chick,zombie-chick,2026-09-07,0,1
adopt-me,Zombie Chick Sticker,zombie-chick-sticker,2026-09-07,1,0
adopt-me,Zombie Wolf,zombie-wolf,2026-09-07,2,0
adopt-me,Pinkypillar,,2026-09-07,2,
adopt-me,Little Lamb,,2026-09-07,2,
adopt-me,Bonus Bucks Potion,,2026-09-07,1,
adopt-me,Tealwood Monster Sticker,,2026-09-07,1,
adopt-me,2D Crown,,2026-09-07,1,
adopt-me,Clubtail Dragonfly Wings,,2026-09-07,1,
adopt-me,Hawk Sticker,,2026-09-07,1,
adopt-me,Lemon Frost Pet Paint,,2026-09-07,1,
adopt-me,Eco Blue Recycling Bin Badge,,2026-09-07,1,
adopt-me,Strawberry Santa Snacks,,2026-09-07,1,
adopt-me,Camping Sandals,,2026-09-07,1,
adopt-me,Woodpecker Sticker,,2026-09-07,1,
adopt-me,Chipmunk Sticker,,2026-09-07,2,
adopt-me,Lucky Clover Glasses,,2026-09-07,1,
adopt-me,Merhorse Sticker,,2026-09-07,1,
adopt-me,Sugarfest Slug Sticker,,2026-09-07,1,
adopt-me,Huntsman Robin,,2026-09-07,1,
adopt-me,Mr. Whiskerpips,,2026-09-07,1,
adopt-me,Eco Green Vine Badge,,2026-09-07,1,
adopt-me,Kirin Sticker,,2026-09-07,1,
adopt-me,Stocked Santa Sleigh,,2026-09-07,1,
adopt-me,Eco White Spider Web Badge,,2026-09-07,1,
adopt-me,Lighthouse Sticker,,2026-09-07,1,
adopt-me,Fairytale Egg,,2026-09-07,5,
adopt-me,Ms. Muffet,,2026-09-07,2,
adopt-me,Camp Patch Sash,,2026-09-07,1,
adopt-me,Standard Sticker Pack ,,2026-09-07,1,
adopt-me,Princess Mare,,2026-09-07,2,
adopt-me,Budgie Witch,,2026-09-07,1,
adopt-me,Mrs. Whiskerpips,,2026-09-07,6,
adopt-me,Polymorph Potion,,2026-09-07,1,
adopt-me,Clubtail Dragonfly Sticker,,2026-09-07,2,
adopt-me,Rainbow Trout Sticker,,2026-09-07,1,
adopt-me,Clumpty,,2026-09-07,2,
adopt-me,2022 Birthday Cake,2022-birthday-cake,2026-09-08,1,0
adopt-me,2025 Bauble Sticker,2025-bauble-sticker,2026-09-08,1,0
adopt-me,2026 Birthday Butterfly,2026-birthday-butterfly,2026-09-08,1,0
adopt-me,2D Top Hat,2d-top-hat,2026-09-08,1,0
adopt-me,Aberdeen Angus Box,aberdeen-angus-box,2026-09-08,1,0
adopt-me,Abyssinian Cat,abyssinian-cat,2026-09-08,3,0
adopt-me,Admin Abuse Box,admin-abuse-box,2026-09-08,1,0
adopt-me,African Painted Dog Sticker,african-painted-dog-sticker,2026-09-08,2,0
adopt-me,Agender Pride Pin,agender-pride-pin,2026-09-08,1,0
adopt-me,Agender Rat Sticker,agender-rat-sticker,2026-09-08,2,0
adopt-me,Airplane Wings,airplane-wings,2026-09-08,2,0
adopt-me,Albatross,albatross,2026-09-08,1,0
adopt-me,Albino Bat,albino-bat,2026-09-08,1,0
adopt-me,Alicorn,alicorn,2026-09-08,2,0
adopt-me,Alien Eyes Hat,alien-eyes-hat,2026-09-08,0,1
adopt-me,Alley Cat,alley-cat,2026-09-08,2,0
adopt-me,Alpaca,alpaca,2026-09-08,3,0
adopt-me,Amami Rabbit,amami-rabbit,2026-09-08,1,0
adopt-me,Amber Butterfly,amber-butterfly,2026-09-08,2,0
adopt-me,Anchor Balloon,anchor-balloon,2026-09-08,2,0
adopt-me,Ancient Dragon,ancient-dragon,2026-09-08,3,0
adopt-me,Angelic Pogostick,angelic-pogostick,2026-09-08,1,0
adopt-me,Angelic Propeller,angelic-propeller,2026-09-08,1,0
adopt-me,Angus Calf,angus-calf,2026-09-08,1,0
adopt-me,Angus Cow,angus-cow,2026-09-08,2,0
adopt-me,Ankylosaurus Fossil,ankylosaurus-fossil,2026-09-08,1,0
adopt-me,Ant,ant,2026-09-08,5,0
adopt-me,Antenna,antenna,2026-09-08,2,0
adopt-me,Arctic Dusk Dragon,arctic-dusk-dragon,2026-09-08,2,1
adopt-me,Arctic Dusk Dragon Sticker,arctic-dusk-dragon-sticker,2026-09-08,1,0
adopt-me,Arctic Fox,arctic-fox,2026-09-08,2,0
adopt-me,Arctic Hare,arctic-hare,2026-09-08,1,0
adopt-me,Armadillo,armadillo,2026-09-08,1,0
adopt-me,Aromantic Pride Pin,aromantic-pride-pin,2026-09-08,2,0
adopt-me,Arrow Head,arrow-head,2026-09-08,2,0
adopt-me,Ash Zebra,ash-zebra,2026-09-08,1,0
adopt-me,Ash Zebra Sticker,ash-zebra-sticker,2026-09-08,1,0
adopt-me,Aussie Egg,aussie-egg,2026-09-08,0,1
adopt-me,Aviators,aviators,2026-09-08,2,0
adopt-me,Axolotl,axolotl,2026-09-08,4,0
adopt-me,Axolotl Sticker,axolotl-sticker,2026-09-08,1,0
adopt-me,Aye Aye,aye-aye,2026-09-08,1,0
adopt-me,Aztec Egg,aztec-egg,2026-09-08,1,0
adopt-me,Back Pencil,back-pencil,2026-09-08,2,0
adopt-me,Bacon and Eggs Throw Toy,bacon-and-eggs-throw-toy,2026-09-08,1,0
adopt-me,Badger,badger,2026-09-08,2,0
adopt-me,Badly Wrapped Toy Sword,badly-wrapped-toy-sword,2026-09-08,1,0
adopt-me,Bakeneko,bakeneko,2026-09-08,1,0
adopt-me,Bakeneko Sticker,bakeneko-sticker,2026-09-08,1,0
adopt-me,Bali Starling,bali-starling,2026-09-08,2,0
adopt-me,Balloon,balloon,2026-09-08,2,0
adopt-me,Balloon Flower Hat,balloon-flower-hat,2026-09-08,1,0
adopt-me,Balloon Unicorn,balloon-unicorn,2026-09-08,3,1
adopt-me,Balloons,balloons,2026-09-08,1,0
adopt-me,Bamboo Earrings,bamboo-earrings,2026-09-08,1,0
adopt-me,Banana Pogo,banana-pogo,2026-09-08,2,0
adopt-me,Basic Egg,basic-egg,2026-09-08,1,0
adopt-me,Bat Dragon,bat-dragon,2026-09-08,1,1
adopt-me,Bat Dragon Sticker,bat-dragon-sticker,2026-09-08,1,0
adopt-me,Bat Wings,bat-wings,2026-09-08,1,0
adopt-me,Battery Backpack,battery-backpack,2026-09-08,1,0
adopt-me,Beach Necklace,beach-necklace,2026-09-08,1,0
adopt-me,Bear Cap,bear-cap,2026-09-08,2,0
adopt-me,Bear Head Plush,bear-head-plush,2026-09-08,1,0
adopt-me,Bear Keychain,bear-keychain,2026-09-08,1,0
adopt-me,Bear Winter Hat,bear-winter-hat,2026-09-08,1,0
adopt-me,Beaver,beaver,2026-09-08,1,0
adopt-me,Bee,bee,2026-09-08,4,0
adopt-me,Beluga Badge,beluga-badge,2026-09-08,1,0
adopt-me,Beluga Whale,beluga-whale,2026-09-08,1,0
adopt-me,Bi Pride Pin,bi-pride-pin,2026-09-08,1,0
adopt-me,Big Head Potion,big-head-potion,2026-09-08,1,0
adopt-me,Bird of Paradise,bird-of-paradise,2026-09-08,2,0
adopt-me,Birthday Butterfly 2024,birthday-butterfly-2024,2026-09-08,1,0
adopt-me,Black Bandana,black-bandana,2026-09-08,1,0
adopt-me,Black Cartoon Hair,black-cartoon-hair,2026-09-08,1,0
adopt-me,Black Chow-Chow,black-chow-chow,2026-09-08,2,0
adopt-me,Black Cozy Hood,black-cozy-hood,2026-09-08,1,0
adopt-me,Black Moon Bear,black-moon-bear,2026-09-08,1,0
adopt-me,Black Rhino,black-rhino,2026-09-08,1,0
adopt-me,Black Skateboard,black-skateboard,2026-09-08,1,0
adopt-me,Black Tiger,black-tiger,2026-09-08,2,0
adopt-me,Blue Butterfly,blue-butterfly,2026-09-08,2,0
adopt-me,Blue Cat Ear Headphones,blue-cat-ear-headphones,2026-09-08,1,0
adopt-me,Blue Jay,blue-jay,2026-09-08,1,0
adopt-me,Blue Pogostick,blue-pogostick,2026-09-08,1,0
adopt-me,Blue Sneakers,blue-sneakers,2026-09-08,1,0
adopt-me,Blue Whale,blue-whale,2026-09-08,3,0
adopt-me,Bone Wings,bone-wings,2026-09-08,1,0
adopt-me,Book of Binding Leash,book-of-binding-leash,2026-09-08,1,0
adopt-me,Boots,boots,2026-09-08,1,0
adopt-me,Border Collie,border-collie,2026-09-08,1,0
adopt-me,Border Collie Sticker,border-collie-sticker,2026-09-08,1,0
adopt-me,Brachiosaurus,brachiosaurus,2026-09-08,2,0
adopt-me,Bready Necklace,bready-necklace,2026-09-08,1,0
adopt-me,Brown Bear,brown-bear,2026-09-08,1,0
adopt-me,Brown Springer Spaniel,brown-springer-spaniel,2026-09-08,1,0
adopt-me,Bubble Necklace,bubble-necklace,2026-09-08,1,0
adopt-me,Buffalo,buffalo,2026-09-08,1,0
adopt-me,Bug Net,bug-net,2026-09-08,1,0
adopt-me,Bullfrog,bullfrog,2026-09-08,1,0
adopt-me,Bullfrog Sticker,bullfrog-sticker,2026-09-08,1,0
adopt-me,Bumblebee Pogo Stick,bumblebee-pogo-stick,2026-09-08,1,0
adopt-me,Bunny,bunny,2026-09-08,1,0
adopt-me,Bunny Balloon,bunny-balloon,2026-09-08,1,0
adopt-me,Bunny Straw Hat,bunny-straw-hat,2026-09-08,1,0
adopt-me,Bunny Swirl,bunny-swirl,2026-09-08,1,0
adopt-me,Bunting Leash,bunting-leash,2026-09-08,1,0
adopt-me,Burger Bear,burger-bear,2026-09-08,1,0
adopt-me,Burger Bun Hat,burger-bun-hat,2026-09-08,1,0
adopt-me,Burger Plushie,burger-plushie,2026-09-08,2,0
adopt-me,Bush Backpack,bush-backpack,2026-09-08,2,0
adopt-me,Butter Knife,butter-knife,2026-09-08,2,0
adopt-me,Butterfly Headphones,butterfly-headphones,2026-09-08,1,0
adopt-me,Cabbit,cabbit,2026-09-08,2,0
adopt-me,Cactus Friend Plushie,cactus-friend-plushie,2026-09-08,1,0
adopt-me,California Condor,california-condor,2026-09-08,2,0
adopt-me,Camel,camel,2026-09-08,2,0
adopt-me,Camera Hat,camera-hat,2026-09-08,2,0
adopt-me,Campfire Stories Mega Neon Paint,campfire-stories-mega-neon-paint,2026-09-08,1,0
adopt-me,Candicorn,candicorn,2026-09-08,3,3
adopt-me,Candicorn Sticker,candicorn-sticker,2026-09-08,1,0
adopt-me,Candihorn Instrument,candihorn-instrument,2026-09-08,2,0
adopt-me,Candle,candle,2026-09-08,1,0
adopt-me,Candy Camper,candy-camper,2026-09-08,1,0
adopt-me,Candy Copper Hat,candy-copper-hat,2026-09-08,1,0
adopt-me,Candy Corn Cape,candy-corn-cape,2026-09-08,2,0
adopt-me,Candy Flare Mega Neon Pet Paint,candy-flare-mega-neon-pet-paint,2026-09-08,13,0
adopt-me,Candy Hare,candy-hare,2026-09-08,1,0
adopt-me,Candy Sticker,candy-sticker,2026-09-08,2,0
adopt-me,Candyfloss Chick,candyfloss-chick,2026-09-08,2,0
adopt-me,Candyfloss Mega Neon Paint,candyfloss-mega-neon-paint,2026-09-08,1,0
adopt-me,Capricorn,capricorn,2026-09-08,1,0
adopt-me,Capricorn Sticker,capricorn-sticker,2026-09-08,1,0
adopt-me,Captain's Wheel Throw Toy,captains-wheel-throw-toy,2026-09-08,1,0
adopt-me,Capybara,capybara,2026-09-08,1,0
adopt-me,Car Stroller,car-stroller,2026-09-08,1,0
adopt-me,Carrot Sprout,carrot-sprout,2026-09-08,1,0
adopt-me,Cat,cat,2026-09-08,4,0
adopt-me,Cat Backpack,cat-backpack,2026-09-08,1,0
adopt-me,Cat Hood,cat-hood,2026-09-08,1,0
adopt-me,Celestial Carrier,celestial-carrier,2026-09-08,1,0
adopt-me,Cerberus,cerberus,2026-09-08,1,0
adopt-me,Chameleon,chameleon,2026-09-08,1,0
adopt-me,Chameleon Sticker,chameleon-sticker,2026-09-08,1,0
adopt-me,Chanekeh,chanekeh,2026-09-08,4,0
adopt-me,Chattering Teeth Toy,chattering-teeth-toy,2026-09-08,1,0
adopt-me,Cheeky Yellow Lipped Sea Krait Sticker,cheeky-yellow-lipped-sea-krait-sticker,2026-09-08,1,0
adopt-me,Chef Gorilla,chef-gorilla,2026-09-08,1,0
adopt-me,Cherry Balloon,cherry-balloon,2026-09-08,1,0
adopt-me,Cherry Blossom Tree Sticker,cherry-blossom-tree-sticker,2026-09-08,1,0
adopt-me,Cherub Chipmunk,cherub-chipmunk,2026-09-08,3,0
adopt-me,Chick Backpack,chick-backpack,2026-09-08,1,0
adopt-me,Chick Sticker,chick-sticker,2026-09-08,2,0
adopt-me,Chickatrice,chickatrice,2026-09-08,1,0
adopt-me,Chickatrice Sticker,chickatrice-sticker,2026-09-08,1,0
adopt-me,Chihuahua,chihuahua,2026-09-08,3,0
adopt-me,Chilling Spider,chilling-spider,2026-09-08,1,0
adopt-me,Choccybunny Box,choccybunny-box,2026-09-08,1,0
adopt-me,Choco Penguin,choco-penguin,2026-09-08,1,0
adopt-me,Chocolate Chip Bat Dragon,chocolate-chip-bat-dragon,2026-09-08,1,0
adopt-me,Chocolate Chow-Chow,chocolate-chow-chow,2026-09-08,1,0
adopt-me,Chocolate Dutch Guinea Pig,chocolate-dutch-guinea-pig,2026-09-08,2,0
adopt-me,Chocolate Labrador,chocolate-labrador,2026-09-08,2,0
adopt-me,Christmas Pudding Pup,christmas-pudding-pup,2026-09-08,2,0
adopt-me,Christmas Spirit,christmas-spirit,2026-09-08,2,0
adopt-me,Christmas Spirit Sticker,christmas-spirit-sticker,2026-09-08,1,0
adopt-me,Cinnamon Roasted Almonds,cinnamon-roasted-almonds,2026-09-08,1,0
adopt-me,Cinnamon Swirl Propeller,cinnamon-swirl-propeller,2026-09-08,1,0
adopt-me,Circus Tent Propeller,circus-tent-propeller,2026-09-08,2,0
adopt-me,Clementine Owl,clementine-owl,2026-09-08,2,0
adopt-me,Clover Cow,clover-cow,2026-09-08,3,0
adopt-me,Cobra,cobra,2026-09-08,2,0
adopt-me,Cockroach,cockroach,2026-09-08,1,0
adopt-me,Cocoadile,cocoadile,2026-09-08,3,0
adopt-me,Cocoadile Cape,cocoadile-cape,2026-09-08,1,0
adopt-me,Cocoadile Hat,cocoadile-hat,2026-09-08,2,0
adopt-me,Cocoadile Sticker,cocoadile-sticker,2026-09-08,1,0
adopt-me,Coconut Drink,coconut-drink,2026-09-08,2,0
adopt-me,Coconut Friend,coconut-friend,2026-09-08,1,0
adopt-me,Coconut Friend Sticker,coconut-friend-sticker,2026-09-08,1,0
adopt-me,Cold Tim Sticker,cold-tim-sticker,2026-09-08,1,0
adopt-me,Construction Hat,construction-hat,2026-09-08,1,0
adopt-me,Cookie Flying Disc,cookie-flying-disc,2026-09-08,2,0
adopt-me,Cookie Sabre,cookie-sabre,2026-09-08,1,0
adopt-me,Cool Flying Disc,cool-flying-disc,2026-09-08,2,0
adopt-me,Copper Pickaxe Sticker,copper-pickaxe-sticker,2026-09-08,2,0
adopt-me,Corgi,corgi,2026-09-08,3,0
adopt-me,Cotton Candy Hat,cotton-candy-hat,2026-09-08,2,0
adopt-me,Cotton Candy Stick,cotton-candy-stick,2026-09-08,1,0
adopt-me,Cow,cow,2026-09-08,6,0
adopt-me,Cow Calf,cow-calf,2026-09-08,1,0
adopt-me,Cowboy Boots,cowboy-boots,2026-09-08,1,0
adopt-me,Coyote,coyote,2026-09-08,1,0
adopt-me,Cozy Cactus Friend,cozy-cactus-friend,2026-09-08,1,0
adopt-me,Cozy Mistletroll,cozy-mistletroll,2026-09-08,2,0
adopt-me,Crab,crab,2026-09-08,1,0
adopt-me,Cracked Egg,cracked-egg,2026-09-08,1,0
adopt-me,Criosphinx,criosphinx,2026-09-08,1,0
adopt-me,Cryptid,cryptid,2026-09-08,18,5
adopt-me,Crystal Egg,crystal-egg,2026-09-08,1,0
adopt-me,Crystal Necklace,crystal-necklace,2026-09-08,1,0
adopt-me,Cuddly Candle,cuddly-candle,2026-09-08,2,0
adopt-me,Cupcake Hat,cupcake-hat,2026-09-08,2,0
adopt-me,Cure All Potion,cure-all-potion,2026-09-08,1,0
adopt-me,Cursed Skull Balloon,cursed-skull-balloon,2026-09-08,1,0
adopt-me,Cute-A-Cabra Sticker,cute-a-cabra-sticker,2026-09-08,1,0
adopt-me,Dalmatian,dalmatian,2026-09-08,5,0
adopt-me,Dandelion Plush,dandelion-plush,2026-09-08,1,0
adopt-me,Dango Penguins,dango-penguins,2026-09-08,1,0
adopt-me,Dark Choccybunny,dark-choccybunny,2026-09-08,3,0
adopt-me,Deinonychus,deinonychus,2026-09-08,3,0
adopt-me,Demi Pride Pin,demi-pride-pin,2026-09-08,1,0
adopt-me,Denmark Soccer Earrings,denmark-soccer-earrings,2026-09-08,2,0
adopt-me,Diamond Dragon,diamond-dragon,2026-09-08,2,0
adopt-me,Diamond Egg,diamond-egg,2026-09-08,2,0
adopt-me,Diamond Glasses,diamond-glasses,2026-09-08,1,0
adopt-me,Diamond Griffin,diamond-griffin,2026-09-08,1,0
adopt-me,Diamond Ladybug,diamond-ladybug,2026-09-08,1,0
adopt-me,Diamond Mahi Mahi,diamond-mahi-mahi,2026-09-08,1,0
adopt-me,Diamond Unicorn,diamond-unicorn,2026-09-08,2,0
adopt-me,Dimension Drifter,dimension-drifter,2026-09-08,1,0
adopt-me,Dire Wolf,dire-wolf,2026-09-08,5,0
adopt-me,Dirty Ducky,dirty-ducky,2026-09-08,1,0
adopt-me,Dog,dog,2026-09-08,4,0
adopt-me,Dog Sticker,dog-sticker,2026-09-08,1,0
adopt-me,Dolphin,dolphin,2026-09-08,1,0
adopt-me,Dolphin Cruiser,dolphin-cruiser,2026-09-08,1,0
adopt-me,Donkey,donkey,2026-09-08,3,0
adopt-me,Donut Stroller,donut-stroller,2026-09-08,1,0
adopt-me,Doodle Glasses,doodle-glasses,2026-09-08,1,0
adopt-me,Dracula Parrot,dracula-parrot,2026-09-08,2,0
adopt-me,Dragon,dragon,2026-09-08,2,0
adopt-me,Dragon Balloon,dragon-balloon,2026-09-08,2,0
adopt-me,Dragon Eye Patch,dragon-eye-patch,2026-09-08,1,0
adopt-me,Dragon Sticker,dragon-sticker,2026-09-08,2,0
adopt-me,Dragonfly,dragonfly,2026-09-08,3,0
adopt-me,Dragonfruit Feet,dragonfruit-feet,2026-09-08,1,0
adopt-me,Dragonfruit Fox,dragonfruit-fox,2026-09-08,2,0
adopt-me,Drone Propeller,drone-propeller,2026-09-08,1,0
adopt-me,Duck Rattle,duck-rattle,2026-09-08,1,0
adopt-me,Eaten Watermelon,eaten-watermelon,2026-09-08,2,0
adopt-me,Eclipse Flying Disc,eclipse-flying-disc,2026-09-08,2,0
adopt-me,Eco Black Tree Motif Cap,eco-black-tree-motif-cap,2026-09-08,1,0
adopt-me,Eco Brown Pinecone Earrings,eco-brown-pinecone-earrings,2026-09-08,1,0
adopt-me,Eco Brown Wooden Clogs,eco-brown-wooden-clogs,2026-09-08,1,0
adopt-me,Eco Glowing Lightbulb Necklace,eco-glowing-lightbulb-necklace,2026-09-08,1,0
adopt-me,Eco Green Vine Mustache,eco-green-vine-mustache,2026-09-08,2,0
adopt-me,Eco Grey Origami Boat Hat,eco-grey-origami-boat-hat,2026-09-08,1,0
adopt-me,Eco Orange Leaf Wings,eco-orange-leaf-wings,2026-09-08,1,0
adopt-me,Eco Orange Maple Headpiece,eco-orange-maple-headpiece,2026-09-08,1,0
adopt-me,Eco Orange Maple Leaf Mustache,eco-orange-maple-leaf-mustache,2026-09-08,1,0
adopt-me,Eco Yellow Corncob Bowtie,eco-yellow-corncob-bowtie,2026-09-08,2,0
adopt-me,Egg Delivery Machine,egg-delivery-machine,2026-09-08,2,0
adopt-me,Eggnog Hare,eggnog-hare,2026-09-08,2,0
adopt-me,Eggy Plush,eggy-plush,2026-09-08,2,0
adopt-me,Ehecatl,ehecatl,2026-09-08,2,0
adopt-me,Elasmosaurus Fossil,elasmosaurus-fossil,2026-09-08,1,0
adopt-me,Elephant,elephant,2026-09-08,1,0
adopt-me,Elephant Sticker,elephant-sticker,2026-09-08,1,0
adopt-me,Elf Bandana,elf-bandana,2026-09-08,1,0
adopt-me,Elf Hat,elf-hat,2026-09-08,1,0
adopt-me,Elf Shoes,elf-shoes,2026-09-08,1,0
adopt-me,Emu,emu,2026-09-08,1,0
adopt-me,Enby Pride Pin,enby-pride-pin,2026-09-08,2,0
adopt-me,Energy Ball Throw Toy,energy-ball-throw-toy,2026-09-08,1,0
adopt-me,England Soccer Boots,england-soccer-boots,2026-09-08,1,0
adopt-me,Ermine,ermine,2026-09-08,2,0
adopt-me,Evil Chickatrice,evil-chickatrice,2026-09-08,1,0
adopt-me,Evil Unicorn,evil-unicorn,2026-09-08,2,0
adopt-me,Eye of Horus Monocle,eye-of-horus-monocle,2026-09-08,1,0
adopt-me,Fairy Bat Dragon,fairy-bat-dragon,2026-09-08,6,0
adopt-me,Fairy Lights Sticker,fairy-lights-sticker,2026-09-08,1,0
adopt-me,Fall Badge,fall-badge,2026-09-08,2,0
adopt-me,Fall Wreath Necklace,fall-wreath-necklace,2026-09-08,2,0
adopt-me,Fallow Deer,fallow-deer,2026-09-08,1,1
adopt-me,Family Home,family-home,2026-09-08,1,0
adopt-me,Fancy Top Hat,fancy-top-hat-pet-item,2026-09-08,1,0
adopt-me,Feather Boa,feather-boa,2026-09-08,1,0
adopt-me,Festive Antlers,festive-antlers,2026-09-08,2,0
adopt-me,Festive Deliveries Sleigh,festive-deliveries-sleigh,2026-09-08,1,0
adopt-me,Festive Wreath Sticker,festive-wreath-sticker,2026-09-08,1,0
adopt-me,Field Mouse Sticker,field-mouse-sticker,2026-09-08,1,0
adopt-me,Fire Dimension Portal Sticker,fire-dimension-portal-sticker,2026-09-08,2,0
adopt-me,Fire Foal,fire-foal,2026-09-08,2,0
adopt-me,Fire Hose Scarf,fire-hose-scarf,2026-09-08,1,0
adopt-me,Fire Stallion,fire-stallion,2026-09-08,1,0
adopt-me,Firefighter Boots,firefighter-boots,2026-09-08,1,0
adopt-me,Fishers' Headdress,fishers-headdress,2026-09-08,1,0
adopt-me,Fishing Tackle Grappling Hook,fishing-tackle-grappling-hook,2026-09-08,2,0
adopt-me,Flame Glasses,flame-glasses,2026-09-08,1,0
adopt-me,Flaming Zebra Sticker,flaming-zebra-sticker,2026-09-08,1,0
adopt-me,Flamingo Sticker,flamingo-sticker,2026-09-08,1,0
adopt-me,Fleur De Ice,fleur-de-ice,2026-09-08,2,0
adopt-me,Floating Cloud,floating-cloud,2026-09-08,2,0
adopt-me,Floppy Bunny Plushie,floppy-bunny-plushie,2026-09-08,2,0
adopt-me,Flower Afro Puffs,flower-afro-puffs,2026-09-08,2,0
adopt-me,Flower Drop Earrings,flower-drop-earrings,2026-09-08,1,0
adopt-me,Flower Power Duckling,flower-power-duckling,2026-09-08,3,0
adopt-me,Flower Power Duckling Sticker,flower-power-duckling-sticker,2026-09-08,2,0
adopt-me,Flower Scarf,flower-scarf,2026-09-08,1,0
adopt-me,Fluffy Earmuffs,fluffy-earmuffs,2026-09-08,1,0
adopt-me,Fly-A-Pet Potion (Forever),fly-a-pet-potion-forever,2026-09-08,5,4
adopt-me,Folded Paper Wings,folded-paper-wings,2026-09-08,1,0
adopt-me,Fool Egg,fool-egg,2026-09-08,2,0
adopt-me,Forest Sprite,forest-sprite,2026-09-08,1,0
adopt-me,Forest Warden Hat,forest-warden-hat,2026-09-08,2,0
adopt-me,Fossa,fossa,2026-09-08,1,0
adopt-me,Fox Sticker,fox-sticker,2026-09-08,2,0
adopt-me,France Soccer Cap,france-soccer-cap,2026-09-08,1,0
adopt-me,Frankenfeline,frankenfeline,2026-09-08,1,0
adopt-me,Frog,frog,2026-09-08,1,0
adopt-me,Froggy Hat,froggy-hat,2026-09-08,1,0
adopt-me,Froggy Stroller,froggy-stroller,2026-09-08,2,0
adopt-me,Frost Dragon,frost-dragon,2026-09-08,2,0
adopt-me,Frost Fury,frost-fury,2026-09-08,2,0
adopt-me,Frost Phoenix,frost-phoenix,2026-09-08,1,0
adopt-me,Frostbite Bear and Cub Animated Sticker,frostbite-bear-and-cub-animated-sticker,2026-09-08,1,0
adopt-me,Frostbite Grapple,frostbite-grapple,2026-09-08,1,0
adopt-me,Frostclaw,frostclaw,2026-09-08,1,0
adopt-me,Frozen Penguin Sticker,frozen-penguin-sticker,2026-09-08,1,0
adopt-me,Fur Tuft,fur-tuft,2026-09-08,1,0
adopt-me,Futuristic Grapple,futuristic-grapple,2026-09-08,1,0
adopt-me,Gaelic Fae,gaelic-fae,2026-09-08,1,0
adopt-me,Galapagos Sea Lion,galapagos-sea-lion,2026-09-08,1,0
adopt-me,Galaxy Collar,galaxy-collar,2026-09-08,1,0
adopt-me,Galaxy Propeller,galaxy-propeller,2026-09-08,1,0
adopt-me,Gargoyle,gargoyle,2026-09-08,1,0
adopt-me,Gay Man Pride Pin,gay-man-pride-pin,2026-09-08,1,0
adopt-me,Gecko,gecko,2026-09-08,1,0
adopt-me,Gecko Ducky,gecko-ducky,2026-09-08,3,0
adopt-me,Gender Queer Pride Pin,gender-queer-pride-pin,2026-09-08,1,0
adopt-me,General Sheepdog,general-sheepdog,2026-09-08,1,0
adopt-me,German Shepherd,german-shepherd,2026-09-08,2,3
adopt-me,Germany Bucket Hat,germany-bucket-hat,2026-09-08,1,0
adopt-me,Ghost,ghost,2026-09-08,4,0
adopt-me,Ghost Bunny,ghost-bunny,2026-09-08,5,0
adopt-me,Ghost Chick,ghost-chick,2026-09-08,1,0
adopt-me,Ghost Dog,ghost-dog,2026-09-08,1,0
adopt-me,Ghost Dog Sticker,ghost-dog-sticker,2026-09-08,1,0
adopt-me,Ghost Wolf,ghost-wolf,2026-09-08,2,0
adopt-me,Ghostly Cat,ghostly-cat,2026-09-08,2,0
adopt-me,Giant Black Scarab,giant-black-scarab,2026-09-08,1,0
adopt-me,Giant Cheetah Mount,giant-cheetah-mount,2026-09-08,0,2
adopt-me,Giant Gold Scarab,giant-gold-scarab,2026-09-08,1,0
adopt-me,Gibbon,gibbon,2026-09-08,1,0
adopt-me,Giggle Puff Balloon,giggle-puff-balloon,2026-09-08,1,0
adopt-me,Gila Monster,gila-monster,2026-09-08,1,0
adopt-me,Ginger Cat,ginger-cat,2026-09-08,2,0
adopt-me,Ginger Cat Sticker,ginger-cat-sticker,2026-09-08,1,0
adopt-me,Gingerbread Mouse,gingerbread-mouse,2026-09-08,1,0
adopt-me,Gingerbread Pogo Stick,gingerbread-pogo-stick,2026-09-08,1,0
adopt-me,Gingerbread Reindeer,gingerbread-reindeer,2026-09-08,1,0
adopt-me,Gingerbread Reindeer Sticker,gingerbread-reindeer-sticker,2026-09-08,1,0
adopt-me,Giraffe Bucket Hat,giraffe-bucket-hat,2026-09-08,1,0
adopt-me,Glamicorn Purse Pet,glamicorn-purse-pet,2026-09-08,1,0
adopt-me,Glitzy Collar,glitzy-collar,2026-09-08,2,0
adopt-me,Glormy Backpack,glormy-backpack,2026-09-08,1,0
adopt-me,Glormy Dolphin,glormy-dolphin,2026-09-08,1,0
adopt-me,Glowing Skull Key,glowing-skull-key,2026-09-08,2,0
adopt-me,Glyptodon,glyptodon,2026-09-08,2,0
adopt-me,Glyptodon Ducky,glyptodon-ducky,2026-09-08,2,0
adopt-me,Goat,goat,2026-09-08,1,0
adopt-me,Gold Circle Glasses,gold-circle-glasses,2026-09-08,1,0
adopt-me,Gold Crown with Sapphire,gold-crown-with-sapphire,2026-09-08,2,0
adopt-me,Gold Mahi Mahi,gold-mahi-mahi,2026-09-08,2,0
adopt-me,Gold Skateboard,gold-skateboard,2026-09-08,1,0
adopt-me,Golden Dragon,golden-dragon,2026-09-08,1,0
adopt-me,Golden Hummingbird,golden-hummingbird,2026-09-08,1,0
adopt-me,Golden Ladybug,golden-ladybug,2026-09-08,1,0
adopt-me,Golden Lettuce,golden-lettuce,2026-09-08,1,0
adopt-me,Golden Rings Flying Disc,golden-rings-flying-disc,2026-09-08,1,0
adopt-me,Golden Scale Pogo Stick,golden-scale-pogo-stick,2026-09-08,1,0
adopt-me,Golden Tortoise Beetle,golden-tortoise-beetle,2026-09-08,1,0
adopt-me,Golden Unicorn,golden-unicorn,2026-09-08,1,0
adopt-me,Goldfish,goldfish,2026-09-08,1,0
adopt-me,Goose,goose,2026-09-08,1,0
adopt-me,Gorilla,gorilla,2026-09-08,1,0
adopt-me,Goth Shoes,goth-shoes,2026-09-08,1,0
adopt-me,Goth Spike Boots,goth-spike-boots,2026-09-08,1,0
adopt-me,Grape Earrings,grape-earrings,2026-09-08,2,0
adopt-me,Great Pyrenees,great-pyrenees,2026-09-08,1,0
adopt-me,Green-Chested Pheasant,green-chested-pheasant,2026-09-08,2,0
adopt-me,Green Headscarf,green-headscarf,2026-09-08,1,0
adopt-me,Grim Dragon,grim-dragon,2026-09-08,2,0
adopt-me,Grinmoire,grinmoire,2026-09-08,1,0
adopt-me,Groovy Lobster Sticker,groovy-lobster-sticker,2026-09-08,1,0
adopt-me,Ground Sloth,ground-sloth,2026-09-08,1,0
adopt-me,Grunge Bucket Hat,grunge-bucket-hat,2026-09-08,1,0
adopt-me,Guardian Lion,guardian-lion,2026-09-08,3,0
adopt-me,Gull Wings,gull-wings-pet-item,2026-09-08,2,0
adopt-me,Gumball Caterpillar,gumball-caterpillar,2026-09-08,3,0
adopt-me,Gumball Caterpillar Sticker,gumball-caterpillar-sticker,2026-09-08,1,0
adopt-me,Gumball Paws,gumball-paws,2026-09-08,1,0
adopt-me,Gummy Aviator Scarf,gummy-aviator-scarf,2026-09-08,1,0
adopt-me,Gummy Goggles,gummy-goggles,2026-09-08,1,0
adopt-me,Gummy Guana,gummy-guana,2026-09-08,1,0
adopt-me,Haetae,haetae,2026-09-08,1,0
adopt-me,Halloween 2024 Sticker Pack,halloween-2024-sticker-pack,2026-09-08,1,0
adopt-me,Halloween 2025 Sticker Pack,halloween-2025-sticker-pack,2026-09-08,1,0
adopt-me,Halloween Black Mummy Cat,halloween-black-mummy-cat,2026-09-08,2,0
adopt-me,Halloween Orange Pumpkin DIY Doll,halloween-orange-pumpkin-voodoo-doll,2026-09-08,1,0
adopt-me,Halloween White Ghost Balloon,halloween-white-ghost-balloon,2026-09-08,1,0
adopt-me,Halloween White Ghost Dragon,halloween-white-ghost-dragon,2026-09-08,1,0
adopt-me,Halloween White Skeleton Dog,halloween-white-skeleton-dog,2026-09-08,2,0
adopt-me,Hammerhead Shark,hammerhead-shark,2026-09-08,1,0
adopt-me,Hanbok,hanbok,2026-09-08,1,0
adopt-me,Happy Duckling,happy-duckling,2026-09-08,3,0
adopt-me,Hare,hare,2026-09-08,1,0
adopt-me,Harp Seal,harp-seal,2026-09-08,1,0
adopt-me,Hat,hat,2026-09-08,1,0
adopt-me,Hawk,hawk,2026-09-08,2,0
adopt-me,Heart Bucket Hat,heart-bucket-hat,2026-09-08,1,0
adopt-me,Heart Eyebrows,heart-eyebrows,2026-09-08,1,0
adopt-me,Heart Hoverboard,heart-hoverboard,2026-09-08,2,0
adopt-me,Hedgehog,hedgehog,2026-09-08,0,1
adopt-me,High Heel Stroller,high-heel-stroller,2026-09-08,2,0
adopt-me,Highland Cow,highland-cow,2026-09-08,3,0
adopt-me,Holly Leash,holly-leash,2026-09-08,2,0
adopt-me,Hopbop,hopbop,2026-09-08,2,0
adopt-me,Horse,horse,2026-09-08,1,0
adopt-me,Hot Cocoa,hot-cocoa,2026-09-08,1,0
adopt-me,Hotdog,hotdog,2026-09-08,1,0
adopt-me,Hovercraft,hovercraft,2026-09-08,1,0
adopt-me,Human Bubble,human-bubble,2026-09-08,1,0
adopt-me,Humbug,humbug,2026-09-08,1,0
adopt-me,Hummingbird,hummingbird,2026-09-08,2,0
adopt-me,Husky,husky,2026-09-08,2,0
adopt-me,Hyperspeed Potion,hyperspeed-potion,2026-09-08,1,0
adopt-me,Ice Cream Cone Hat,ice-cream-cone-hat,2026-09-08,1,0
adopt-me,Ice Cream Hermit Crab,ice-cream-hermit-crab,2026-09-08,1,0
adopt-me,Ice Cream Rattle,ice-cream-rattle,2026-09-08,2,0
adopt-me,Ice Cream Sandwich Rattle,ice-cream-sandwich-rattle,2026-09-08,2,0
adopt-me,Ice Crown,ice-crown,2026-09-08,1,0
adopt-me,Ice Cube,ice-cube,2026-09-08,2,0
adopt-me,Ice Cube Throw Toy,ice-cube-throw-toy,2026-09-08,2,0
adopt-me,Ice Lolly,ice-lolly,2026-09-08,1,0
adopt-me,Ice Moth Dragon,ice-moth-dragon,2026-09-08,1,0
adopt-me,Iced Cake Stroller,iced-cake-stroller,2026-09-08,1,0
adopt-me,Icing Bag Leash,icing-bag-leash,2026-09-08,2,0
adopt-me,Icy Porcupine,icy-porcupine,2026-09-08,1,0
adopt-me,Icy Porcupine Sticker,icy-porcupine-sticker,2026-09-08,2,0
adopt-me,Indian Flying Fox Sticker,indian-flying-fox-sticker,2026-09-08,1,0
adopt-me,Inmate Capuchin Monkey,inmate-capuchin-monkey,2026-09-08,1,0
adopt-me,Inspector Cape,inspector-cape,2026-09-08,1,0
adopt-me,Inspector Siren Collar,inspector-siren-collar,2026-09-08,1,0
adopt-me,Instant Photo Necklace,instant-photo-necklace,2026-09-08,1,0
adopt-me,Intersex Pride Pin,intersex-pride-pin,2026-09-08,1,0
adopt-me,Irish Setter,irish-setter,2026-09-08,1,0
adopt-me,Island Tarsier,island-tarsier,2026-09-08,1,0
adopt-me,Italy Scarf,italy-scarf,2026-09-08,1,0
adopt-me,Ivy Necklace,ivy-necklace,2026-09-08,2,0
adopt-me,Jack O'Bounce Pogo Stick,jack-obounce-pogo-stick,2026-09-08,2,0
adopt-me,Japanese Snow Fairy,japanese-snow-fairy,2026-09-08,4,0
adopt-me,Jekyll Hydra,jekyll-hydra,2026-09-08,0,1
adopt-me,Jelly Propeller,jelly-propeller,2026-09-08,1,0
adopt-me,Jiggly Jerboa,jiggly-jerboa,2026-09-08,1,0
adopt-me,Jiggly Shoes,jiggly-shoes,2026-09-08,1,0
adopt-me,Jolly Roger Backpack,jolly-roger-backpack,2026-09-08,1,0
adopt-me,Jumping Banded Palm Civet Sticker,jumping-banded-palm-civet-sticker,2026-09-08,1,0
adopt-me,Jumping Spider,jumping-spider,2026-09-08,1,0
adopt-me,Kage Crow Sticker,kage-crow-sticker,2026-09-08,1,0
adopt-me,Kaijunior,kaijunior,2026-09-08,2,0
adopt-me,Kakapo,kakapo,2026-09-08,1,0
adopt-me,Kappakid,kappakid,2026-09-08,1,0
adopt-me,Kelp Crewmate,kelp-crewmate,2026-09-08,1,0
adopt-me,Kelp Hunter,kelp-hunter,2026-09-08,2,0
adopt-me,Kelp Raider,kelp-raider,2026-09-08,2,0
adopt-me,Keyring,keyring,2026-09-08,1,0
adopt-me,Kid Goat,kid-goat,2026-09-08,2,0
adopt-me,King Bee,king-bee,2026-09-08,1,0
adopt-me,King Penguin,king-penguin,2026-09-08,1,0
adopt-me,Kirin,kirin,2026-09-08,1,0
adopt-me,Kitsune,kitsune,2026-09-08,1,0
adopt-me,Kitty Bat,kitty-bat,2026-09-08,2,0
adopt-me,Kitty Bat Sticker,kitty-bat-sticker,2026-09-08,1,0
adopt-me,Kitty Propeller,kitty-propeller,2026-09-08,1,0
adopt-me,Kiwi Kiwi,kiwi-kiwi,2026-09-08,1,0
adopt-me,Kiwi Sticker,kiwi-sticker,2026-09-08,1,0
adopt-me,Knafeh,knafeh,2026-09-08,1,0
adopt-me,Koala,koala,2026-09-08,2,0
adopt-me,Koi Sticker,koi-sticker,2026-09-08,1,0
adopt-me,Komodo Dragon,komodo-dragon,2026-09-08,1,0
adopt-me,Ladybug,ladybug,2026-09-08,1,0
adopt-me,Lamb,lamb,2026-09-08,1,0
adopt-me,Lamb Sticker,lamb-sticker,2026-09-08,1,0
adopt-me,Laser Hat,laser-hat,2026-09-08,1,0
adopt-me,Latte Cape,latte-cape,2026-09-08,1,0
adopt-me,Latte Kitsune,latte-kitsune,2026-09-08,0,1
adopt-me,Lava Dragon,lava-dragon,2026-09-08,4,0
adopt-me,Lavender Dragon,lavender-dragon,2026-09-08,2,0
adopt-me,Leaf Hat,leaf-hat,2026-09-08,2,0
adopt-me,Leopard Cat,leopard-cat,2026-09-08,1,0
adopt-me,Leopard Shark,leopard-shark,2026-09-08,1,0
adopt-me,Lesbian Pride Pin,lesbian-pride-pin,2026-09-08,1,0
adopt-me,LGBTQ Pride Pin,lgbtq-pride-pin,2026-09-08,1,0
adopt-me,Lighthouse Hat,lighthouse-hat,2026-09-08,1,0
adopt-me,Limo,limo,2026-09-08,2,0
adopt-me,Lionfish,lionfish,2026-09-08,1,0
adopt-me,Lion's Mane,lions-mane,2026-09-08,1,0
adopt-me,Llama,llama,2026-09-08,1,0
adopt-me,Llamalush Purse Pet,llamalush-purse-pet,2026-09-08,1,0
adopt-me,Lobster,lobster,2026-09-08,1,0
adopt-me,Lollipop Sticker,lollipop-sticker,2026-09-08,1,0
adopt-me,Lotus Earrings,lotus-earrings,2026-09-08,1,0
adopt-me,Love Bird,love-bird,2026-09-08,2,0
adopt-me,Love Letter,love-letter,2026-09-08,1,0
adopt-me,Luggage,luggage,2026-09-08,1,0
adopt-me,Lunar Moon Bear,lunar-moon-bear,2026-09-08,1,0
adopt-me,Lunar New Year Headdress,lunar-new-year-headdress,2026-09-08,2,0
adopt-me,Lunar New Year Lantern,lunar-new-year-lantern,2026-09-08,2,0
adopt-me,Lunar New Year Teapot Leash,lunar-new-year-teapot-leash,2026-09-08,2,0
adopt-me,Lunar Ox,lunar-ox,2026-09-08,2,0
adopt-me,Lunar Pogo,lunar-pogo,2026-09-08,1,0
adopt-me,Lunar Rattle,lunar-rattle,2026-09-08,1,0
adopt-me,Lunar Stroller,lunar-stroller,2026-09-08,2,0
adopt-me,Lunar Tiger,lunar-tiger,2026-09-08,1,0
adopt-me,Lunar White Tiger,lunar-white-tiger,2026-09-08,1,0
adopt-me,Macaroni Penguin Slippers,macaroni-penguin-slippers,2026-09-08,1,0
adopt-me,Magic Girl Sword,magic-girl-sword,2026-09-08,1,0
adopt-me,Magician's Wand Grappling Hook,magicians-wand-grappling-hook,2026-09-08,1,0
adopt-me,Magma Moose,magma-moose,2026-09-08,1,0
adopt-me,Magma Snail,magma-snail,2026-09-08,1,0
adopt-me,Magma Snail Sticker,magma-snail-sticker,2026-09-08,1,0
adopt-me,Magpie,magpie,2026-09-08,2,0
adopt-me,Mahi Mahi,mahi-mahi,2026-09-08,4,0
adopt-me,Maine Coon,maine-coon,2026-09-08,1,0
adopt-me,Maine Coon Sticker,maine-coon-sticker,2026-09-08,1,0
adopt-me,Malayan Tapir,malayan-tapir,2026-09-08,1,0
adopt-me,Maneki-Neko,maneki-neko,2026-09-08,1,0
adopt-me,Many Mackerel,many-mackerel,2026-09-08,0,1
adopt-me,Marabou Stork Sticker,marabou-stork-sticker,2026-09-08,1,0
adopt-me,Meaty Chew Toy,meaty-chew-toy,2026-09-08,1,0
adopt-me,Mecha R4BBIT Sticker,mecha-r4bbit-sticker,2026-09-08,1,0
adopt-me,Medieval Grapple,medieval-grapple,2026-09-08,1,0
adopt-me,Meerkat,meerkat,2026-09-08,1,0
adopt-me,Merhorse,merhorse,2026-09-08,1,0
adopt-me,Mermaid Propeller,mermaid-propeller,2026-09-08,2,0
adopt-me,Merry Mistletroll,merry-mistletroll,2026-09-08,1,0
adopt-me,Meteor Plush,meteor-plush,2026-09-08,1,0
adopt-me,Mexican Wolf,mexican-wolf,2026-09-08,1,0
adopt-me,Microphone,microphone,2026-09-08,1,0
adopt-me,Milk Choccybunny,milk-choccybunny,2026-09-08,2,0
adopt-me,Mirai Moth Sticker,mirai-moth-sticker,2026-09-08,2,0
adopt-me,Mochi Meow,mochi-meow,2026-09-08,2,0
adopt-me,Mole,mole,2026-09-08,2,0
adopt-me,Monkey,monkey,2026-09-08,1,0
adopt-me,Monster Friend Hat,monster-friend-hat,2026-09-08,1,0
adopt-me,Moon Bear Box,moon-bear-box,2026-09-08,1,0
adopt-me,Moon Egg,moon-egg,2026-09-08,1,0
adopt-me,Moon Rabbit,moon-rabbit,2026-09-08,1,0
adopt-me,Moon Viewing Bench,moon-viewing-bench,2026-09-08,2,0
adopt-me,Mooncake,mooncake,2026-09-08,1,0
adopt-me,Moonlight Moth,moonlight-moth,2026-09-08,1,0
adopt-me,Moonpine,moonpine,2026-09-08,3,0
adopt-me,Moose Calf,moose-calf,2026-09-08,1,0
adopt-me,Moth Hair Clip,moth-hair-clip,2026-09-08,2,0
adopt-me,Motorized Sofa,motorized-sofa-toy,2026-09-08,1,0
adopt-me,Mouse,mouse,2026-09-08,1,0
adopt-me,Mule,mule,2026-09-08,1,0
adopt-me,Munchkin Cat,munchkin-cat,2026-09-08,4,1
adopt-me,Muskrat,muskrat,2026-09-08,4,0
adopt-me,Narwhal,narwhal,2026-09-08,2,0
adopt-me,Nature's Crown,natures-crown,2026-09-08,0,1
adopt-me,Nebula Snake,nebula-snake,2026-09-08,1,0
adopt-me,Nemes,nemes,2026-09-08,1,0
adopt-me,Nessie,nessie,2026-09-08,1,0
adopt-me,Nest,nest,2026-09-08,1,0
adopt-me,Netherlands Bucket Hat,netherlands-bucket-hat,2026-09-08,1,0
adopt-me,Netzooka,netzooka,2026-09-08,1,0
adopt-me,Night in a Jar,night-in-a-jar,2026-09-08,1,0
adopt-me,Nightmare Owl,nightmare-owl,2026-09-08,1,0
adopt-me,Noodle Cup Throw Toy,noodle-cup-throw-toy,2026-09-08,1,0
adopt-me,NYE 2026 Sticker,nye-2026-sticker,2026-09-08,1,0
adopt-me,Ocelot,ocelot,2026-09-08,1,0
adopt-me,Octopus Plush,octopus-plush,2026-09-08,1,0
adopt-me,Old King Coal,old-king-coal-pet,2026-09-08,0,1
adopt-me,Omnisex Pegasus Sticker,omnisex-pegasus-sticker,2026-09-08,2,0
adopt-me,Omnisex Pride Pin,omnisex-pride-pin,2026-09-08,2,0
adopt-me,Onza,onza,2026-09-08,1,0
adopt-me,Orange Betta Fish,orange-betta-fish,2026-09-08,1,0
adopt-me,Orange Butterfly,orange-butterfly,2026-09-08,1,0
adopt-me,Orangutan,orangutan,2026-09-08,2,0
adopt-me,Orca,orca,2026-09-08,2,0
adopt-me,Orchid Butterfly,orchid-butterfly,2026-09-08,1,0
adopt-me,Orchid Racer,orchid-racer,2026-09-08,1,0
adopt-me,Oryx,oryx,2026-09-08,1,0
adopt-me,Otter,otter,2026-09-08,2,0
adopt-me,Otter Sticker,otter-sticker,2026-09-08,2,0
adopt-me,Otter Sticker,otter-sticker,2026-09-08,2,0
adopt-me,Owl,owl,2026-09-08,5,0
adopt-me,Owl Wings,owl-wings,2026-09-08,1,0
adopt-me,Ox,ox,2026-09-08,1,0
adopt-me,Paddle Ball Rattle,paddle-ball-rattle,2026-09-08,2,0
adopt-me,Paint Sealer,paint-sealer,2026-09-08,1,0
adopt-me,Palanquin Stroller,palanquin-stroller,2026-09-08,1,0
adopt-me,Pancake Stack,pancake-stack,2026-09-08,1,0
adopt-me,Pancake Throwing Disc,pancake-throwing-disc,2026-09-08,1,0
adopt-me,Panda,panda,2026-09-08,2,0
adopt-me,Panda Frisbee,panda-frisbee,2026-09-08,1,0
adopt-me,Panda Sticker,panda-sticker,2026-09-08,1,0
adopt-me,Pangolin,pangolin,2026-09-08,3,0
adopt-me,Paper Plane Throw Toy,paper-plane-throw-toy,2026-09-08,1,0
adopt-me,Parrot,parrot,2026-09-08,0,1
adopt-me,Parrot Hood,parrot-hood,2026-09-08,1,0
adopt-me,Patchy Bear,patchy-bear,2026-09-08,1,0
adopt-me,Peach Owl,peach-owl,2026-09-08,1,0
adopt-me,Peachick,peachick,2026-09-08,2,0
adopt-me,Peanut Friend Chewtoy,peanut-friend-chewtoy,2026-09-08,1,0
adopt-me,Pearl Necklace,pearl-necklace,2026-09-08,1,0
adopt-me,Pelican Sticker,pelican-sticker,2026-09-08,1,0
adopt-me,Penguin,penguin,2026-09-08,2,0
adopt-me,Peppermint Penguin,peppermint-penguin,2026-09-08,2,0
adopt-me,Pet Handler Pro Certificate,pet-handler-pro-certificate,2026-09-08,1,1
adopt-me,Phantom Dragon Sticker,phantom-dragon-sticker,2026-09-08,1,0
adopt-me,Phoenix,phoenix,2026-09-08,2,0
adopt-me,Pickle Elf Chew Toy,pickle-elf-chew-toy,2026-09-08,1,0
adopt-me,Picnic Basket,picnic-basket,2026-09-08,1,0
adopt-me,Pineapple Owl,pineapple-owl,2026-09-08,1,0
adopt-me,Pink Betta Fish,pink-betta-fish,2026-09-08,1,0
adopt-me,Pink Bowling Ball,pink-bowling-ball,2026-09-08,1,0
adopt-me,Pink Butterfly Wings,pink-butterfly-wings,2026-09-08,1,0
adopt-me,Pink Cap,pink-cap,2026-09-08,2,0
adopt-me,Pink Cat Balloon,pink-cat-balloon,2026-09-08,1,0
adopt-me,Pink Cat Ear Headphones,pink-cat-ear-headphones,2026-09-08,2,0
adopt-me,Pink Hightops,pink-hightops,2026-09-08,1,0
adopt-me,Pink Lotus,pink-lotus,2026-09-08,1,0
adopt-me,Pink Pogostick,pink-pogostick,2026-09-08,1,0
adopt-me,Pink Scooter,pink-scooter,2026-09-08,1,0
adopt-me,Pink Sneakers,pink-sneakers,2026-09-08,1,0
adopt-me,Pirate Cutlass,pirate-cutlass,2026-09-08,1,0
adopt-me,Pirate Dog Sticker,pirate-dog-sticker,2026-09-08,1,0
adopt-me,Pirate Plushie,pirate-plushie,2026-09-08,1,0
adopt-me,Planetary Core Car,planetary-core-car,2026-09-08,2,0
adopt-me,Pleading Tarsier Sticker,pleading-tarsier-sticker,2026-09-08,1,0
adopt-me,Polar Bear,polar-bear,2026-09-08,2,0
adopt-me,Pomeranian,pomeranian,2026-09-08,2,0
adopt-me,Poodle,poodle,2026-09-08,4,0
adopt-me,Postie Van,postie-van,2026-09-08,1,0
adopt-me,Praying Mantis,praying-mantis,2026-09-08,1,0
adopt-me,Premium Fire Pit,premium-fire-pit,2026-09-08,1,0
adopt-me,Premium Log Bench,premium-log-bench,2026-09-08,1,0
adopt-me,Pretty Pony,pretty-pony,2026-09-08,1,0
adopt-me,Priceless Jewel,priceless-jewel,2026-09-08,1,0
adopt-me,Pride Balloons,pride-balloons,2026-09-08,1,0
adopt-me,Pride Earrings,pride-earrings,2026-09-08,1,0
adopt-me,Pride Glasses,pride-glasses,2026-09-08,1,0
adopt-me,Primal Kaijunior,primal-kaijunior,2026-09-08,1,0
adopt-me,Pterodactyl,pterodactyl,2026-09-08,2,0
adopt-me,Puckered Up Pufferfish Sticker,puckered-up-pufferfish-sticker,2026-09-08,2,0
adopt-me,Pudding Cat,pudding-cat,2026-09-08,2,0
adopt-me,Pudding Cat Sticker,pudding-cat-sticker,2026-09-08,2,0
adopt-me,Puffer Fish,puffer-fish,2026-09-08,1,0
adopt-me,Puffin Sticker,puffin-sticker,2026-09-08,1,0
adopt-me,Puma,puma,2026-09-08,1,0
adopt-me,Purple Heart Glasses,purple-heart-glasses,2026-09-08,1,0
adopt-me,Purple Rose,purple-rose,2026-09-08,1,0
adopt-me,Purrowl,purrowl,2026-09-08,3,0
adopt-me,Pyramids Badge,pyramids-badge,2026-09-08,2,0
adopt-me,Queen Bee,queen-bee,2026-09-08,1,0
adopt-me,Queen Bee Sticker,queen-bee-sticker,2026-09-08,1,0
adopt-me,Queenslander House,queenslander-house,2026-09-08,1,0
adopt-me,Rabbit,rabbit,2026-09-08,3,0
adopt-me,Raccoon,raccoon,2026-09-08,1,0
adopt-me,Radish Friend,radish-friend,2026-09-08,2,0
adopt-me,Rain Badge,rain-badge,2026-09-08,1,0
adopt-me,Rain Cloud Hat,rain-cloud-hat,2026-09-08,1,0
adopt-me,Rain Hat,rain-hat,2026-09-08,1,0
adopt-me,Rainbow Bucket Hat,rainbow-bucket-hat,2026-09-08,2,0
adopt-me,Rainbow Maker,rainbow-maker,2026-09-08,3,0
adopt-me,Rainbow Popsicle Friend,rainbow-popsicle-friend,2026-09-08,2,0
adopt-me,Rainbow Sword,rainbow-sword,2026-09-08,1,0
adopt-me,Rainbow Trail Magic Carpet,rainbow-trail-magic-carpet,2026-09-08,1,0
adopt-me,Rainbow Trout,rainbow-trout,2026-09-08,1,0
adopt-me,Rainbow Wand,rainbow-wand,2026-09-08,1,0
adopt-me,Rainy Clouds Earrings,rainy-clouds-earrings,2026-09-08,1,0
adopt-me,Ram,ram,2026-09-08,1,0
adopt-me,Ram Sticker,ram-sticker,2026-09-08,1,0
adopt-me,Rat,rat,2026-09-08,1,0
adopt-me,Ratatoskr,ratatoskr,2026-09-08,3,0
adopt-me,Rattle,rattle,2026-09-08,1,0
adopt-me,Rattlesnake,rattlesnake,2026-09-08,1,0
adopt-me,Raven Collar,raven-collar,2026-09-08,1,0
adopt-me,Red Beanie,red-beanie,2026-09-08,1,0
adopt-me,Red Butterfly,red-butterfly,2026-09-08,1,0
adopt-me,Red Cardinal,red-cardinal,2026-09-08,1,0
adopt-me,Red Masquerade Mask,red-masquerade-mask,2026-09-08,1,0
adopt-me,Red Panda,red-panda,2026-09-08,2,0
adopt-me,Red Panda Cupcake Chew Toy,red-panda-cupcake-chew-toy,2026-09-08,2,0
adopt-me,Red Panda Ducky,red-panda-ducky,2026-09-08,3,0
adopt-me,Red Pogostick,red-pogostick,2026-09-08,2,0
adopt-me,Red Purse,red-purse,2026-09-08,1,0
adopt-me,Red Squirrel,red-squirrel,2026-09-08,3,0
adopt-me,Reindeer Rattle,reindeer-rattle,2026-09-08,2,0
adopt-me,Retired Egg,retired-egg,2026-09-08,1,0
adopt-me,Retro 3D Glasses,retro-3d-glasses,2026-09-08,1,0
adopt-me,RGB Friend,rgb-friend,2026-09-08,2,0
adopt-me,RGB Headset,rgb-headset,2026-09-08,1,0
adopt-me,RGB Monster Truck,rgb-monster-truck,2026-09-08,2,0
adopt-me,RGB Phone Throw Toy,rgb-phone-throw-toy,2026-09-08,1,0
adopt-me,RGB Propeller,rgb-propeller,2026-09-08,1,0
adopt-me,RGB Reward Box,rgb-reward-box,2026-09-08,2,0
adopt-me,RGB Stroller,rgb-stroller,2026-09-08,1,0
adopt-me,RGB Sword Rattle,rgb-sword-rattle,2026-09-08,1,0
adopt-me,Ribbon Seal,ribbon-seal,2026-09-08,1,0
adopt-me,Ribcage Carriage,ribcage-carriage,2026-09-08,1,0
adopt-me,Rice Cake Rabbit,rice-cake-rabbit,2026-09-08,1,0
adopt-me,Rice Cake Rabbit Kite,rice-cake-rabbit-kite,2026-09-08,1,0
adopt-me,Ride-A-Pet Potion (Forever),ride-a-pet-potion-forever,2026-09-08,18,16
adopt-me,Ring of Fire Throwing Disc,ring-of-fire-throwing-disc,2026-09-08,1,0
adopt-me,Robin,robin,2026-09-08,1,0
adopt-me,Robo Arms Collar,robo-arms-collar,2026-09-08,1,0
adopt-me,Robo Balloon,robo-balloon,2026-09-08,1,0
adopt-me,Robo Dog,robo-dog,2026-09-08,2,0
adopt-me,Robot,robot,2026-09-08,3,0
adopt-me,Robot Arm,robot-arm,2026-09-08,1,0
adopt-me,Rose Dragon,rose-dragon,2026-09-08,0,2
adopt-me,Rose Rattle,rose-rattle,2026-09-08,1,0
adopt-me,Rose Throw Toy,rose-throw-toy,2026-09-08,1,0
adopt-me,Royal Egg,royal-egg,2026-09-08,2,0
adopt-me,Rubber Chicken Rattle,rubber-chicken-rattle,2026-09-08,2,0
adopt-me,Rubber Ducky,rubber-ducky,2026-09-08,1,0
adopt-me,Ruby Necklace,ruby-necklace,2026-09-08,1,0
adopt-me,Sado Mole,sado-mole,2026-09-08,1,0
adopt-me,Sakura Scythe,sakura-scythe,2026-09-08,1,0
adopt-me,Sakura Spirit,sakura-spirit,2026-09-08,0,1
adopt-me,Salamander,salamander,2026-09-08,1,0
adopt-me,Samoyed,samoyed,2026-09-08,2,0
adopt-me,Sandbox Island,sandbox-island,2026-09-08,2,0
adopt-me,Santa Beard,santa-beard,2026-09-08,2,0
adopt-me,Sasquatch,sasquatch,2026-09-08,1,0
adopt-me,Scarebear,scarebear,2026-09-08,4,0
adopt-me,Scarecrow Cat,scarecrow-cat,2026-09-08,1,0
adopt-me,Scarecrow Cat Sticker,scarecrow-cat-sticker,2026-09-08,1,0
adopt-me,Scarecrow Sticker,scarecrow-sticker,2026-09-08,1,0
adopt-me,Scarlet Butterfly,scarlet-butterfly,2026-09-08,1,0
adopt-me,Science Hat,science-hat,2026-09-08,2,0
adopt-me,Scorching Kaijunior Sticker,scorching-kaijunior-sticker,2026-09-08,1,0
adopt-me,Sea Angel,sea-angel,2026-09-08,1,0
adopt-me,Sea Monster Friend Hat,sea-monster-friend,2026-09-08,2,0
adopt-me,Sea Turtle,sea-turtle,2026-09-08,2,0
adopt-me,Seafoam Butterfly,seafoam-butterfly,2026-09-08,1,0
adopt-me,Seahorse,seahorse,2026-09-08,3,0
adopt-me,Seahorse Sticker,seahorse-sticker,2026-09-08,1,0
adopt-me,Seal Pogo,seal-pogo,2026-09-08,2,0
adopt-me,Seaweed,seaweed,2026-09-08,2,0
adopt-me,Septum Ring,septum-ring,2026-09-08,1,0
adopt-me,Shadow Dragon,shadow-dragon,2026-09-08,1,0
adopt-me,Shadow Dragon Ducky,shadow-dragon-ducky,2026-09-08,1,0
adopt-me,Shadow Rider,shadow-rider,2026-09-08,0,1
adopt-me,Shark,shark,2026-09-08,3,0
adopt-me,Shark Puppy,shark-puppy,2026-09-08,1,0
adopt-me,Shark Swimcap,shark-swimcap,2026-09-08,1,0
adopt-me,Sheepdog Ducky,sheepdog-ducky,2026-09-08,2,0
adopt-me,Shetland Pony Dark Brown,shetland-pony-dark-brown,2026-09-08,1,0
adopt-me,Shiba Inu,shiba-inu,2026-09-08,3,0
adopt-me,Shiver Wolf Sticker,shiver-wolf-sticker,2026-09-08,1,0
adopt-me,Shopping Cart Stroller,shopping-cart-stroller,2026-09-08,2,0
adopt-me,Show Pony,show-pony,2026-09-08,3,0
adopt-me,Shrew,shrew,2026-09-08,2,0
adopt-me,Siamese Cat,siamese-cat,2026-09-08,0,1
adopt-me,Silly Duck,silly-duck,2026-09-08,1,0
adopt-me,Skele-Rex Sticker,skele-rex-sticker,2026-09-08,1,0
adopt-me,Skelebat,skelebat,2026-09-08,1,0
adopt-me,Sketchbook,sketchbook,2026-09-08,1,0
adopt-me,Skunk,skunk,2026-09-08,1,0
adopt-me,Sledding Penguin Sticker,sledding-penguin-sticker,2026-09-08,1,0
adopt-me,Sleepy Armadillo Sticker,sleepy-armadillo-sticker,2026-09-08,1,0
adopt-me,Slime,slime,2026-09-08,2,0
adopt-me,Slimingo,slimingo,2026-09-08,2,0
adopt-me,Sloth,sloth,2026-09-08,4,0
adopt-me,Sloth Sticker,sloth-sticker,2026-09-08,1,0
adopt-me,Sneak Weasel,sneak-weasel,2026-09-08,1,0
adopt-me,Snorgle,snorgle,2026-09-08,1,0
adopt-me,Snow Cat,snow-cat,2026-09-08,2,0
adopt-me,Snow Cloud Wings,snow-cloud-wings,2026-09-08,1,0
adopt-me,Snow Cone,snow-cone,2026-09-08,1,0
adopt-me,Snow Leopard,snow-leopard,2026-09-08,1,0
adopt-me,Snow Monkey Sticker,snow-monkey-sticker,2026-09-08,1,0
adopt-me,Snow Owl,snow-owl,2026-09-08,4,0
adopt-me,Snowball Launcher,snowball-launcher,2026-09-08,1,0
adopt-me,Snowflake Earrings,snowflake-earrings,2026-09-08,2,0
adopt-me,Snowman,snowman,2026-09-08,2,0
adopt-me,Snowman Plushie Friend,snowman-plushie-friend,2026-09-08,2,0
adopt-me,Snowstorm Hat,snowstorm-hat,2026-09-08,1,0
adopt-me,Snowy Mammoth,snowy-mammoth,2026-09-08,1,0
adopt-me,Snowy Mammoth Sticker,snowy-mammoth-sticker,2026-09-08,1,0
adopt-me,Soccer Ball Throw Toy,soccer-ball-throw-toy,2026-09-08,2,0
adopt-me,Soccer Car,soccer-car,2026-09-08,1,0
adopt-me,Solar Winged Halo,solar-winged-halo,2026-09-08,2,0
adopt-me,Solarpunk Skates,solarpunk-skates,2026-09-08,1,0
adopt-me,Sorcerer Hat,sorcerer-hat,2026-09-08,1,0
adopt-me,Spain Soccer Earrings,spain-soccer-earrings,2026-09-08,1,0
adopt-me,Spinning Teacup Vehicle,spinning-teacup-vehicle,2026-09-08,1,0
adopt-me,Spiral Glasses,spiral-glasses,2026-09-08,1,0
adopt-me,Spring Bunny Feet,spring-bunny-feet,2026-09-08,2,0
adopt-me,Spring Bunny Hood,spring-bunny-hood,2026-09-08,4,0
adopt-me,Spring Bunny Nose,spring-bunny-nose,2026-09-08,1,0
adopt-me,Sprinkler Propeller,sprinkler-propeller,2026-09-08,2,0
adopt-me,Spyglass Glasses,spyglass-glasses,2026-09-08,1,0
adopt-me,Squid,squid,2026-09-08,2,0
adopt-me,Squid Sticker,squid-sticker,2026-09-08,1,0
adopt-me,Squirty Flower,squirty-flower,2026-09-08,1,0
adopt-me,St Bernard,st-bernard,2026-09-08,2,0
adopt-me,Star Topper Plush,star-topper-plush,2026-09-08,1,0
adopt-me,Starfish,starfish,2026-09-08,1,0
adopt-me,Starfish Sticker,starfish-sticker,2026-09-08,1,0
adopt-me,Starhopper,starhopper,2026-09-08,1,0
adopt-me,Starmite,starmite,2026-09-08,1,0
adopt-me,Steel Drum,steel-drum,2026-09-08,1,0
adopt-me,Steel Toe Heel,steel-toe-heel,2026-09-08,1,0
adopt-me,Stegosaurus,stegosaurus,2026-09-08,2,0
adopt-me,Strawberry Cakeroll Plush,strawberry-cakeroll-plush,2026-09-08,1,0
adopt-me,Strawberry Kitty Throw Toy,strawberry-kitty-throw-toy,2026-09-08,2,0
adopt-me,Strawberry Rattle,strawberry-rattle,2026-09-08,2,0
adopt-me,Strawberry Shortcake Bat Dragon,strawberry-shortcake-bat-dragon,2026-09-08,6,0
adopt-me,Strawberry Shortcake Bow,strawberry-shortcake-bow,2026-09-08,1,0
adopt-me,Strawberry Shortcake Ducky,strawberry-shortcake-ducky,2026-09-08,1,0
adopt-me,Strawberry Teapot Leash,strawberry-teapot-leash,2026-09-08,1,0
adopt-me,Stripey Fall Scarf,stripey-fall-scarf,2026-09-08,1,0
adopt-me,Stygian Owl,stygian-owl,2026-09-08,1,0
adopt-me,Stylish Neckerchief,stylish-neckerchief,2026-09-08,1,0
adopt-me,Subzero Popsicle Bait,subzero-popsicle-bait,2026-09-08,1,0
adopt-me,Sugarfest 2026 Sticker Pack,sugarfest-2026-sticker-pack,2026-09-08,1,0
adopt-me,Summer Walrus,summer-walrus,2026-09-08,1,0
adopt-me,Sun Wings,sun-wings,2026-09-08,1,0
adopt-me,Sunflower Friend,sunflower-friend,2026-09-08,1,0
adopt-me,Sunglasses,sunglasses,2026-09-08,1,0
adopt-me,Sunhat,sunhat,2026-09-08,1,0
adopt-me,Sunrise Duckling,sunrise-duckling,2026-09-08,2,0
adopt-me,Sunrise Duckling Sticker,sunrise-duckling-sticker,2026-09-08,2,0
adopt-me,Sushi Penguin,sushi-penguin,2026-09-08,1,0
adopt-me,Sword,sword,2026-09-08,1,0
adopt-me,Swordfish,swordfish,2026-09-08,2,0
adopt-me,Tan Chow-Chow,tan-chow-chow,2026-09-08,2,0
adopt-me,Tarsier,tarsier,2026-09-08,1,0
adopt-me,Tasmanian Tiger,tasmanian-tiger,2026-09-08,2,0
adopt-me,Tealwood Monster,tealwood-monster,2026-09-08,1,0
adopt-me,Teddy Bear,teddy-bear,2026-09-08,1,0
adopt-me,Teddy Skele,teddy-skele,2026-09-08,1,0
adopt-me,Temple Friend,temple-friend,2026-09-08,2,0
adopt-me,The Black Dog Sticker,the-black-dog-sticker,2026-09-08,1,0
adopt-me,Tiny Home,tiny-home,2026-09-08,13,0
adopt-me,Toaster Tart Backpack,toaster-tart-backpack,2026-09-08,3,0
adopt-me,Toasty Dreams Sticker,toasty-dreams-sticker,2026-09-08,1,0
adopt-me,Toasty Mittens,toasty-mittens,2026-09-08,2,0
adopt-me,Tortuga de la Isla Sticker,tortuga-de-la-isla-sticker-sticker,2026-09-08,1,0
adopt-me,Toucan,toucan,2026-09-08,1,0
adopt-me,Toxic Kaijunior Sticker,toxic-kaijunior-sticker,2026-09-08,1,0
adopt-me,Toy Poodle,toy-poodle,2026-09-08,2,0
adopt-me,Traffic Cone,traffic-cone,2026-09-08,3,0
adopt-me,Trans Pride Pin,trans-pride-pin,2026-09-08,1,0
adopt-me,Treble Clef Pogo Stick,treble-clef-pogo-stick,2026-09-08,2,0
adopt-me,Tree Frog,tree-frog,2026-09-08,1,0
adopt-me,Tree Kangaroo Family Sticker,tree-kangaroo-family-sticker,2026-09-08,1,0
adopt-me,Tree Sasquatch,tree-sasquatch,2026-09-08,1,0
adopt-me,Triceratops,triceratops,2026-09-08,1,0
adopt-me,Turkey,turkey,2026-09-08,2,0
adopt-me,Turtle,turtle,2026-09-08,9,0
adopt-me,Turtle Doves,turtle-doves,2026-09-08,1,0
adopt-me,Turtle Doves Sticker,turtle-doves-sticker,2026-09-08,1,0
adopt-me,Tuxedo Cat,tuxedo-cat,2026-09-08,2,0
adopt-me,Unicorn,unicorn,2026-09-08,6,0
adopt-me,Unicorn Ducky,unicorn-ducky,2026-09-08,3,0
adopt-me,Unicorn Horn,unicorn-horn,2026-09-08,2,0
adopt-me,Unpoppable Bubble,unpoppable-bubble,2026-09-08,1,0
adopt-me,Vampire Dragon,vampire-dragon,2026-09-08,2,1
adopt-me,Very Happy Clam Sticker,very-happy-clam-sticker,2026-09-08,1,0
adopt-me,Vine Leash,vine-leash,2026-09-08,1,0
adopt-me,Violet Friend,violet-friend,2026-09-08,1,0
adopt-me,Vol. 2 Pets Plus Sticker Pack,vol-2-pets-plus-sticker-pack,2026-09-08,2,0
adopt-me,Volcanic Rhino,volcanic-rhino,2026-09-08,1,0
adopt-me,Waffle Coat,waffle-coat,2026-09-08,1,0
adopt-me,Waffle Wagon,waffle-wagon,2026-09-08,2,0
adopt-me,Waffle Wyrm,waffle-wyrm,2026-09-08,1,0
adopt-me,Walrus Sticker,walrus-sticker,2026-09-08,1,0
adopt-me,Water Moon Bear,water-moon-bear,2026-09-08,1,0
adopt-me,Water Opossum,water-opossum,2026-09-08,4,0
adopt-me,Water Rabbit Sticker,water-rabbit-sticker,2026-09-08,1,0
adopt-me,Watermelon Backpack,watermelon-backpack,2026-09-08,1,0
adopt-me,Watermelon Shoes,watermelon-shoes,2026-09-08,1,0
adopt-me,Weevil,weevil,2026-09-08,2,0
adopt-me,Werewolf,werewolf,2026-09-08,1,0
adopt-me,Wesekh,wesekh,2026-09-08,1,0
adopt-me,Wet Owl Sticker,wet-owl-sticker,2026-09-08,1,0
adopt-me,White Bandana,white-bandana,2026-09-08,1,0
adopt-me,White Choccybunny,white-choccybunny,2026-09-08,3,0
adopt-me,White Pogostick,white-pogostick,2026-09-08,1,0
adopt-me,White Skeleton Dog Sticker,white-skeleton-dog-sticker,2026-09-08,1,0
adopt-me,White Visor,white-visor,2026-09-08,1,0
adopt-me,Wildfire Hawk Sticker,wildfire-hawk-sticker,2026-09-08,2,0
adopt-me,Wind Turbine Earrings,wind-turbine-earrings,2026-09-08,1,0
adopt-me,Winged Horse,winged-horse,2026-09-08,3,0
adopt-me,Winged Horse Sticker,winged-horse-sticker,2026-09-08,1,0
adopt-me,Winged Skates,winged-skates,2026-09-08,1,0
adopt-me,Winter 2025 Sticker Pack,winter-2025-sticker-pack,2026-09-08,2,0
adopt-me,Winter Fawn,winter-fawn,2026-09-08,1,0
adopt-me,Witch Propeller,witch-propeller,2026-09-08,1,0
adopt-me,Wolpertinger,wolpertinger,2026-09-08,1,0
adopt-me,Wood Pigeon Sticker,wood-pigeon-sticker,2026-09-08,1,0
adopt-me,Wooden Pan Flute,wooden-pan-flute,2026-09-08,1,0
adopt-me,Woodland Egg,woodland-egg,2026-09-08,2,0
adopt-me,Woodpecker,woodpecker,2026-09-08,1,0
adopt-me,Woolly Mammoth Sticker,woolly-mammoth-sticker,2026-09-08,1,0
adopt-me,Wrapping Paper Throw Toy,wrapping-paper-throw-toy,2026-09-08,1,0
adopt-me,Wren,wren,2026-09-08,1,0
adopt-me,Wyvern,wyvern,2026-09-08,1,0
adopt-me,Yarn Apple,yarn-apple,2026-09-08,1,0
adopt-me,Yellow Butterfly,yellow-butterfly,2026-09-08,1,0
adopt-me,Yellow Designer Backpack,yellow-designer-backpack,2026-09-08,1,0
adopt-me,Yellow Sneakers,yellow-sneakers,2026-09-08,1,0
adopt-me,Yeti,yeti,2026-09-08,1,0
adopt-me,Yule Log Dog Sticker,yule-log-dog-sticker,2026-09-08,1,0
adopt-me,Yule Log Treat,yule-log-treat,2026-09-08,2,0
adopt-me,Zebra,zebra,2026-09-08,2,0
adopt-me,Zeopod,zeopod,2026-09-08,4,0
adopt-me,Zombie Buffalo,zombie-buffalo,2026-09-08,1,0
adopt-me,Mrs. Whiskerpips,,2026-09-08,3,
adopt-me,Cabin Crew Hat,,2026-09-08,1,
adopt-me,Fairytale Egg,,2026-09-08,4,
adopt-me,Campfire Log Sticker,,2026-09-08,1,
adopt-me,Birthday Cake,,2026-09-08,1,
adopt-me,Aestus Sticker,,2026-09-08,1,
adopt-me,9th Birthday Cupcake,,2026-09-08,1,
adopt-me,Camping Tent Sticker,,2026-09-08,1,
adopt-me,Water Balloon Sticker,,2026-09-08,1,
adopt-me,Gingerbread House,,2026-09-08,1,
adopt-me,Chipmunk Sticker,,2026-09-08,1,
adopt-me,Pinkypillar,,2026-09-08,1,
adopt-me,Clubtail Dragonfly Sticker,,2026-09-08,1,
adopt-me,Interior Design,,2026-09-08,1,
adopt-me,Hawk Sticker,,2026-09-08,2,
adopt-me,Sheepdog Army Hair,,2026-09-08,1,
adopt-me,Birthday Cake Hat,,2026-09-08,1,
adopt-me,Summer Camp 2026 Sticker Pack,,2026-09-08,1,
adopt-me,Camp Patch Sash,,2026-09-08,2,
adopt-me,Lighthouse Sticker,,2026-09-08,2,
adopt-me,2021 Uplift Butterfly,2021-uplift-butterfly,2026-09-09,1,0
adopt-me,2025 Bauble Sticker,2025-bauble-sticker,2026-09-09,2,0
adopt-me,2026 Birthday Butterfly,2026-birthday-butterfly,2026-09-09,1,0
adopt-me,2D Bone Chew Toy,2d-bone-chew-toy,2026-09-09,2,0
adopt-me,2D Doggy,2d-doggy,2026-09-09,1,0
adopt-me,2D Kitty,2d-kitty,2026-09-09,1,0
adopt-me,2D Kitty Sticker,2d-kitty-sticker,2026-09-09,1,0
adopt-me,2D Pencil Rattle,2d-pencil-rattle,2026-09-09,1,0
adopt-me,2D Top Hat,2d-top-hat,2026-09-09,1,0
adopt-me,Abyssinian Cat,abyssinian-cat,2026-09-09,3,0
adopt-me,Admin Abuse Box,admin-abuse-box,2026-09-09,1,0
adopt-me,Admin Abuse Egg,admin-abuse-egg,2026-09-09,1,0
adopt-me,African Painted Dog Sticker,african-painted-dog-sticker,2026-09-09,2,0
adopt-me,African Wild Dog,african-wild-dog,2026-09-09,1,0
adopt-me,Albatross,albatross,2026-09-09,1,0
adopt-me,Albino Bat,albino-bat,2026-09-09,2,0
adopt-me,Alicorn,alicorn,2026-09-09,3,0
adopt-me,Alley Cat,alley-cat,2026-09-09,2,0
adopt-me,Alpaca,alpaca,2026-09-09,1,0
adopt-me,Amber Butterfly,amber-butterfly,2026-09-09,1,0
adopt-me,Ancient Dragon,ancient-dragon,2026-09-09,3,0
adopt-me,Angus Calf,angus-calf,2026-09-09,1,0
adopt-me,Angus Cow,angus-cow,2026-09-09,4,0
adopt-me,Ankylosaurus Fossil,ankylosaurus-fossil,2026-09-09,2,0
adopt-me,Ant,ant,2026-09-09,2,0
adopt-me,Antenna,antenna,2026-09-09,2,0
adopt-me,Arctic Dusk Dragon,arctic-dusk-dragon,2026-09-09,2,0
adopt-me,Arctic Dusk Dragon Sticker,arctic-dusk-dragon-sticker,2026-09-09,2,0
adopt-me,Arctic Fox,arctic-fox,2026-09-09,2,0
adopt-me,Arctic Reindeer,arctic-reindeer,2026-09-09,1,0
adopt-me,Armadillo,armadillo,2026-09-09,1,0
adopt-me,Aromantic Pride Pin,aromantic-pride-pin,2026-09-09,1,0
adopt-me,Arrow Head,arrow-head,2026-09-09,1,0
adopt-me,Ash Zebra Sticker,ash-zebra-sticker,2026-09-09,1,0
adopt-me,Aurora Fox,aurora-fox,2026-09-09,2,1
adopt-me,Aviators,aviators,2026-09-09,1,0
adopt-me,Axolotl,axolotl,2026-09-09,2,0
adopt-me,Aztec Egg,aztec-egg,2026-09-09,1,0
adopt-me,Aztec Mask,aztec-mask,2026-09-09,1,0
adopt-me,Back Pencil,back-pencil,2026-09-09,2,0
adopt-me,Badly Wrapped Toy Sword,badly-wrapped-toy-sword,2026-09-09,1,0
adopt-me,Bakeneko,bakeneko,2026-09-09,2,0
adopt-me,Bakeneko Sticker,bakeneko-sticker,2026-09-09,1,0
adopt-me,Bali Starling,bali-starling,2026-09-09,1,0
adopt-me,Balloon,balloon,2026-09-09,1,0
adopt-me,Balloon Flower Hat,balloon-flower-hat,2026-09-09,1,0
adopt-me,Balloon Unicorn,balloon-unicorn,2026-09-09,0,1
adopt-me,Balloon Wings,balloon-wings-pet-item,2026-09-09,1,0
adopt-me,Balloons,balloons,2026-09-09,2,0
adopt-me,Banana Pogo,banana-pogo,2026-09-09,1,0
adopt-me,Bandicoot,bandicoot,2026-09-09,2,0
adopt-me,Basic Egg,basic-egg,2026-09-09,1,0
adopt-me,Bat,bat,2026-09-09,1,0
adopt-me,Bat Dragon,bat-dragon,2026-09-09,3,0
adopt-me,Bat Face Roller Skates,bat-face-roller-skates,2026-09-09,1,0
adopt-me,Bat Wings,bat-wings,2026-09-09,1,0
adopt-me,Battery Backpack,battery-backpack,2026-09-09,2,0
adopt-me,Beach Necklace,beach-necklace,2026-09-09,1,0
adopt-me,Bear Cap,bear-cap,2026-09-09,1,0
adopt-me,Bear Head Plush,bear-head-plush,2026-09-09,2,0
adopt-me,Bear Keychain,bear-keychain,2026-09-09,2,0
adopt-me,Bear Winter Hat,bear-winter-hat,2026-09-09,1,0
adopt-me,Beaver,beaver,2026-09-09,2,0
adopt-me,Beaver Sticker,beaver-sticker,2026-09-09,2,0
adopt-me,Bee,bee,2026-09-09,4,0
adopt-me,Bee Hive,bee-hive,2026-09-09,1,0
adopt-me,Bee Sticker,bee-sticker,2026-09-09,1,0
adopt-me,Beluga Badge,beluga-badge,2026-09-09,1,0
adopt-me,Bewitched Hat,bewitched-hat,2026-09-09,2,0
adopt-me,Bird Feeder Pogo,bird-feeder-pogo,2026-09-09,2,0
adopt-me,Bird of Paradise,bird-of-paradise,2026-09-09,2,0
adopt-me,Birthday Butterfly 2024,birthday-butterfly-2024,2026-09-09,1,0
adopt-me,Black Bandana,black-bandana,2026-09-09,1,0
adopt-me,Black Cartoon Hair,black-cartoon-hair,2026-09-09,2,0
adopt-me,Black Chow-Chow,black-chow-chow,2026-09-09,2,0
adopt-me,Black Cozy Hood,black-cozy-hood,2026-09-09,1,0
adopt-me,Black-Footed Ferret,black-footed-ferret,2026-09-09,1,0
adopt-me,Black Moon Bear,black-moon-bear,2026-09-09,1,0
adopt-me,Black Rhino,black-rhino,2026-09-09,4,0
adopt-me,Black Skateboard,black-skateboard,2026-09-09,1,0
adopt-me,Black Tiger,black-tiger,2026-09-09,3,0
adopt-me,Blazing Lion,blazing-lion,2026-09-09,1,0
adopt-me,Blue Butterfly,blue-butterfly,2026-09-09,2,0
adopt-me,Blue Butterfly Wings,blue-butterfly-wings,2026-09-09,1,0
adopt-me,Blue Cat Ear Headphones,blue-cat-ear-headphones,2026-09-09,2,0
adopt-me,Blue Rider,blue-rider,2026-09-09,2,0
adopt-me,Blue Sneakers,blue-sneakers,2026-09-09,2,0
adopt-me,Blue Whale,blue-whale,2026-09-09,1,0
adopt-me,Boba Tea Chew Toy,boba-tea-chew-toy,2026-09-09,2,0
adopt-me,Bone Wings,bone-wings,2026-09-09,1,0
adopt-me,Bone Xylophone,bone-xylophone,2026-09-09,1,0
adopt-me,Book of Binding Leash,book-of-binding-leash,2026-09-09,1,0
adopt-me,Border Collie,border-collie,2026-09-09,1,0
adopt-me,Border Collie Sticker,border-collie-sticker,2026-09-09,2,0
adopt-me,Borhyaena Gigantica,borhyaena-gigantica,2026-09-09,1,0
adopt-me,Brachiosaurus,brachiosaurus,2026-09-09,1,0
adopt-me,Brachiosaurus Sticker,brachiosaurus-sticker,2026-09-09,2,0
adopt-me,Brick Pile,brick-pile,2026-09-09,1,0
adopt-me,Brown Bear,brown-bear,2026-09-09,1,0
adopt-me,Bubblegum Machine Rattle,bubblegum-machine-rattle,2026-09-09,1,0
adopt-me,Bucket Shoes,bucket-shoes,2026-09-09,1,0
adopt-me,Bug Net,bug-net,2026-09-09,1,0
adopt-me,Bullfrog,bullfrog,2026-09-09,1,0
adopt-me,Bullfrog Sticker,bullfrog-sticker,2026-09-09,1,0
adopt-me,Bunny,bunny,2026-09-09,2,0
adopt-me,Bunny Balloon,bunny-balloon,2026-09-09,1,0
adopt-me,Bunny Ear Tiara,bunny-ear-tiara,2026-09-09,2,0
adopt-me,Bunny Swirl,bunny-swirl,2026-09-09,2,0
adopt-me,Burger Bear,burger-bear,2026-09-09,2,0
adopt-me,Burger Bun Hat,burger-bun-hat,2026-09-09,1,0
adopt-me,Burger Plushie,burger-plushie,2026-09-09,1,0
adopt-me,Butter Knife,butter-knife,2026-09-09,4,0
adopt-me,Buzz Off! Skateboard,buzz-off-skateboard,2026-09-09,1,0
adopt-me,Cabbit,cabbit,2026-09-09,2,0
adopt-me,Cabbit Sticker,cabbit-sticker,2026-09-09,1,0
adopt-me,Cactus Balloon,cactus-balloon,2026-09-09,1,0
adopt-me,Cactus Bat,cactus-bat,2026-09-09,2,0
adopt-me,Cactus Friend Hat,cactus-friend-hat,2026-09-09,1,0
adopt-me,Cactus Friend Plushie,cactus-friend-plushie,2026-09-09,2,0
adopt-me,California Condor,california-condor,2026-09-09,2,0
adopt-me,Camel,camel,2026-09-09,3,0
adopt-me,Camera Hat,camera-hat,2026-09-09,2,0
adopt-me,Campfire Cookies Bait Sticker,campfire-cookies-bait-sticker,2026-09-09,2,0
adopt-me,Campfire Stories Mega Neon Paint,campfire-stories-mega-neon-paint,2026-09-09,1,0
adopt-me,Candicorn,candicorn,2026-09-09,2,0
adopt-me,Candicorn Sticker,candicorn-sticker,2026-09-09,1,0
adopt-me,Candihorn Instrument,candihorn-instrument,2026-09-09,2,0
adopt-me,Candle,candle,2026-09-09,1,0
adopt-me,Candy Camper,candy-camper,2026-09-09,2,0
adopt-me,Candy Cliffs Hat,candy-cliffs-hat,2026-09-09,1,0
adopt-me,Candy Flare Mega Neon Pet Paint,candy-flare-mega-neon-pet-paint,2026-09-09,13,0
adopt-me,Candy Hare,candy-hare,2026-09-09,2,0
adopt-me,Candy Sticker,candy-sticker,2026-09-09,1,0
adopt-me,Candyfloss Mega Neon Paint,candyfloss-mega-neon-paint,2026-09-09,1,0
adopt-me,Candyfloss Sticker,candyfloss-sticker,2026-09-09,1,0
adopt-me,Capricorn,capricorn,2026-09-09,1,0
adopt-me,Capricorn Sticker,capricorn-sticker,2026-09-09,1,0
adopt-me,Carrot Bushel,carrot-bushel,2026-09-09,1,0
adopt-me,Carrot Friend Plushie,carrot-friend-plushie,2026-09-09,1,0
adopt-me,Carrot Headphones,carrot-headphones,2026-09-09,2,0
adopt-me,Carrot Sprout,carrot-sprout,2026-09-09,1,0
adopt-me,Castle Hermit Crab,castle-hermit-crab,2026-09-09,1,0
adopt-me,Cat,cat,2026-09-09,2,0
adopt-me,Cat Backpack,cat-backpack,2026-09-09,2,0
adopt-me,Celestial Carrier,celestial-carrier,2026-09-09,2,0
adopt-me,Cerberus,cerberus,2026-09-09,2,0
adopt-me,Cerberus Sticker,cerberus-sticker,2026-09-09,1,0
adopt-me,Chakram Flying Disk,chakram-flying-disk,2026-09-09,1,0
adopt-me,Chameleon,chameleon,2026-09-09,1,0
adopt-me,Chameleon Sticker,chameleon-sticker,2026-09-09,1,0
adopt-me,Chanekeh,chanekeh,2026-09-09,3,0
adopt-me,Chattering Teeth Toy,chattering-teeth-toy,2026-09-09,1,0
adopt-me,Cheeky Yellow Lipped Sea Krait Sticker,cheeky-yellow-lipped-sea-krait-sticker,2026-09-09,2,0
adopt-me,Cheetah,cheetah,2026-09-09,1,0
adopt-me,Chef Hat,chef-hat,2026-09-09,4,0
adopt-me,Chef Hat,chef-hat,2026-09-09,4,0
adopt-me,Cherry Balloon,cherry-balloon,2026-09-09,1,0
adopt-me,Cherry Blossom Flower Sticker,cherry-blossom-flower-sticker,2026-09-09,1,0
adopt-me,Cherry Blossom Glasses,cherry-blossom-glasses,2026-09-09,2,0
adopt-me,Cherry Blossom Hang Glider,cherry-blossom-hang-glider,2026-09-09,1,0
adopt-me,Cherry Blossom Tree Sticker,cherry-blossom-tree-sticker,2026-09-09,1,0
adopt-me,Cherub Chipmunk,cherub-chipmunk,2026-09-09,2,0
adopt-me,Chick Backpack,chick-backpack,2026-09-09,2,0
adopt-me,Chick Hat,chick-hat,2026-09-09,2,0
adopt-me,Chick Sticker,chick-sticker,2026-09-09,2,0
adopt-me,Chickatrice,chickatrice,2026-09-09,1,0
adopt-me,Chickatrice Sticker,chickatrice-sticker,2026-09-09,2,0
adopt-me,Chihuahua,chihuahua,2026-09-09,2,0
adopt-me,Chilling Spider,chilling-spider,2026-09-09,1,0
adopt-me,Chocolate Chip Bat Dragon,chocolate-chip-bat-dragon,2026-09-09,1,0
adopt-me,Chocolate Chip Bat Dragon Backpack,chocolate-chip-bat-dragon-backpack,2026-09-09,2,0
adopt-me,Chocolate Chow-Chow,chocolate-chow-chow,2026-09-09,1,0
adopt-me,Chocolate Dutch Guinea Pig,chocolate-dutch-guinea-pig,2026-09-09,3,0
adopt-me,Chocolate Labrador,chocolate-labrador,2026-09-09,1,0
adopt-me,Christmas Cat Rattle,christmas-cat-rattle,2026-09-09,1,0
adopt-me,Christmas Pudding House,christmas-pudding-house,2026-09-09,1,0
adopt-me,Christmas Pudding Pup,christmas-pudding-pup,2026-09-09,1,0
adopt-me,Christmas Spirit,christmas-spirit,2026-09-09,3,0
adopt-me,Christmas Spirit Sticker,christmas-spirit-sticker,2026-09-09,1,0
adopt-me,Cicada Brooch,cicada-brooch,2026-09-09,2,0
adopt-me,Cinnamon Roasted Almonds,cinnamon-roasted-almonds,2026-09-09,2,0
adopt-me,Cinnamon Roll,cinnamon-roll,2026-09-09,1,0
adopt-me,Cinnamon Stick,cinnamon-stick,2026-09-09,1,0
adopt-me,Circus Tent Propeller,circus-tent-propeller,2026-09-09,1,0
adopt-me,City Hat,city-hat,2026-09-09,1,0
adopt-me,Claw Machine Stroller,claw-machine-stroller,2026-09-09,1,0
adopt-me,Clementine Owl,clementine-owl,2026-09-09,1,0
adopt-me,Clout Goggles,clout-goggles,2026-09-09,1,0
adopt-me,Clover Cow,clover-cow,2026-09-09,2,0
adopt-me,Clown Umbrella,clown-umbrella,2026-09-09,1,0
adopt-me,Cobra,cobra,2026-09-09,1,0
adopt-me,Cocoadile,cocoadile,2026-09-09,1,0
adopt-me,Cocoadile Cape,cocoadile-cape,2026-09-09,2,0
adopt-me,Cocoadile Hat,cocoadile-hat,2026-09-09,1,0
adopt-me,Cocoadile Sticker,cocoadile-sticker,2026-09-09,2,0
adopt-me,Coconut Drink,coconut-drink,2026-09-09,1,0
adopt-me,Coconut Friend,coconut-friend,2026-09-09,1,0
adopt-me,Coconut Stroller,coconut-stroller,2026-09-09,1,0
adopt-me,Cold Cube,cold-cube,2026-09-09,1,0
adopt-me,Cold Tim Sticker,cold-tim-sticker,2026-09-09,1,0
adopt-me,Construction Hat,construction-hat,2026-09-09,1,0
adopt-me,Cookie Sabre,cookie-sabre,2026-09-09,1,0
adopt-me,Cookie Unicycle,cookie-unicycle,2026-09-09,1,0
adopt-me,Cool Quad Skates,cool-quad-skates,2026-09-09,1,0
adopt-me,Copper Pickaxe Sticker,copper-pickaxe-sticker,2026-09-09,2,0
adopt-me,Copter Cap,copter-cap,2026-09-09,1,0
adopt-me,Corgi,corgi,2026-09-09,1,0
adopt-me,Corsair Cruiser,corsair-cruiser,2026-09-09,1,0
adopt-me,Cosy Snow Scarf,cosy-snow-scarf,2026-09-09,1,0
adopt-me,Cotton Candy Hat,cotton-candy-hat,2026-09-09,2,0
adopt-me,Cow,cow,2026-09-09,5,0
adopt-me,Cow Calf,cow-calf,2026-09-09,1,0
adopt-me,Cow Sticker,cow-sticker,2026-09-09,1,0
adopt-me,Cowboy Boots,cowboy-boots,2026-09-09,1,0
adopt-me,Cozy Cactus Friend,cozy-cactus-friend,2026-09-09,2,0
adopt-me,Cozy Mistletroll,cozy-mistletroll,2026-09-09,1,0
adopt-me,Crab,crab,2026-09-09,3,0
adopt-me,Crayon Mohawk,crayon-mohawk,2026-09-09,1,0
adopt-me,Criosphinx,criosphinx,2026-09-09,2,0
adopt-me,Crocodile,crocodile,2026-09-09,1,0
adopt-me,Crow,crow,2026-09-09,2,0
adopt-me,Cryptid,cryptid,2026-09-09,2,0
adopt-me,Crystal Egg,crystal-egg,2026-09-09,1,0
adopt-me,Cuddly Candle,cuddly-candle,2026-09-09,1,0
adopt-me,Cupcake Hat,cupcake-hat,2026-09-09,1,0
adopt-me,Cupid Dragon,cupid-dragon,2026-09-09,0,1
adopt-me,Cute-A-Cabra Sticker,cute-a-cabra-sticker,2026-09-09,1,0
adopt-me,Cyber Headphones,cyber-headphones,2026-09-09,1,0
adopt-me,Da Vinci Propeller,da-vinci-propeller,2026-09-09,1,0
adopt-me,Dalmatian Sticker,dalmatian-sticker,2026-09-09,1,0
adopt-me,Dandelion Plush,dandelion-plush,2026-09-09,1,0
adopt-me,Dango Penguins,dango-penguins,2026-09-09,5,0
adopt-me,Dango Sticker,dango-sticker,2026-09-09,1,0
adopt-me,Deinonychus,deinonychus,2026-09-09,2,0
adopt-me,Denmark Soccer Earrings,denmark-soccer-earrings,2026-09-09,1,0
adopt-me,Desert Drum,desert-drum,2026-09-09,1,0
adopt-me,Diamond Dragon,diamond-dragon,2026-09-09,1,0
adopt-me,Diamond Egg,diamond-egg,2026-09-09,2,0
adopt-me,Diamond Fanghorn Kite,diamond-fanghorn-kite,2026-09-09,2,0
adopt-me,Diamond Glasses,diamond-glasses,2026-09-09,1,0
adopt-me,Diamond Ladybug Sticker,diamond-ladybug-sticker,2026-09-09,1,0
adopt-me,Diamond Unicorn,diamond-unicorn,2026-09-09,0,1
adopt-me,Didgeridoo,didgeridoo,2026-09-09,1,0
adopt-me,Dimorphodon Fossil,dimorphodon-fossil,2026-09-09,2,0
adopt-me,Dire Wolf,dire-wolf,2026-09-09,3,0
adopt-me,Dirty Ducky,dirty-ducky,2026-09-09,2,0
adopt-me,Dodo,dodo,2026-09-09,1,0
adopt-me,Dog,dog,2026-09-09,4,0
adopt-me,Dog Sticker,dog-sticker,2026-09-09,1,0
adopt-me,Donkey,donkey,2026-09-09,1,0
adopt-me,Donut Rattle,donut-rattle,2026-09-09,1,0
adopt-me,Donut Stroller,donut-stroller,2026-09-09,1,0
adopt-me,Doodle Glasses,doodle-glasses,2026-09-09,1,0
adopt-me,Dotted Eggy Sticker,dotted-eggy-sticker,2026-09-09,1,0
adopt-me,Double Pearl Earrings,double-pearl-earrings,2026-09-09,1,0
adopt-me,Dracula Fish,dracula-fish,2026-09-09,2,0
adopt-me,Dracula Parrot,dracula-parrot,2026-09-09,2,0
adopt-me,Dragon,dragon,2026-09-09,1,0
adopt-me,Dragon Balloon,dragon-balloon,2026-09-09,1,0
adopt-me,Dragon Sticker,dragon-sticker,2026-09-09,1,0
adopt-me,Dragonfruit Feet,dragonfruit-feet,2026-09-09,1,0
adopt-me,Dragonfruit Fox,dragonfruit-fox,2026-09-09,1,0
adopt-me,Drake,drake,2026-09-09,1,0
adopt-me,Drone Propeller,drone-propeller,2026-09-09,1,0
adopt-me,Duck Feet,duck-feet,2026-09-09,1,0
adopt-me,Easter Bunny,easter-bunny,2026-09-09,1,0
adopt-me,Easter Egg Friends,easter-egg-friends,2026-09-09,1,0
adopt-me,Eaten Donut,eaten-donut,2026-09-09,1,0
adopt-me,Eaten Watermelon,eaten-watermelon,2026-09-09,1,0
adopt-me,Eclipse Flying Disc,eclipse-flying-disc,2026-09-09,1,0
adopt-me,Eco Brown Pinecone Earrings,eco-brown-pinecone-earrings,2026-09-09,1,0
adopt-me,Eco Brown Wooden Clogs,eco-brown-wooden-clogs,2026-09-09,1,0
adopt-me,Eco Glowing Lightbulb Necklace,eco-glowing-lightbulb-necklace,2026-09-09,1,0
adopt-me,Eco Green Vine Barrette,eco-green-vine-barrette,2026-09-09,2,0
adopt-me,Eco Green Vine Mustache,eco-green-vine-mustache,2026-09-09,1,0
adopt-me,Eco Grey Origami Boat Hat,eco-grey-origami-boat-hat,2026-09-09,2,0
adopt-me,Eco Orange Leaf Wings,eco-orange-leaf-wings,2026-09-09,2,0
adopt-me,Eco Orange Maple Headpiece,eco-orange-maple-headpiece,2026-09-09,1,0
adopt-me,Eco Orange Maple Leaf Mustache,eco-orange-maple-leaf-mustache,2026-09-09,1,0
adopt-me,Eco Red Mushroom Hood,eco-red-mushroom-hood,2026-09-09,1,0
adopt-me,Eggnog Hare,eggnog-hare,2026-09-09,1,0
adopt-me,Eggy Plush,eggy-plush,2026-09-09,1,0
adopt-me,Ehecatl,ehecatl,2026-09-09,3,0
adopt-me,Elf Bandana,elf-bandana,2026-09-09,2,0
adopt-me,Elf Shoes,elf-shoes,2026-09-09,1,0
adopt-me,Emberlight,emberlight,2026-09-09,2,0
adopt-me,Emu,emu,2026-09-09,1,0
adopt-me,Endangered Egg,endangered-egg,2026-09-09,1,0
adopt-me,Energy Ball Throw Toy,energy-ball-throw-toy,2026-09-09,1,0
adopt-me,England Soccer Boots,england-soccer-boots,2026-09-09,1,0
adopt-me,Ermine,ermine,2026-09-09,5,0
adopt-me,Evil Chickatrice,evil-chickatrice,2026-09-09,2,0
adopt-me,Evil Unicorn,evil-unicorn,2026-09-09,2,0
adopt-me,Fairy Bat Dragon,fairy-bat-dragon,2026-09-09,2,0
adopt-me,Fairy Rose Light Rattle,fairy-rose-light-rattle,2026-09-09,1,0
adopt-me,Fairy Wings,fairy-wings-pet-item,2026-09-09,1,0
adopt-me,Fall Badge,fall-badge,2026-09-09,1,0
adopt-me,Fall Wreath Necklace,fall-wreath-necklace,2026-09-09,1,0
adopt-me,Fallow Deer,fallow-deer,2026-09-09,1,0
adopt-me,Family Home,family-home,2026-09-09,1,0
adopt-me,Fancy Top Hat,fancy-top-hat-pet-item,2026-09-09,1,0
adopt-me,Fanghorn Tortoise,fanghorn-tortoise,2026-09-09,2,0
adopt-me,Feather,feather,2026-09-09,1,0
adopt-me,Feather Boa,feather-boa,2026-09-09,1,0
adopt-me,Fennec Fox,fennec-fox,2026-09-09,1,0
adopt-me,Festive Antlers,festive-antlers,2026-09-09,1,0
adopt-me,Festive Scarf,festive-scarf,2026-09-09,1,0
adopt-me,Festive Stocking Sticker,festive-stocking-sticker,2026-09-09,1,0
adopt-me,Festive Striped Scarf,festive-striped-scarf,2026-09-09,1,0
adopt-me,Festive Top Hat,festive-top-hat,2026-09-09,1,0
adopt-me,Festive Wreath Sticker,festive-wreath-sticker,2026-09-09,2,0
adopt-me,Fire Dimension Portal Sticker,fire-dimension-portal-sticker,2026-09-09,1,0
adopt-me,Fire Extinguisher Backpack,fire-extinguisher-backpack,2026-09-09,1,0
adopt-me,Fire Foal,fire-foal,2026-09-09,1,0
adopt-me,Fire Hose Scarf,fire-hose-scarf,2026-09-09,1,0
adopt-me,Fire Stallion,fire-stallion,2026-09-09,1,0
adopt-me,Firefighter Boots,firefighter-boots,2026-09-09,1,0
adopt-me,Firey Aura,firey-aura,2026-09-09,1,0
adopt-me,Fishers' Headdress,fishers-headdress,2026-09-09,1,0
adopt-me,Flame Glasses,flame-glasses,2026-09-09,1,0
adopt-me,Flatfish Throwing Disc,flatfish-throwing-disc,2026-09-09,1,0
adopt-me,Floating Cloud,floating-cloud,2026-09-09,2,0
adopt-me,Floppy Bunny Plushie,floppy-bunny-plushie,2026-09-09,1,0
adopt-me,Flower Afro Puffs,flower-afro-puffs,2026-09-09,2,0
adopt-me,Flower Cloche,flower-cloche,2026-09-09,1,0
adopt-me,Flower Crown,flower-crown,2026-09-09,1,0
adopt-me,Flower Drop Earrings,flower-drop-earrings,2026-09-09,1,0
adopt-me,Flower Power Duckling,flower-power-duckling,2026-09-09,2,0
adopt-me,Flower Power Duckling Sticker,flower-power-duckling-sticker,2026-09-09,2,0
adopt-me,Flower Scarf,flower-scarf,2026-09-09,1,0
adopt-me,Fluffy Earmuffs,fluffy-earmuffs,2026-09-09,2,0
adopt-me,Fly-A-Pet Potion (Forever),fly-a-pet-potion-forever,2026-09-09,5,4
adopt-me,Folded Paper Wings,folded-paper-wings,2026-09-09,1,0
adopt-me,Fool Egg,fool-egg,2026-09-09,1,0
adopt-me,Forest Sprite,forest-sprite,2026-09-09,1,0
adopt-me,Forest Warden Hat,forest-warden-hat,2026-09-09,1,0
adopt-me,Fortune Teller Hood,fortune-teller-hood,2026-09-09,1,0
adopt-me,Fox Sticker,fox-sticker,2026-09-09,1,0
adopt-me,France Soccer Cap,france-soccer-cap,2026-09-09,1,0
adopt-me,French Bulldog,french-bulldog,2026-09-09,3,1
adopt-me,Frog,frog,2026-09-09,3,0
adopt-me,Frog in a Pitcher Leash,frog-in-a-pitcher-leash,2026-09-09,1,0
adopt-me,Frost Fury,frost-fury,2026-09-09,2,0
adopt-me,Frost Phoenix,frost-phoenix,2026-09-09,1,0
adopt-me,Frostbite Bear,frostbite-bear,2026-09-09,3,0
adopt-me,Frostbite Bear and Cub Animated Sticker,frostbite-bear-and-cub-animated-sticker,2026-09-09,2,0
adopt-me,Frostbite Bear Sticker,frostbite-bear-sticker,2026-09-09,1,0
adopt-me,Frostbite Grapple,frostbite-grapple,2026-09-09,1,0
adopt-me,Frozen Penguin,frozen-penguin,2026-09-09,1,0
adopt-me,Fur Tuft,fur-tuft,2026-09-09,1,0
adopt-me,Futuristic Grapple,futuristic-grapple,2026-09-09,2,0
adopt-me,Galapagos Sea Lion,galapagos-sea-lion,2026-09-09,2,0
adopt-me,Galaxy Collar,galaxy-collar,2026-09-09,1,0
adopt-me,Galaxy Propeller,galaxy-propeller,2026-09-09,1,0
adopt-me,Gardener Hat,gardener-hat,2026-09-09,1,0
adopt-me,Gay Pride Pin,gay-pride-pin,2026-09-09,2,0
adopt-me,Gay Snake in a Boot Sticker,gay-snake-in-a-boot-sticker,2026-09-09,2,0
adopt-me,Gecko,gecko,2026-09-09,2,0
adopt-me,Gecko Ducky,gecko-ducky,2026-09-09,7,0
adopt-me,Gender Fluid Ghost Dog Sticker,gender-fluid-ghost-dog-sticker,2026-09-09,1,0
adopt-me,Gender Queer Pride Pin,gender-queer-pride-pin,2026-09-09,2,0
adopt-me,Genderqueer Seahorse Sticker,genderqueer-seahorse-sticker,2026-09-09,1,0
adopt-me,Germany Bucket Hat,germany-bucket-hat,2026-09-09,1,0
adopt-me,Ghost,ghost,2026-09-09,1,0
adopt-me,Ghost Bunny,ghost-bunny,2026-09-09,1,0
adopt-me,Ghost Chick,ghost-chick,2026-09-09,1,0
adopt-me,Ghost Dog,ghost-dog,2026-09-09,1,0
adopt-me,Ghost Wolf,ghost-wolf,2026-09-09,2,0
adopt-me,Giant Anteater,giant-anteater,2026-09-09,0,1
adopt-me,Giant Black Scarab,giant-black-scarab,2026-09-09,4,0
adopt-me,Giant Gold Scarab,giant-gold-scarab,2026-09-09,2,0
adopt-me,Giggle Puff Balloon,giggle-puff-balloon,2026-09-09,1,0
adopt-me,Ginger Cat,ginger-cat,2026-09-09,1,0
adopt-me,Ginger Cat Sticker,ginger-cat-sticker,2026-09-09,2,0
adopt-me,Gingerbread Reindeer,gingerbread-reindeer,2026-09-09,1,0
adopt-me,Gingerbread Star Eye Patch,gingerbread-star-eye-patch,2026-09-09,1,0
adopt-me,Gingerbread Wings,gingerbread-wings,2026-09-09,1,0
adopt-me,Gingerbread Wreath Flying Disc,gingerbread-wreath-flying-disc,2026-09-09,1,0
adopt-me,Giraffe,giraffe,2026-09-09,1,1
adopt-me,Giraffe Bucket Hat,giraffe-bucket-hat,2026-09-09,1,0
adopt-me,Glamicorn Purse Pet,glamicorn-purse-pet,2026-09-09,2,0
adopt-me,Glitzy Collar,glitzy-collar,2026-09-09,2,0
adopt-me,Glormy Backpack,glormy-backpack,2026-09-09,2,0
adopt-me,Glormy Dolphin,glormy-dolphin,2026-09-09,2,0
adopt-me,Glormy Leo,glormy-leo,2026-09-09,0,2
adopt-me,Glowing Skull Key,glowing-skull-key,2026-09-09,1,0
adopt-me,Glyptodon,glyptodon,2026-09-09,1,0
adopt-me,Glyptodon Ducky,glyptodon-ducky,2026-09-09,1,0
adopt-me,Goat,goat,2026-09-09,1,0
adopt-me,Gold Circle Glasses,gold-circle-glasses,2026-09-09,1,0
adopt-me,Gold Crown with Sapphire,gold-crown-with-sapphire,2026-09-09,1,0
adopt-me,Gold Ingot,gold-ingot,2026-09-09,1,0
adopt-me,Gold Mahi Mahi,gold-mahi-mahi,2026-09-09,1,0
adopt-me,Gold Skateboard,gold-skateboard,2026-09-09,1,0
adopt-me,Gold Star,gold-star,2026-09-09,1,0
adopt-me,Golden Dragon,golden-dragon,2026-09-09,1,0
adopt-me,Golden Egg,golden-egg,2026-09-09,2,0
adopt-me,Golden Griffin,golden-griffin,2026-09-09,1,0
adopt-me,Golden Lettuce,golden-lettuce,2026-09-09,2,0
adopt-me,Golden Rings Flying Disc,golden-rings-flying-disc,2026-09-09,2,0
adopt-me,Golden Scale Pogo Stick,golden-scale-pogo-stick,2026-09-09,1,0
adopt-me,Golden Unicorn,golden-unicorn,2026-09-09,1,0
adopt-me,Goldfish,goldfish,2026-09-09,1,0
adopt-me,Googly Eye Conker Plush,googly-eye-conker-plush,2026-09-09,1,0
adopt-me,Googly Eye Glasses,googly-eye-glasses,2026-09-09,1,0
adopt-me,Goose,goose,2026-09-09,4,0
adopt-me,Gorilla,gorilla,2026-09-09,2,0
adopt-me,Goth Shoes,goth-shoes,2026-09-09,1,0
adopt-me,Goth Spike Boots,goth-spike-boots,2026-09-09,2,0
adopt-me,Grape Earrings,grape-earrings,2026-09-09,2,0
adopt-me,Grave Owl,grave-owl,2026-09-09,2,0
adopt-me,Great Pyrenees,great-pyrenees,2026-09-09,1,0
adopt-me,Green-Chested Pheasant,green-chested-pheasant,2026-09-09,1,0
adopt-me,Grim Scythe,grim-scythe,2026-09-09,1,0
adopt-me,Grinmoire,grinmoire,2026-09-09,1,0
adopt-me,Groovy Lobster Sticker,groovy-lobster-sticker,2026-09-09,1,0
adopt-me,Ground Sloth,ground-sloth,2026-09-09,1,0
adopt-me,Guardian Lion,guardian-lion,2026-09-09,1,0
adopt-me,Gull Wings,gull-wings-pet-item,2026-09-09,2,0
adopt-me,Gumball Caterpillar,gumball-caterpillar,2026-09-09,1,0
adopt-me,Gumball Caterpillar Sticker,gumball-caterpillar-sticker,2026-09-09,2,0
adopt-me,Gumball Paws,gumball-paws,2026-09-09,1,0
adopt-me,Gummy Aviator Scarf,gummy-aviator-scarf,2026-09-09,1,0
adopt-me,Gummy Goggles,gummy-goggles,2026-09-09,1,0
adopt-me,Halloween 2025 Sticker Pack,halloween-2025-sticker-pack,2026-09-09,2,0
adopt-me,Halloween Black Mummy Cat,halloween-black-mummy-cat,2026-09-09,2,0
adopt-me,Halloween Orange Pumpkin Balloon,halloween-orange-pumpkin-balloon,2026-09-09,2,0
adopt-me,Halloween White Ghost Balloon,halloween-white-ghost-balloon,2026-09-09,1,0
adopt-me,Halloween White Skeleton Dog,halloween-white-skeleton-dog,2026-09-09,2,0
adopt-me,Hamster,hamster,2026-09-09,1,0
adopt-me,Hanbok,hanbok,2026-09-09,1,0
adopt-me,Happy Duckling,happy-duckling,2026-09-09,3,0
adopt-me,Happy Duckling Sticker,happy-duckling-sticker,2026-09-09,1,0
adopt-me,Happy Guinea Pig Sticker,happy-guinea-pig-sticker,2026-09-09,2,0
adopt-me,Happy Pride Zebra Sticker,happy-pride-zebra-sticker,2026-09-09,1,0
adopt-me,Hare,hare,2026-09-09,0,1
adopt-me,Harp Seal,harp-seal,2026-09-09,1,0
adopt-me,Hat,hat,2026-09-09,2,0
adopt-me,Hawk,hawk,2026-09-09,1,0
adopt-me,Heart Bow,heart-bow,2026-09-09,1,0
adopt-me,Heart Bucket Hat,heart-bucket-hat,2026-09-09,1,0
adopt-me,High Heel Stroller,high-heel-stroller,2026-09-09,1,0
adopt-me,Highland Cow,highland-cow,2026-09-09,1,0
adopt-me,Holly Leash,holly-leash,2026-09-09,1,0
adopt-me,Honey Badger,honey-badger,2026-09-09,2,0
adopt-me,Honey Candy,honey-candy,2026-09-09,1,0
adopt-me,Honey Jar,honey-jar,2026-09-09,1,0
adopt-me,Hopbop,hopbop,2026-09-09,2,0
adopt-me,Hot Cocoa,hot-cocoa,2026-09-09,2,0
adopt-me,Hot Doggo Sticker,hot-doggo-sticker,2026-09-09,2,0
adopt-me,Humbug,humbug,2026-09-09,4,0
adopt-me,Hummingbird,hummingbird,2026-09-09,2,0
adopt-me,Ice Cape,ice-cape,2026-09-09,1,0
adopt-me,Ice Cream Cone Hat,ice-cream-cone-hat,2026-09-09,1,0
adopt-me,Ice Cream Heels,ice-cream-heels,2026-09-09,2,0
adopt-me,Ice Cream Hermit Crab,ice-cream-hermit-crab,2026-09-09,2,0
adopt-me,Ice Cream Rattle,ice-cream-rattle,2026-09-09,1,0
adopt-me,Ice Cream Sandwich Rattle,ice-cream-sandwich-rattle,2026-09-09,1,0
adopt-me,Ice Crown,ice-crown,2026-09-09,2,0
adopt-me,Ice Cube,ice-cube,2026-09-09,4,0
adopt-me,Ice Golem Sticker,ice-golem-sticker,2026-09-09,1,0
adopt-me,Ice Halo,ice-halo,2026-09-09,3,0
adopt-me,Ice Monocle,ice-monocle,2026-09-09,1,0
adopt-me,Ice Moth Dragon,ice-moth-dragon,2026-09-09,1,0
adopt-me,Ice Shoes,ice-shoes,2026-09-09,2,0
adopt-me,Iced Cake Stroller,iced-cake-stroller,2026-09-09,1,0
adopt-me,Icy Porcupine,icy-porcupine,2026-09-09,1,0
adopt-me,Instant Photo Necklace,instant-photo-necklace,2026-09-09,1,0
adopt-me,Intersex Pride Pin,intersex-pride-pin,2026-09-09,1,0
adopt-me,Irish Elk,irish-elk,2026-09-09,1,0
adopt-me,Irish Setter,irish-setter,2026-09-09,2,0
adopt-me,Island Tarsier,island-tarsier,2026-09-09,1,0
adopt-me,Jack O'Bounce Pogo Stick,jack-obounce-pogo-stick,2026-09-09,1,0
adopt-me,Jade Moth Wings,jade-moth-wings,2026-09-09,1,0
adopt-me,Japan Egg,japan-egg,2026-09-09,2,0
adopt-me,Japanese Snow Fairy,japanese-snow-fairy,2026-09-09,3,0
adopt-me,Jeff's Nametag,jeffs-nametag,2026-09-09,1,0
adopt-me,Jiggly Jerboa,jiggly-jerboa,2026-09-09,1,0
adopt-me,Jingle Bell Earrings,jingle-bell-earrings,2026-09-09,1,0
adopt-me,Joyful Cactus Friend Sticker,joyful-cactus-friend-sticker,2026-09-09,1,0
adopt-me,Jumping Banded Palm Civet Sticker,jumping-banded-palm-civet-sticker,2026-09-09,1,0
adopt-me,Kaijunior,kaijunior,2026-09-09,3,0
adopt-me,Kaijunior Sticker,kaijunior-sticker,2026-09-09,1,0
adopt-me,Kakapo,kakapo,2026-09-09,2,0
adopt-me,Kangaroo,kangaroo,2026-09-09,2,0
adopt-me,Karate Gorilla,karate-gorilla,2026-09-09,1,0
adopt-me,Kelp Crewmate,kelp-crewmate,2026-09-09,2,0
adopt-me,Kelp Hunter,kelp-hunter,2026-09-09,1,0
adopt-me,Kelp Raider,kelp-raider,2026-09-09,2,0
adopt-me,Keyboard Warrior Komodo Dragon Sticker,keyboard-warrior-komodo-dragon-sticker,2026-09-09,1,0
adopt-me,Keyring,keyring,2026-09-09,1,0
adopt-me,King Penguin,king-penguin,2026-09-09,1,0
adopt-me,Kirin,kirin,2026-09-09,1,0
adopt-me,Kitsune,kitsune,2026-09-09,2,0
adopt-me,Kitsune Sticker,kitsune-sticker,2026-09-09,1,0
adopt-me,Kitty Bat,kitty-bat,2026-09-09,2,0
adopt-me,Kitty Bat Sticker,kitty-bat-sticker,2026-09-09,2,0
adopt-me,Kitty Propeller,kitty-propeller,2026-09-09,2,0
adopt-me,Kitty Rattle,kitty-rattle,2026-09-09,1,0
adopt-me,Kiwi Hat,kiwi-hat,2026-09-09,2,0
adopt-me,Kiwi Kiwi,kiwi-kiwi,2026-09-09,4,0
adopt-me,Knight Helmet,knight-helmet,2026-09-09,1,0
adopt-me,Koala,koala,2026-09-09,1,0
adopt-me,Koi Carp,koi-carp,2026-09-09,3,0
adopt-me,Komodo Dragon,komodo-dragon,2026-09-09,1,0
adopt-me,Ladybug Plush,ladybug-plush,2026-09-09,1,0
adopt-me,Ladybug Sticker,ladybug-sticker,2026-09-09,1,0
adopt-me,Lamb,lamb,2026-09-09,1,0
adopt-me,Lamb Sticker,lamb-sticker,2026-09-09,1,0
adopt-me,Large Bow,large-bow,2026-09-09,1,0
adopt-me,Latte Cape,latte-cape,2026-09-09,1,0
adopt-me,Latte Kitsune,latte-kitsune,2026-09-09,1,0
adopt-me,Lavender Dragon,lavender-dragon,2026-09-09,2,0
adopt-me,Leopard Shark,leopard-shark,2026-09-09,1,0
adopt-me,Leprechaun Hat,leprechaun-hat,2026-09-09,1,0
adopt-me,LGBTQ Pride Pin,lgbtq-pride-pin,2026-09-09,2,0
adopt-me,Lilypad Flying Disc,lilypad-flying-disc,2026-09-09,1,0
adopt-me,Limo,limo,2026-09-09,1,0
adopt-me,Lion Cub,lion-cub,2026-09-09,0,1
adopt-me,Lionfish,lionfish,2026-09-09,1,0
adopt-me,Llama,llama,2026-09-09,1,0
adopt-me,Llama Rattle,llama-rattle,2026-09-09,1,0
adopt-me,Llamalush Purse Pet,llamalush-purse-pet,2026-09-09,1,0
adopt-me,Lobster,lobster,2026-09-09,1,0
adopt-me,Lollipop Sticker,lollipop-sticker,2026-09-09,1,0
adopt-me,Long Neck Throw Toy Sticker,long-neck-throw-toy-sticker,2026-09-09,2,0
adopt-me,Lotus Earrings,lotus-earrings,2026-09-09,1,0
adopt-me,Love Letter,love-letter,2026-09-09,1,0
adopt-me,Lunar Gold Tiger,lunar-gold-tiger,2026-09-09,1,0
adopt-me,Lunar Moon Bear,lunar-moon-bear,2026-09-09,2,0
adopt-me,Lunar New Year Headdress,lunar-new-year-headdress,2026-09-09,1,0
adopt-me,Lunar New Year Knot Earrings,lunar-new-year-knot-earrings,2026-09-09,1,0
adopt-me,Lunar New Year Rickshaw Stroller,lunar-new-year-rickshaw-stroller,2026-09-09,1,0
adopt-me,Lunar Ox,lunar-ox,2026-09-09,2,0
adopt-me,Lunar Rattle,lunar-rattle,2026-09-09,1,0
adopt-me,Lunar Tiger,lunar-tiger,2026-09-09,1,0
adopt-me,Lunar Tiger Box,lunar-tiger-box,2026-09-09,1,0
adopt-me,Lunar White Tiger,lunar-white-tiger,2026-09-09,1,0
adopt-me,Lynx,lynx,2026-09-09,4,0
adopt-me,Lynx Sticker,lynx-sticker,2026-09-09,1,0
adopt-me,Magic Girl Sword,magic-girl-sword,2026-09-09,2,0
adopt-me,Magic Girl Tennis Racket,magic-girl-tennis-racket,2026-09-09,1,0
adopt-me,Magic House Door,magic-house-door,2026-09-09,1,0
adopt-me,Magical Staff,magical-staff,2026-09-09,1,0
adopt-me,Magma Moose,magma-moose,2026-09-09,1,0
adopt-me,Magma Snail,magma-snail,2026-09-09,1,0
adopt-me,Magma Snail Sticker,magma-snail-sticker,2026-09-09,2,0
adopt-me,Magpie,magpie,2026-09-09,1,0
adopt-me,Mahi Mahi,mahi-mahi,2026-09-09,3,0
adopt-me,Maine Coon,maine-coon,2026-09-09,2,0
adopt-me,Maine Coon Sticker,maine-coon-sticker,2026-09-09,2,0
adopt-me,Malayan Tapir,malayan-tapir,2026-09-09,1,0
adopt-me,Maneki-Neko,maneki-neko,2026-09-09,1,0
adopt-me,Marabou Stork Sticker,marabou-stork-sticker,2026-09-09,1,0
adopt-me,Meaty Chew Toy,meaty-chew-toy,2026-09-09,1,0
adopt-me,Merhorse,merhorse,2026-09-09,1,0
adopt-me,Mermaid Rattle,mermaid-rattle,2026-09-09,1,0
adopt-me,Merry Mistletroll,merry-mistletroll,2026-09-09,1,0
adopt-me,Metal Ox,metal-ox,2026-09-09,1,0
adopt-me,Meteor Plush,meteor-plush,2026-09-09,1,0
adopt-me,Mexican Wolf,mexican-wolf,2026-09-09,2,0
adopt-me,Milk Choccybunny,milk-choccybunny,2026-09-09,2,0
adopt-me,Mini Pig,mini-pig,2026-09-09,1,0
adopt-me,Mini Schnauzer,mini-schnauzer,2026-09-09,0,1
adopt-me,Mirai Moth Sticker,mirai-moth-sticker,2026-09-09,2,0
adopt-me,Mistletroll,mistletroll,2026-09-09,2,0
adopt-me,Mochi Meow,mochi-meow,2026-09-09,10,0
adopt-me,Mole,mole,2026-09-09,1,0
adopt-me,Money Hat,money-hat,2026-09-09,1,0
adopt-me,Mongoose,mongoose,2026-09-09,1,0
adopt-me,Monkey King,monkey-king,2026-09-09,1,0
adopt-me,Monster Friend Hat,monster-friend-hat,2026-09-09,1,0
adopt-me,Moon Bear Box,moon-bear-box,2026-09-09,1,0
adopt-me,Moon Egg,moon-egg,2026-09-09,2,0
adopt-me,Moon Rabbit,moon-rabbit,2026-09-09,3,0
adopt-me,Moon Tome,moon-tome,2026-09-09,1,0
adopt-me,Moonbeam Butterfly,moonbeam-butterfly,2026-09-09,1,0
adopt-me,Mooncake,mooncake,2026-09-09,2,0
adopt-me,Moth Hair Clip,moth-hair-clip,2026-09-09,2,0
adopt-me,Motorized Sofa,motorized-sofa-toy,2026-09-09,1,0
adopt-me,Mouse,mouse,2026-09-09,1,0
adopt-me,Munchkin Cat,munchkin-cat,2026-09-09,5,0
adopt-me,Mushroom Friend,mushroom-friend,2026-09-09,1,0
adopt-me,Muskrat,muskrat,2026-09-09,1,0
adopt-me,Mystic Wing Crown,mystic-wing-crown,2026-09-09,1,0
adopt-me,Nap Mask,nap-mask,2026-09-09,1,0
adopt-me,Narwhal,narwhal,2026-09-09,3,0
adopt-me,Nautilus,nautilus,2026-09-09,1,0
adopt-me,Nebula Snake,nebula-snake,2026-09-09,1,0
adopt-me,Nessie,nessie,2026-09-09,1,1
adopt-me,Netherlands Bucket Hat,netherlands-bucket-hat,2026-09-09,1,0
adopt-me,Night in a Jar,night-in-a-jar,2026-09-09,2,0
adopt-me,Nightmare Owl,nightmare-owl,2026-09-09,1,0
adopt-me,Nutcracker Hat,nutcracker-hat,2026-09-09,2,0
adopt-me,Oakee,oakee,2026-09-09,1,0
adopt-me,Ocelot,ocelot,2026-09-09,3,0
adopt-me,Octopus Plush,octopus-plush,2026-09-09,1,0
adopt-me,Old King Coal,old-king-coal-pet,2026-09-09,1,0
adopt-me,Omnisex Pegasus Sticker,omnisex-pegasus-sticker,2026-09-09,2,0
adopt-me,Omnisex Pride Pin,omnisex-pride-pin,2026-09-09,2,0
adopt-me,Onza,onza,2026-09-09,1,0
adopt-me,Orange Betta Fish,orange-betta-fish,2026-09-09,1,0
adopt-me,Orangutan,orangutan,2026-09-09,2,0
adopt-me,Orbital Roller Skates,orbital-roller-skates,2026-09-09,1,0
adopt-me,Orca,orca,2026-09-09,2,0
adopt-me,Orchid Racer,orchid-racer,2026-09-09,1,0
adopt-me,Ornate Horned Frog,ornate-horned-frog,2026-09-09,1,0
adopt-me,Oryx,oryx,2026-09-09,3,0
adopt-me,Otter,otter,2026-09-09,2,0
adopt-me,Otter Sticker,otter-sticker,2026-09-09,1,0
adopt-me,Otter Sticker,otter-sticker,2026-09-09,1,0
adopt-me,Owl,owl,2026-09-09,2,0
adopt-me,Owl Wings,owl-wings,2026-09-09,1,0
adopt-me,Paint Sealer,paint-sealer,2026-09-09,4,0
adopt-me,Pan Pride Pin,pan-pride-pin,2026-09-09,1,0
adopt-me,Pancake Stack,pancake-stack,2026-09-09,1,0
adopt-me,Panda Frisbee,panda-frisbee,2026-09-09,1,0
adopt-me,Pangolin,pangolin,2026-09-09,1,0
adopt-me,Paper Plane Throw Toy,paper-plane-throw-toy,2026-09-09,1,0
adopt-me,Paper Wings,paper-wings-pet-item,2026-09-09,1,0
adopt-me,Parakeet,parakeet,2026-09-09,1,0
adopt-me,Parrot,parrot,2026-09-09,1,0
adopt-me,Parrot Hood,parrot-hood,2026-09-09,1,0
adopt-me,Patchy Bear,patchy-bear,2026-09-09,1,0
adopt-me,Peachick,peachick,2026-09-09,2,0
adopt-me,Peanut Friend Chewtoy,peanut-friend-chewtoy,2026-09-09,1,0
adopt-me,Penguin,penguin,2026-09-09,1,0
adopt-me,Peregrine Falcon,peregrine-falcon,2026-09-09,1,0
adopt-me,Pet Rock Sticker,pet-rock-sticker,2026-09-09,2,0
adopt-me,Pickle Elf Chew Toy,pickle-elf-chew-toy,2026-09-09,1,0
adopt-me,Picnic Basket,picnic-basket,2026-09-09,2,0
adopt-me,Pink Bandana,pink-bandana,2026-09-09,1,0
adopt-me,Pink Betta Fish,pink-betta-fish,2026-09-09,2,0
adopt-me,Pink Boots,pink-boots,2026-09-09,1,0
adopt-me,Pink Bowling Ball,pink-bowling-ball,2026-09-09,1,0
adopt-me,Pink Butterfly Wings,pink-butterfly-wings,2026-09-09,2,0
adopt-me,Pink Cap,pink-cap,2026-09-09,2,0
adopt-me,Pink Cat Balloon,pink-cat-balloon,2026-09-09,1,0
adopt-me,Pink Cat Ear Headphones,pink-cat-ear-headphones,2026-09-09,3,0
adopt-me,Pink Hightops,pink-hightops,2026-09-09,3,0
adopt-me,Pink Instant Camera,pink-instant-camera,2026-09-09,1,0
adopt-me,Pink Scooter,pink-scooter,2026-09-09,1,0
adopt-me,Pink Sneakers,pink-sneakers,2026-09-09,1,0
adopt-me,Pirate Cutlass,pirate-cutlass,2026-09-09,1,0
adopt-me,Pirate Plushie,pirate-plushie,2026-09-09,2,0
adopt-me,Pizza Throwing Disc,pizza-throwing-disc,2026-09-09,2,0
adopt-me,Platypus,platypus,2026-09-09,2,0
adopt-me,Pocket Protector,pocket-protector,2026-09-09,1,0
adopt-me,Polar Bear,polar-bear,2026-09-09,1,0
adopt-me,Pomeranian,pomeranian,2026-09-09,2,0
adopt-me,Ponytail,ponytail,2026-09-09,1,0
adopt-me,Poodle,poodle,2026-09-09,2,0
adopt-me,Poodle Sticker,poodle-sticker,2026-09-09,2,0
adopt-me,Popsicle Stroller,popsicle-stroller,2026-09-09,1,0
adopt-me,Postie Van,postie-van,2026-09-09,4,0
adopt-me,Praying Mantis,praying-mantis,2026-09-09,3,0
adopt-me,Premium Log Bench,premium-log-bench,2026-09-09,1,0
adopt-me,Pretty Red Bow,pretty-red-bow,2026-09-09,1,0
adopt-me,Priceless Jewel,priceless-jewel,2026-09-09,1,0
adopt-me,Pride Earrings,pride-earrings,2026-09-09,1,0
adopt-me,Pride Glasses,pride-glasses,2026-09-09,1,0
adopt-me,Pride Paw Flying Disc,pride-paw-flying-disc,2026-09-09,1,0
adopt-me,Pride Wand Rattle,pride-wand-rattle,2026-09-09,1,0
adopt-me,Primal Kaijunior,primal-kaijunior,2026-09-09,2,0
adopt-me,Princess Capuchin Monkey,princess-capuchin-monkey,2026-09-09,1,1
adopt-me,Prism Snake,prism-snake,2026-09-09,1,0
adopt-me,Psionic Magic Grappling Hook,psionic-magic-grappling-hook,2026-09-09,1,0
adopt-me,Pterodactyl,pterodactyl,2026-09-09,2,0
adopt-me,Pudding Cat,pudding-cat,2026-09-09,1,0
adopt-me,Pudding Cat Sticker,pudding-cat-sticker,2026-09-09,2,0
adopt-me,Puffin Sticker,puffin-sticker,2026-09-09,1,0
adopt-me,Puma,puma,2026-09-09,2,0
adopt-me,Punk Pony,punk-pony,2026-09-09,1,0
adopt-me,Pupcake,pupcake,2026-09-09,2,0
adopt-me,Purple Heart Glasses,purple-heart-glasses,2026-09-09,2,0
adopt-me,Purrowl,purrowl,2026-09-09,7,0
adopt-me,Pyramids Badge,pyramids-badge,2026-09-09,2,0
adopt-me,Queen Bee Sticker,queen-bee-sticker,2026-09-09,1,0
adopt-me,Rabbit,rabbit,2026-09-09,2,0
adopt-me,Radish Friend,radish-friend,2026-09-09,3,0
adopt-me,Rain Cloud Hat,rain-cloud-hat,2026-09-09,1,0
adopt-me,Rain Hat,rain-hat,2026-09-09,1,0
adopt-me,Rainbow Bucket Hat,rainbow-bucket-hat,2026-09-09,1,0
adopt-me,Rainbow Maker,rainbow-maker,2026-09-09,1,0
adopt-me,Rainbow Popsicle Friend,rainbow-popsicle-friend,2026-09-09,1,0
adopt-me,Rainbow Sword,rainbow-sword,2026-09-09,1,0
adopt-me,Rainbow Trail Magic Carpet,rainbow-trail-magic-carpet,2026-09-09,1,0
adopt-me,Rainbow Wand,rainbow-wand,2026-09-09,1,0
adopt-me,Rainy Clouds Earrings,rainy-clouds-earrings,2026-09-09,1,0
adopt-me,Ram Sticker,ram-sticker,2026-09-09,1,0
adopt-me,Rat,rat,2026-09-09,1,0
adopt-me,Rat Sticker,rat-sticker,2026-09-09,2,0
adopt-me,Ratatoskr,ratatoskr,2026-09-09,1,0
adopt-me,Rattle,rattle,2026-09-09,2,0
adopt-me,Rattlesnake,rattlesnake,2026-09-09,3,0
adopt-me,Raven Collar,raven-collar,2026-09-09,1,0
adopt-me,Raw Bone,raw-bone,2026-09-09,2,0
adopt-me,Red Back Ribbon,red-back-ribbon,2026-09-09,1,0
adopt-me,Red Beanie,red-beanie,2026-09-09,1,0
adopt-me,Red Butterfly,red-butterfly,2026-09-09,2,0
adopt-me,Red Fox,red-fox,2026-09-09,1,0
adopt-me,Red Masquerade Mask,red-masquerade-mask,2026-09-09,2,0
adopt-me,Red Panda,red-panda,2026-09-09,3,0
adopt-me,Red Panda Bag,red-panda-bag,2026-09-09,2,0
adopt-me,Red Panda Cupcake Chew Toy,red-panda-cupcake-chew-toy,2026-09-09,2,0
adopt-me,Red Panda Ducky,red-panda-ducky,2026-09-09,2,0
adopt-me,Red Purse,red-purse,2026-09-09,1,0
adopt-me,Red Ribbon,red-ribbon,2026-09-09,1,0
adopt-me,Red Sneakers,red-sneakers,2026-09-09,1,0
adopt-me,Red Squirrel,red-squirrel,2026-09-09,1,0
adopt-me,Red & Yellow Beads,red-yellow-beads,2026-09-09,1,0
adopt-me,Reindeer Rattle,reindeer-rattle,2026-09-09,1,0
adopt-me,Retired Egg,retired-egg,2026-09-09,4,0
adopt-me,RGB Friend,rgb-friend,2026-09-09,1,0
adopt-me,RGB Headset,rgb-headset,2026-09-09,1,0
adopt-me,RGB Leash,rgb-leash,2026-09-09,1,0
adopt-me,RGB Monster Truck,rgb-monster-truck,2026-09-09,2,0
adopt-me,RGB Stroller,rgb-stroller,2026-09-09,1,0
adopt-me,RGB Sword Rattle,rgb-sword-rattle,2026-09-09,1,0
adopt-me,Ribbon Seal,ribbon-seal,2026-09-09,2,0
adopt-me,Ribcage Carriage,ribcage-carriage,2026-09-09,1,0
adopt-me,Rice Cake Hat,rice-cake-hat,2026-09-09,1,0
adopt-me,Rice Cake Rabbit Kite,rice-cake-rabbit-kite,2026-09-09,1,0
adopt-me,Ride-A-Pet Potion (Forever),ride-a-pet-potion-forever,2026-09-09,19,10
adopt-me,Ring of Fire Throwing Disc,ring-of-fire-throwing-disc,2026-09-09,2,0
adopt-me,Ring-tailed Lemur,ring-tailed-lemur,2026-09-09,1,0
adopt-me,Robin,robin,2026-09-09,1,0
adopt-me,Robo Balloon,robo-balloon,2026-09-09,1,0
adopt-me,Robo Dog,robo-dog,2026-09-09,3,0
adopt-me,Robo Plush,robo-plush,2026-09-09,2,0
adopt-me,Robo Plush 3000,robo-plush-3000,2026-09-09,2,0
adopt-me,Robot,robot,2026-09-09,2,0
adopt-me,Rodeo Bull,rodeo-bull,2026-09-09,1,0
adopt-me,Ronin Hat,ronin-hat,2026-09-09,2,0
adopt-me,Rose Rattle,rose-rattle,2026-09-09,1,0
adopt-me,Rose Throw Toy,rose-throw-toy,2026-09-09,2,0
adopt-me,Royal Egg,royal-egg,2026-09-09,1,0
adopt-me,Royal Palace Spaniel,royal-palace-spaniel,2026-09-09,1,0
adopt-me,Rubber Chicken Rattle,rubber-chicken-rattle,2026-09-09,2,0
adopt-me,Rubber Ducky,rubber-ducky,2026-09-09,5,0
adopt-me,Sakura Scythe,sakura-scythe,2026-09-09,2,0
adopt-me,Sakura Spirit,sakura-spirit,2026-09-09,1,0
adopt-me,Samoyed,samoyed,2026-09-09,1,0
adopt-me,Sandbox Island,sandbox-island,2026-09-09,1,0
adopt-me,Sandfish,sandfish,2026-09-09,1,0
adopt-me,Sandwich Hat,sandwich-hat,2026-09-09,1,0
adopt-me,Santa Beard,santa-beard,2026-09-09,1,0
adopt-me,Santa Hat,santa-hat,2026-09-09,3,0
adopt-me,Santa Leash,santa-leash,2026-09-09,1,0
adopt-me,Santa Pet Rock Sticker,santa-pet-rock-sticker,2026-09-09,1,0
adopt-me,Santa's Helper Stroller,santas-helper-stroller,2026-09-09,2,0
adopt-me,Sasquatch,sasquatch,2026-09-09,1,0
adopt-me,Scarebear,scarebear,2026-09-09,1,0
adopt-me,Scarecrow Cat,scarecrow-cat,2026-09-09,2,0
adopt-me,Scarecrow Cat Sticker,scarecrow-cat-sticker,2026-09-09,2,0
adopt-me,Scarecrow Horse,scarecrow-horse,2026-09-09,1,0
adopt-me,Scarecrow Sticker,scarecrow-sticker,2026-09-09,1,0
adopt-me,Scarlet Butterfly,scarlet-butterfly,2026-09-09,2,0
adopt-me,Science Hat,science-hat,2026-09-09,2,0
adopt-me,Sea Angel,sea-angel,2026-09-09,1,0
adopt-me,Sea Turtle,sea-turtle,2026-09-09,3,0
adopt-me,Seafoam Butterfly,seafoam-butterfly,2026-09-09,1,0
adopt-me,Seahorse,seahorse,2026-09-09,2,0
adopt-me,Seahorse Sticker,seahorse-sticker,2026-09-09,1,0
adopt-me,Security Spotlight,security-spotlight,2026-09-09,1,0
adopt-me,Shadow Dragon Ducky,shadow-dragon-ducky,2026-09-09,2,0
adopt-me,Shadow Dragon Sabre,shadow-dragon-sabre,2026-09-09,1,0
adopt-me,Shark,shark,2026-09-09,1,0
adopt-me,Shark Puppy,shark-puppy,2026-09-09,2,0
adopt-me,Shark Swimcap,shark-swimcap,2026-09-09,1,0
adopt-me,Sheeeeep,sheeeeep,2026-09-09,1,0
adopt-me,Sheepdog Ducky,sheepdog-ducky,2026-09-09,1,0
adopt-me,Shetland Pony Dark Brown,shetland-pony-dark-brown,2026-09-09,2,0
adopt-me,Shiba Inu,shiba-inu,2026-09-09,2,0
adopt-me,Shih Tzu,shih-tzu,2026-09-09,1,0
adopt-me,Shiver Wolf Sticker,shiver-wolf-sticker,2026-09-09,1,0
adopt-me,Shooting Star Board,shooting-star-board,2026-09-09,1,0
adopt-me,Shooting Star Glasses,shooting-star-glasses,2026-09-09,1,0
adopt-me,Shopping Cart Stroller,shopping-cart-stroller,2026-09-09,1,0
adopt-me,Show Pony,show-pony,2026-09-09,2,0
adopt-me,Silly Duck,silly-duck,2026-09-09,1,0
adopt-me,Silverback Gorilla,silverback-gorilla,2026-09-09,1,0
adopt-me,Skele-Rex Sticker,skele-rex-sticker,2026-09-09,1,0
adopt-me,Skelebat,skelebat,2026-09-09,1,0
adopt-me,Skeleton Winged Glider,skeleton-winged-glider,2026-09-09,0,1
adopt-me,Skunk,skunk,2026-09-09,1,0
adopt-me,Sleepy Armadillo Sticker,sleepy-armadillo-sticker,2026-09-09,1,0
adopt-me,Slimingo Feather Teleporter,slimingo-feather-teleporter,2026-09-09,1,0
adopt-me,Sloth,sloth,2026-09-09,4,0
adopt-me,Sloth Sticker,sloth-sticker,2026-09-09,1,0
adopt-me,Slug Sticker,slug-sticker,2026-09-09,2,0
adopt-me,S'mores Raccoon,smores-raccoon,2026-09-09,0,1
adopt-me,Sneak Weasel,sneak-weasel,2026-09-09,1,0
adopt-me,Snorgle,snorgle,2026-09-09,3,0
adopt-me,Snow Cat,snow-cat,2026-09-09,1,0
adopt-me,Snow Cloud Wings,snow-cloud-wings,2026-09-09,1,0
adopt-me,Snow Cone,snow-cone,2026-09-09,1,0
adopt-me,Snow Leopard,snow-leopard,2026-09-09,1,0
adopt-me,Snow Monkey Sticker,snow-monkey-sticker,2026-09-09,1,0
adopt-me,Snow Owl,snow-owl,2026-09-09,2,0
adopt-me,Snowball Launcher,snowball-launcher,2026-09-09,1,0
adopt-me,Snowball Pet,snowball-pet,2026-09-09,2,0
adopt-me,Snowball Pug,snowball-pug,2026-09-09,1,0
adopt-me,Snowflake Badge,snowflake-badge,2026-09-09,2,0
adopt-me,Snowflake Earrings,snowflake-earrings,2026-09-09,1,0
adopt-me,Snowman,snowman,2026-09-09,3,0
adopt-me,Snowstorm Hat,snowstorm-hat,2026-09-09,1,0
adopt-me,Snowy Mammoth,snowy-mammoth,2026-09-09,1,0
adopt-me,Snowy Mammoth Sticker,snowy-mammoth-sticker,2026-09-09,2,0
adopt-me,Snowy Tree Hat,snowy-tree-hat,2026-09-09,2,0
adopt-me,Soccer Ball Throw Toy,soccer-ball-throw-toy,2026-09-09,2,0
adopt-me,Soccer Car,soccer-car,2026-09-09,1,0
adopt-me,Soda Chew Toy,soda-chew-toy,2026-09-09,2,0
adopt-me,Solar Winged Halo,solar-winged-halo,2026-09-09,1,0
adopt-me,Solaris,solaris,2026-09-09,2,0
adopt-me,Solarpunk Skates,solarpunk-skates,2026-09-09,1,0
adopt-me,Space Helmet,space-helmet,2026-09-09,1,0
adopt-me,Spain Soccer Earrings,spain-soccer-earrings,2026-09-09,1,0
adopt-me,Spiderweb Coffin Backpack,spiderweb-coffin-backpack,2026-09-09,1,0
adopt-me,Spring Bunny Feet,spring-bunny-feet,2026-09-09,1,0
adopt-me,Spring Bunny Hood,spring-bunny-hood,2026-09-09,3,0
adopt-me,Spring Bunny Nose,spring-bunny-nose,2026-09-09,1,0
adopt-me,Spring Glasses,spring-glasses,2026-09-09,1,0
adopt-me,Sprinkler Propeller,sprinkler-propeller,2026-09-09,2,0
adopt-me,Spyglass Glasses,spyglass-glasses,2026-09-09,1,0
adopt-me,Squid,squid,2026-09-09,1,0
adopt-me,Squid Plush,squid-plush,2026-09-09,1,0
adopt-me,Squid Sticker,squid-sticker,2026-09-09,2,0
adopt-me,St Bernard,st-bernard,2026-09-09,2,0
adopt-me,Star Balloon,star-balloon,2026-09-09,1,0
adopt-me,Star Hoodie,star-hoodie,2026-09-09,1,0
adopt-me,Star Throwing Disc,star-throwing-disc,2026-09-09,1,0
adopt-me,Star Topper Plush,star-topper-plush,2026-09-09,1,0
adopt-me,Starfish,starfish,2026-09-09,2,0
adopt-me,Starfish Sticker,starfish-sticker,2026-09-09,1,0
adopt-me,Starhopper,starhopper,2026-09-09,1,0
adopt-me,Steel Drum,steel-drum,2026-09-09,1,0
adopt-me,Steel Toe Heel,steel-toe-heel,2026-09-09,2,0
adopt-me,Stegosaurus,stegosaurus,2026-09-09,1,0
adopt-me,Stick Throw Toy,stick-throw-toy,2026-09-09,2,0
adopt-me,Stingray,stingray,2026-09-09,2,0
adopt-me,Strawberry Cakeroll Plush,strawberry-cakeroll-plush,2026-09-09,1,0
adopt-me,Strawberry Kitty Throw Toy,strawberry-kitty-throw-toy,2026-09-09,1,0
adopt-me,Strawberry Shortcake Bat Dragon,strawberry-shortcake-bat-dragon,2026-09-09,1,1
adopt-me,Strawberry Shortcake Bat Dragon Backpack,strawberry-shortcake-bat-dragon-backpack,2026-09-09,1,0
adopt-me,Strawberry Shortcake Bow,strawberry-shortcake-bow,2026-09-09,3,0
adopt-me,Strawberry Shortcake Ducky,strawberry-shortcake-ducky,2026-09-09,0,1
adopt-me,Stripey Fall Scarf,stripey-fall-scarf,2026-09-09,1,0
adopt-me,Stylish Neckerchief,stylish-neckerchief,2026-09-09,2,0
adopt-me,Subzero Popsicle Bait,subzero-popsicle-bait,2026-09-09,1,0
adopt-me,Succulent Plush,succulent-plush,2026-09-09,2,0
adopt-me,Sugarfest 2026 Sticker Pack,sugarfest-2026-sticker-pack,2026-09-09,2,0
adopt-me,Sun Balloon,sun-balloon,2026-09-09,1,0
adopt-me,Sunflower Friend,sunflower-friend,2026-09-09,1,0
adopt-me,Sunglasses,sunglasses,2026-09-09,1,0
adopt-me,Sunhat,sunhat,2026-09-09,1,0
adopt-me,Sunrise Duckling Sticker,sunrise-duckling-sticker,2026-09-09,2,0
adopt-me,Swan Stroller,swan-stroller,2026-09-09,1,0
adopt-me,Sword,sword,2026-09-09,1,0
adopt-me,Swordfish,swordfish,2026-09-09,3,0
adopt-me,Tan Chow-Chow,tan-chow-chow,2026-09-09,1,0
adopt-me,Tarsier,tarsier,2026-09-09,2,0
adopt-me,Tasmanian Tiger,tasmanian-tiger,2026-09-09,3,0
adopt-me,Teddy Bear,teddy-bear,2026-09-09,1,0
adopt-me,Telescope Pogo,telescope-pogo,2026-09-09,1,0
adopt-me,Temple Friend,temple-friend,2026-09-09,2,0
adopt-me,Ten Gallon Hat,ten-gallon-hat,2026-09-09,1,0
adopt-me,Therapy Dog,therapy-dog,2026-09-09,1,0
adopt-me,Tiny Home,tiny-home,2026-09-09,11,0
adopt-me,Tiny Wings,tiny-wings,2026-09-09,1,0
adopt-me,Toaster Hat,toaster-hat,2026-09-09,1,0
adopt-me,Toasty Mittens,toasty-mittens,2026-09-09,1,0
adopt-me,Toasty Red Panda,toasty-red-panda,2026-09-09,1,0
adopt-me,Tool Box,tool-box,2026-09-09,1,0
adopt-me,Top Hat Flying Disc,top-hat-flying-disc,2026-09-09,1,0
adopt-me,Tortuga de la Isla Sticker,tortuga-de-la-isla-sticker-sticker,2026-09-09,1,0
adopt-me,Toucan,toucan,2026-09-09,2,0
adopt-me,Toxic Kaijunior Sticker,toxic-kaijunior-sticker,2026-09-09,1,0
adopt-me,Toy Monkey,toy-monkey,2026-09-09,2,0
adopt-me,Track Paws,track-paws,2026-09-09,1,0
adopt-me,Treble Clef Pogo Stick,treble-clef-pogo-stick,2026-09-09,2,0
adopt-me,Tree Kangaroo,tree-kangaroo,2026-09-09,1,0
adopt-me,Tree Sasquatch,tree-sasquatch,2026-09-09,3,0
adopt-me,Tree Skirt,tree-skirt,2026-09-09,1,0
adopt-me,Triceratops,triceratops,2026-09-09,1,0
adopt-me,Triple Stroller,triple-stroller,2026-09-09,1,0
adopt-me,Trumpet,trumpet,2026-09-09,1,0
adopt-me,Turkey,turkey,2026-09-09,1,0
adopt-me,Turtle,turtle,2026-09-09,2,0
adopt-me,Turtle Doves,turtle-doves,2026-09-09,2,0
adopt-me,Turtle Doves Sticker,turtle-doves-sticker,2026-09-09,2,0
adopt-me,Tuxedo Cat,tuxedo-cat,2026-09-09,3,0
adopt-me,TV Hood,tv-hood,2026-09-09,1,0
adopt-me,Twisty Marshmallow Chew Toy,twisty-marshmallow-chew-toy,2026-09-09,1,0
adopt-me,Undead Elk Sticker,undead-elk-sticker,2026-09-09,1,0
adopt-me,Unicorn,unicorn,2026-09-09,7,0
adopt-me,Unicorn Ducky,unicorn-ducky,2026-09-09,2,0
adopt-me,Unicorn Horn,unicorn-horn,2026-09-09,2,0
adopt-me,Unicorn Sticker,unicorn-sticker,2026-09-09,1,0
adopt-me,Unpoppable Bubble,unpoppable-bubble,2026-09-09,1,0
adopt-me,Velocirooster,velocirooster,2026-09-09,1,0
adopt-me,Very Happy Clam Sticker,very-happy-clam-sticker,2026-09-09,1,0
adopt-me,Violet Pogostick,violet-pogostick,2026-09-09,1,0
adopt-me,Vol. 2 Pets Plus Sticker Pack,vol-2-pets-plus-sticker-pack,2026-09-09,2,1
adopt-me,Volcanic Boots,volcanic-boots,2026-09-09,1,0
adopt-me,Vulture,vulture,2026-09-09,1,0
adopt-me,Waffle Staff,waffle-staff,2026-09-09,2,0
adopt-me,Waffle Wagon,waffle-wagon,2026-09-09,1,0
adopt-me,Wailing Mr. Whiskerpips Sticker,wailing-mr-whiskerpips-sticker,2026-09-09,1,0
adopt-me,Warthog,warthog,2026-09-09,1,0
adopt-me,Water Moon Bear,water-moon-bear,2026-09-09,1,0
adopt-me,Water Opossum,water-opossum,2026-09-09,2,0
adopt-me,Water Rabbit Sticker,water-rabbit-sticker,2026-09-09,1,0
adopt-me,Watermelon Backpack,watermelon-backpack,2026-09-09,2,0
adopt-me,Watermelon Shoes,watermelon-shoes,2026-09-09,2,0
adopt-me,Weevil,weevil,2026-09-09,2,0
adopt-me,Werewolf,werewolf,2026-09-09,1,0
adopt-me,Wesekh,wesekh,2026-09-09,1,0
adopt-me,White Bandana,white-bandana,2026-09-09,1,0
adopt-me,White Choccybunny,white-choccybunny,2026-09-09,3,0
adopt-me,White Cozy Hood,white-cozy-hood,2026-09-09,1,0
adopt-me,White Pogostick,white-pogostick,2026-09-09,2,0
adopt-me,White Skeleton Dog Sticker,white-skeleton-dog-sticker,2026-09-09,1,0
adopt-me,White Visor,white-visor,2026-09-09,1,0
adopt-me,Wielded Flail,wielded-flail,2026-09-09,1,0
adopt-me,Wind Turbine Earrings,wind-turbine-earrings,2026-09-09,2,0
adopt-me,Winged Cap,winged-cap,2026-09-09,1,0
adopt-me,Winged Flying Disc,winged-flying-disc,2026-09-09,1,0
adopt-me,Winged Heels,winged-heels,2026-09-09,1,0
adopt-me,Winged Horse Sticker,winged-horse-sticker,2026-09-09,1,0
adopt-me,Winged Skates,winged-skates,2026-09-09,1,0
adopt-me,Winter 2025 Sticker Pack,winter-2025-sticker-pack,2026-09-09,2,0
adopt-me,Winter Fawn,winter-fawn,2026-09-09,1,0
adopt-me,Witch Boots,witch-boots,2026-09-09,1,0
adopt-me,Wooden Pan Flute,wooden-pan-flute,2026-09-09,1,0
adopt-me,Woodpecker,woodpecker,2026-09-09,1,0
adopt-me,Woolly Mammoth Sticker,woolly-mammoth-sticker,2026-09-09,2,0
adopt-me,Worm Farm Grappling Hook,worm-farm-grappling-hook,2026-09-09,1,0
adopt-me,Wrapped Doll,wrapped-doll-egg,2026-09-09,1,0
adopt-me,Wrapping Paper Throw Toy,wrapping-paper-throw-toy,2026-09-09,2,0
adopt-me,Wren,wren,2026-09-09,1,0
adopt-me,Wyvern,wyvern,2026-09-09,1,0
adopt-me,Xmas Tree Rattle,xmas-tree-rattle,2026-09-09,1,0
adopt-me,Y2K Shades,y2k-shades,2026-09-09,3,0
adopt-me,Yarn Apple,yarn-apple,2026-09-09,2,0
adopt-me,Yarn Beanie,yarn-beanie,2026-09-09,1,0
adopt-me,Yellow Cap,yellow-cap,2026-09-09,1,0
adopt-me,Yellow Designer Backpack,yellow-designer-backpack,2026-09-09,1,0
adopt-me,Yellow Sneakers,yellow-sneakers,2026-09-09,1,0
adopt-me,Yule Log Dog,yule-log-dog,2026-09-09,2,0
adopt-me,Yule Log Dog Sticker,yule-log-dog-sticker,2026-09-09,1,0
adopt-me,Yule Log Treat,yule-log-treat,2026-09-09,1,0
adopt-me,Zebra,zebra,2026-09-09,2,0
adopt-me,Zebra Backpack,zebra-backpack,2026-09-09,2,0
adopt-me,Zebra Sticker,zebra-sticker,2026-09-09,1,0
adopt-me,Zeopod,zeopod,2026-09-09,2,0
adopt-me,Zombie Chick,zombie-chick,2026-09-09,1,0
adopt-me,Granny Wolf,,2026-09-09,2,
adopt-me,Lighthouse Sticker,,2026-09-09,1,
adopt-me,2D Crown,,2026-09-09,2,
adopt-me,Chipmunk Sticker,,2026-09-09,2,
adopt-me,Huntsman Robin,,2026-09-09,3,
adopt-me,Pet/Baby Sitting,,2026-09-09,3,
adopt-me,Princess Mare,,2026-09-09,1,
adopt-me,Crimson Cape,,2026-09-09,1,
adopt-me,Lucky Clover Glasses,,2026-09-09,2,
adopt-me,Mrs. Whiskerpips,,2026-09-09,5,
adopt-me,Clubtail Dragonfly Sticker,,2026-09-09,2,
adopt-me,Sugarfest Slug Sticker,,2026-09-09,2,
adopt-me,Sheepdog Army Hair,,2026-09-09,2,
adopt-me,Stocked Santa Sleigh,,2026-09-09,2,
adopt-me,Ms. Muffet,,2026-09-09,4,
adopt-me,2022 Birthday Cake,2022-birthday-cake,2026-09-10,2,0
adopt-me,2022 Birthday Confetti Cannon,2022-birthday-confetti-cannon,2026-09-10,1,0
adopt-me,2022 Birthday Cupcake Shoes,2022-birthday-cupcake-shoes,2026-09-10,1,1
adopt-me,2022 Birthday Party Hat,2022-birthday-party-hat,2026-09-10,2,1
adopt-me,2D Doggy,2d-doggy,2026-09-10,1,0
adopt-me,2D Glasses,2d-glasses,2026-09-10,1,0
adopt-me,2D Kitty,2d-kitty,2026-09-10,1,0
adopt-me,Abyss Propeller,abyss-propeller,2026-09-10,1,0
adopt-me,Admin Abuse Box,admin-abuse-box,2026-09-10,3,0
adopt-me,Admin Abuse Egg,admin-abuse-egg,2026-09-10,2,0
adopt-me,Adopt Me Snowboard 1,adopt-me-snowboard-1,2026-09-10,0,1
adopt-me,Adopt Me Snowboard 2,adopt-me-snowboard-2,2026-09-10,0,1
adopt-me,African Wild Dog,african-wild-dog,2026-09-10,4,0
adopt-me,Airplane Propeller,airplane-propeller,2026-09-10,1,0
adopt-me,Albino Bat,albino-bat,2026-09-10,1,0
adopt-me,Albino Monkey,albino-monkey,2026-09-10,1,0
adopt-me,Alicorn,alicorn,2026-09-10,2,0
adopt-me,Alley Cat,alley-cat,2026-09-10,7,0
adopt-me,Alpaca,alpaca,2026-09-10,3,0
adopt-me,Amami Rabbit,amami-rabbit,2026-09-10,1,0
adopt-me,Ancient Dragon,ancient-dragon,2026-09-10,2,0
adopt-me,Angel Wings,angel-wings,2026-09-10,1,1
adopt-me,Angus Bull,angus-bull,2026-09-10,2,0
adopt-me,Angus Calf,angus-calf,2026-09-10,1,0
adopt-me,Angus Cow,angus-cow,2026-09-10,1,0
adopt-me,Ankylosaurus,ankylosaurus,2026-09-10,1,0
adopt-me,Ant,ant,2026-09-10,1,0
adopt-me,Apple Owl,apple-owl,2026-09-10,1,0
adopt-me,Arctic Dusk Dragon,arctic-dusk-dragon,2026-09-10,2,0
adopt-me,Arctic Dusk Dragon Sticker,arctic-dusk-dragon-sticker,2026-09-10,1,0
adopt-me,Arctic Fox,arctic-fox,2026-09-10,4,0
adopt-me,Arctic Hare,arctic-hare,2026-09-10,2,0
adopt-me,Arctic Reindeer,arctic-reindeer,2026-09-10,7,0
adopt-me,Armadillo,armadillo,2026-09-10,2,0
adopt-me,Aurora Fox,aurora-fox,2026-09-10,1,0
adopt-me,Aussie Egg,aussie-egg,2026-09-10,3,0
adopt-me,Australian Kelpie,australian-kelpie,2026-09-10,2,0
adopt-me,Axolotl,axolotl,2026-09-10,2,0
adopt-me,Aye Aye,aye-aye,2026-09-10,1,0
adopt-me,Aztec Egg,aztec-egg,2026-09-10,3,0
adopt-me,Badger,badger,2026-09-10,3,0
adopt-me,Bakeneko,bakeneko,2026-09-10,1,0
adopt-me,Bali Starling,bali-starling,2026-09-10,1,0
adopt-me,Balloon Unicorn,balloon-unicorn,2026-09-10,1,0
adopt-me,Banana Hat,banana-hat,2026-09-10,1,0
adopt-me,Bat,bat,2026-09-10,1,0
adopt-me,Bat Dragon,bat-dragon,2026-09-10,4,1
adopt-me,Bat Dragon Cuddle Animated Sticker,bat-dragon-cuddle-animated-sticker,2026-09-10,0,1
adopt-me,Bat Face Roller Skates,bat-face-roller-skates,2026-09-10,2,0
adopt-me,Bat Wings,bat-wings,2026-09-10,2,0
adopt-me,Bathtub,bathtub,2026-09-10,1,1
adopt-me,Bauble Buddies,bauble-buddies,2026-09-10,1,1
adopt-me,Bauble Necklace,bauble-necklace,2026-09-10,2,0
adopt-me,Bear Keychain,bear-keychain,2026-09-10,1,0
adopt-me,Bear Winter Hat,bear-winter-hat,2026-09-10,1,0
adopt-me,Beaver,beaver,2026-09-10,1,0
adopt-me,Bee,bee,2026-09-10,1,0
adopt-me,Bell Flower Hat,bell-flower-hat,2026-09-10,1,0
adopt-me,Beluga Whale,beluga-whale,2026-09-10,3,0
adopt-me,Bethink Skateboard,bethink-skateboard,2026-09-10,0,1
adopt-me,Bewitched Hat,bewitched-hat,2026-09-10,1,0
adopt-me,Big Gift,big-gift,2026-09-10,1,0
adopt-me,Binturong,binturong,2026-09-10,1,0
adopt-me,Bionic Arms,bionic-arms,2026-09-10,1,0
adopt-me,Bird Feeder Pogo,bird-feeder-pogo,2026-09-10,1,0
adopt-me,Black-Chested Pheasant,black-chested-pheasant,2026-09-10,1,0
adopt-me,Black-Footed Ferret,black-footed-ferret,2026-09-10,1,0
adopt-me,Black Rhino,black-rhino,2026-09-10,3,0
adopt-me,Black Springer Spaniel,black-springer-spaniel,2026-09-10,1,0
adopt-me,Black Tiger,black-tiger,2026-09-10,1,0
adopt-me,Blazing Lion,blazing-lion,2026-09-10,1,0
adopt-me,Blazing Lion Animated Sticker,blazing-lion-animated-sticker,2026-09-10,0,1
adopt-me,Bloodhound,bloodhound,2026-09-10,2,0
adopt-me,Blue Neon Snowboard,blue-neon-snowboard,2026-09-10,0,1
adopt-me,Blue Rider,blue-rider,2026-09-10,1,0
adopt-me,Blue Sneakers,blue-sneakers,2026-09-10,1,0
adopt-me,Blue Whale,blue-whale,2026-09-10,2,0
adopt-me,Bone Wings,bone-wings,2026-09-10,3,0
adopt-me,Bone Xylophone,bone-xylophone,2026-09-10,2,0
adopt-me,Bow Tie,bow-tie,2026-09-10,0,1
adopt-me,Bready Necklace,bready-necklace,2026-09-10,1,0
adopt-me,Brown Bear,brown-bear,2026-09-10,2,0
adopt-me,Brown Springer Spaniel,brown-springer-spaniel,2026-09-10,1,0
adopt-me,Bucket Shoes,bucket-shoes,2026-09-10,1,0
adopt-me,Buffalo,buffalo,2026-09-10,1,0
adopt-me,Bug Net,bug-net,2026-09-10,1,0
adopt-me,Bunny Carriage,bunny-carriage,2026-09-10,0,1
adopt-me,Bunny Ear Tiara,bunny-ear-tiara,2026-09-10,2,0
adopt-me,Bunny Swirl,bunny-swirl,2026-09-10,4,1
adopt-me,Burger Bear,burger-bear,2026-09-10,3,1
adopt-me,Business Monkey,business-monkey,2026-09-10,1,0
adopt-me,Butter Knife,butter-knife,2026-09-10,2,0
adopt-me,Butterfly Headphones,butterfly-headphones,2026-09-10,2,0
adopt-me,Buzz Off! Skateboard,buzz-off-skateboard,2026-09-10,1,0
adopt-me,Cabbit,cabbit,2026-09-10,12,0
adopt-me,Cactus Friend,cactus-friend,2026-09-10,1,0
adopt-me,Cactus Friend Hat,cactus-friend-hat,2026-09-10,1,0
adopt-me,Caelum Cervi,caelum-cervi,2026-09-10,1,0
adopt-me,Cake Friend,cake-friend,2026-09-10,2,0
adopt-me,California Condor,california-condor,2026-09-10,2,0
adopt-me,Camera Hat,camera-hat,2026-09-10,1,0
adopt-me,Campfire Stories Mega Neon Paint,campfire-stories-mega-neon-paint,2026-09-10,1,0
adopt-me,Candicorn,candicorn,2026-09-10,10,0
adopt-me,Candy Cane,candy-cane-food,2026-09-10,0,1
adopt-me,Candy Cane Throw Toy,candy-cane-throw-toy,2026-09-10,0,1
adopt-me,Candy Flare Mega Neon Pet Paint,candy-flare-mega-neon-pet-paint,2026-09-10,13,0
adopt-me,Candy Hare,candy-hare,2026-09-10,1,0
adopt-me,Candyfloss Chick,candyfloss-chick,2026-09-10,4,0
adopt-me,Candyfloss Mega Neon Paint,candyfloss-mega-neon-paint,2026-09-10,2,0
adopt-me,Capricorn,capricorn,2026-09-10,3,0
adopt-me,Capybara,capybara,2026-09-10,1,0
adopt-me,Carrot Friend Plushie,carrot-friend-plushie,2026-09-10,1,0
adopt-me,Carrot Headphones,carrot-headphones,2026-09-10,1,0
adopt-me,Castle Tower,castle-tower,2026-09-10,1,0
adopt-me,Cat Backpack,cat-backpack,2026-09-10,1,0
adopt-me,Caterpillar,caterpillar,2026-09-10,1,0
adopt-me,Celestial Balloon,celestial-balloon,2026-09-10,1,0
adopt-me,Cerberus,cerberus,2026-09-10,3,0
adopt-me,Chameleon,chameleon,2026-09-10,1,0
adopt-me,Chanekeh,chanekeh,2026-09-10,1,0
adopt-me,Cheetah,cheetah,2026-09-10,1,0
adopt-me,Chef Hat,chef-hat,2026-09-10,2,0
adopt-me,Chef Hat,chef-hat,2026-09-10,2,0
adopt-me,Cherry-on-Top,cherry-on-top,2026-09-10,1,0
adopt-me,Cherub Chipmunk,cherub-chipmunk,2026-09-10,2,0
adopt-me,Chick Backpack,chick-backpack,2026-09-10,2,0
adopt-me,Chihuahua,chihuahua,2026-09-10,4,1
adopt-me,Chimera,chimera,2026-09-10,1,0
adopt-me,Choccybunny Box,choccybunny-box,2026-09-10,2,0
adopt-me,Choco Penguin,choco-penguin,2026-09-10,3,0
adopt-me,Chocolate Chip Bat Dragon,chocolate-chip-bat-dragon,2026-09-10,5,1
adopt-me,Chocolate Chip Bat Dragon Backpack,chocolate-chip-bat-dragon-backpack,2026-09-10,2,0
adopt-me,Chocolate Dutch Guinea Pig,chocolate-dutch-guinea-pig,2026-09-10,5,0
adopt-me,Christmas Boots,christmas-boots,2026-09-10,2,0
adopt-me,Christmas Egg,christmas-egg,2026-09-10,1,0
adopt-me,Christmas Gift,christmas-gift,2026-09-10,0,1
adopt-me,Christmas Pudding Pup,christmas-pudding-pup,2026-09-10,3,0
adopt-me,Christmas Pudding Pup Bait,christmas-pudding-pup-bait,2026-09-10,1,0
adopt-me,Christmas Spirit,christmas-spirit,2026-09-10,3,0
adopt-me,City Hat,city-hat,2026-09-10,2,0
adopt-me,Clementine Owl,clementine-owl,2026-09-10,1,0
adopt-me,Cloud,cloud,2026-09-10,0,1
adopt-me,Clover Cow,clover-cow,2026-09-10,2,0
adopt-me,Clownfish,clownfish,2026-09-10,2,0
adopt-me,Clubtail Dragonfly,clubtail-dragonfly,2026-09-10,1,0
adopt-me,Cocoadile,cocoadile,2026-09-10,1,0
adopt-me,Coconut Friend,coconut-friend,2026-09-10,1,0
adopt-me,Cold Cube,cold-cube,2026-09-10,1,0
adopt-me,Container Home,container-home,2026-09-10,1,0
adopt-me,Cool Quad Skates,cool-quad-skates,2026-09-10,1,0
adopt-me,Corgi,corgi,2026-09-10,4,0
adopt-me,Corn Doggo,corn-doggo,2026-09-10,1,0
adopt-me,Corsair Cruiser,corsair-cruiser,2026-09-10,1,0
adopt-me,Cotton Candy Hat,cotton-candy-hat,2026-09-10,2,0
adopt-me,Cow,cow,2026-09-10,15,0
adopt-me,Cow Calf,cow-calf,2026-09-10,1,0
adopt-me,Cowboy Boots,cowboy-boots,2026-09-10,1,0
adopt-me,Coyote,coyote,2026-09-10,1,0
adopt-me,Cracked Egg,cracked-egg,2026-09-10,2,0
adopt-me,Cradle Stroller,cradle-stroller,2026-09-10,0,1
adopt-me,Crayon Mohawk,crayon-mohawk,2026-09-10,1,0
adopt-me,Crocodile,crocodile,2026-09-10,4,0
adopt-me,Crow,crow,2026-09-10,10,1
adopt-me,Cryptid,cryptid,2026-09-10,24,1
adopt-me,Crystal Egg,crystal-egg,2026-09-10,2,0
adopt-me,Cupcake Hat,cupcake-hat,2026-09-10,1,0
adopt-me,Cute-A-Cabra,cute-a-cabra,2026-09-10,2,0
adopt-me,Da Vinci Propeller,da-vinci-propeller,2026-09-10,1,0
adopt-me,Dalmatian,dalmatian,2026-09-10,2,0
adopt-me,Danger Egg,danger-egg,2026-09-10,1,0
adopt-me,Dango Penguins,dango-penguins,2026-09-10,3,0
adopt-me,Dark Choccybunny,dark-choccybunny,2026-09-10,1,0
adopt-me,Diamond Unicorn,diamond-unicorn,2026-09-10,5,0
adopt-me,Dimension Drifter,dimension-drifter,2026-09-10,1,0
adopt-me,Dino Truck,dino-truck,2026-09-10,1,0
adopt-me,Dire Wolf,dire-wolf,2026-09-10,4,0
adopt-me,Dirty Ducky,dirty-ducky,2026-09-10,0,1
adopt-me,Dodo,dodo,2026-09-10,3,0
adopt-me,Dog,dog,2026-09-10,1,0
adopt-me,Dog Backpack,dog-backpack,2026-09-10,1,0
adopt-me,Donkey,donkey,2026-09-10,1,0
adopt-me,Donut Rattle,donut-rattle,2026-09-10,1,0
adopt-me,Dotted Eggy,dotted-eggy,2026-09-10,2,0
adopt-me,Dracula Fish,dracula-fish,2026-09-10,1,0
adopt-me,Dragon,dragon,2026-09-10,3,0
adopt-me,Dragon Train,dragon-train,2026-09-10,0,1
adopt-me,Dragonfly,dragonfly,2026-09-10,2,0
adopt-me,Dragonfly Fairy Wings,dragonfly-fairy-wings,2026-09-10,0,1
adopt-me,Dragonfruit Feet,dragonfruit-feet,2026-09-10,1,0
adopt-me,Dragonfruit Fox,dragonfruit-fox,2026-09-10,4,0
adopt-me,Duck Floatie,duck-floatie,2026-09-10,1,0
adopt-me,Easter Bunny,easter-bunny,2026-09-10,1,0
adopt-me,Easter Eggy Box,easter-eggy-box,2026-09-10,0,1
adopt-me,Eaten Donut,eaten-donut,2026-09-10,2,0
adopt-me,Egg Glasses,egg-glasses,2026-09-10,1,0
adopt-me,Egg Stroller,egg-stroller,2026-09-10,0,1
adopt-me,Ehecatl,ehecatl,2026-09-10,1,0
adopt-me,Elephant,elephant,2026-09-10,1,0
adopt-me,Elf Shoes,elf-shoes,2026-09-10,1,0
adopt-me,Ember Wings,ember-wings-pet-item,2026-09-10,0,1
adopt-me,Emberlight,emberlight,2026-09-10,4,0
adopt-me,Emu,emu,2026-09-10,1,0
adopt-me,Endangered Egg,endangered-egg,2026-09-10,5,0
adopt-me,English Sheepdog,english-sheepdog,2026-09-10,2,0
adopt-me,Ermine,ermine,2026-09-10,1,1
adopt-me,Evil Chick,evil-chick,2026-09-10,1,0
adopt-me,Evil Unicorn,evil-unicorn,2026-09-10,3,0
adopt-me,Expandable Friendly Home,expandable-friendly-home,2026-09-10,1,0
adopt-me,Expandable Hillside Mansion,expandable-hillside-mansion,2026-09-10,1,0
adopt-me,Fairy Bat Dragon,fairy-bat-dragon,2026-09-10,4,1
adopt-me,Fallow Deer,fallow-deer,2026-09-10,3,0
adopt-me,Family Home,family-home,2026-09-10,7,0
adopt-me,Feather,feather,2026-09-10,1,0
adopt-me,Feesh,feesh,2026-09-10,1,0
adopt-me,Fennec Fox,fennec-fox,2026-09-10,1,0
adopt-me,Fidget Skateboard,fidget-skateboard,2026-09-10,0,1
adopt-me,Fire Foal,fire-foal,2026-09-10,2,0
adopt-me,Fire Hydrant,fire-hydrant,2026-09-10,1,0
adopt-me,Fire Stallion,fire-stallion,2026-09-10,1,0
adopt-me,Firefly,firefly,2026-09-10,1,0
adopt-me,Fishbowl Hat,fishbowl-hat,2026-09-10,1,0
adopt-me,Flaming Fox,flaming-fox,2026-09-10,1,0
adopt-me,Flamingo,flamingo,2026-09-10,1,0
adopt-me,Fleur De Ice,fleur-de-ice,2026-09-10,1,0
adopt-me,Floating Cloud,floating-cloud,2026-09-10,1,0
adopt-me,Floral Eggy,floral-eggy,2026-09-10,1,0
adopt-me,Flower Cloche,flower-cloche,2026-09-10,1,0
adopt-me,Flower Crown,flower-crown,2026-09-10,1,0
adopt-me,Flower Power Duckling,flower-power-duckling,2026-09-10,2,0
adopt-me,Flower Truck,flower-truck,2026-09-10,0,1
adopt-me,Fly-A-Pet Potion (Forever),fly-a-pet-potion-forever,2026-09-10,22,4
adopt-me,Flying Broomstick,flying-broomstick,2026-09-10,1,0
adopt-me,Folded Paper Wings,folded-paper-wings,2026-09-10,1,0
adopt-me,Fool Egg,fool-egg,2026-09-10,1,0
adopt-me,Forest Sprite,forest-sprite,2026-09-10,4,0
adopt-me,Founder's Crown,founders-crown,2026-09-10,1,0
adopt-me,French Bulldog,french-bulldog,2026-09-10,5,0
adopt-me,Frog,frog,2026-09-10,1,0
adopt-me,Frogspawn,frogspawn,2026-09-10,0,1
adopt-me,Frost Dragon,frost-dragon,2026-09-10,7,1
adopt-me,Frost Fury,frost-fury,2026-09-10,1,0
adopt-me,Frost Phoenix,frost-phoenix,2026-09-10,2,0
adopt-me,Frostbite Bear,frostbite-bear,2026-09-10,1,0
adopt-me,Frostbite Bear and Cub Animated Sticker,frostbite-bear-and-cub-animated-sticker,2026-09-10,3,0
adopt-me,Frostbite Cub,frostbite-cub,2026-09-10,2,0
adopt-me,Frozen Penguin,frozen-penguin,2026-09-10,2,0
adopt-me,Galaxy Explorer Helmet,galaxy-explorer-helmet,2026-09-10,3,0
adopt-me,Garden Egg,garden-egg,2026-09-10,2,0
adopt-me,Garden Snake,garden-snake,2026-09-10,1,0
adopt-me,Gargoyle,gargoyle,2026-09-10,1,0
adopt-me,Gecko Ducky,gecko-ducky,2026-09-10,3,0
adopt-me,General Sheepdog,general-sheepdog,2026-09-10,4,0
adopt-me,Ghost,ghost,2026-09-10,1,0
adopt-me,Ghost Bunny,ghost-bunny,2026-09-10,4,0
adopt-me,Ghost Dog,ghost-dog,2026-09-10,1,0
adopt-me,Ghost Kitty Backpack,ghost-kitty-backpack,2026-09-10,1,0
adopt-me,Ghost Wolf,ghost-wolf,2026-09-10,1,0
adopt-me,Ghostly Cat,ghostly-cat,2026-09-10,4,0
adopt-me,Giant Anteater,giant-anteater,2026-09-10,1,0
adopt-me,Giant Cheetah Mount,giant-cheetah-mount,2026-09-10,0,1
adopt-me,Giant Panda,giant-panda,2026-09-10,4,0
adopt-me,Ginger Cat,ginger-cat,2026-09-10,2,0
adopt-me,Gingerbread Hare,gingerbread-hare,2026-09-10,1,0
adopt-me,Gingerbread Reindeer,gingerbread-reindeer,2026-09-10,2,0
adopt-me,Gingerbread Star Eye Patch,gingerbread-star-eye-patch,2026-09-10,1,0
adopt-me,Giraffe,giraffe,2026-09-10,4,1
adopt-me,Giraffe Hat,giraffe-hat,2026-09-10,0,1
adopt-me,Glacier Kitsune,glacier-kitsune,2026-09-10,1,0
adopt-me,Glacier Moth,glacier-moth,2026-09-10,1,0
adopt-me,Glamicorn Purse Pet,glamicorn-purse-pet,2026-09-10,2,0
adopt-me,Glormy Crab,glormy-crab,2026-09-10,1,0
adopt-me,Glormy Dolphin,glormy-dolphin,2026-09-10,1,0
adopt-me,Glormy Hound,glormy-hound,2026-09-10,1,0
adopt-me,Glormy Leo,glormy-leo,2026-09-10,2,0
adopt-me,Glyptodon Ducky,glyptodon-ducky,2026-09-10,3,0
adopt-me,Goat,goat,2026-09-10,3,0
adopt-me,Gold Circle Glasses,gold-circle-glasses,2026-09-10,1,0
adopt-me,Gold Mahi Mahi,gold-mahi-mahi,2026-09-10,3,0
adopt-me,Gold Skateboard,gold-skateboard,2026-09-10,1,0
adopt-me,Gold Snowboard,gold-snowboard,2026-09-10,0,1
adopt-me,Golden Egg,golden-egg,2026-09-10,2,0
adopt-me,Golden Gift,golden-gift,2026-09-10,0,1
adopt-me,Golden Hamster,golden-hamster,2026-09-10,1,0
adopt-me,Golden Hummingbird,golden-hummingbird,2026-09-10,2,0
adopt-me,Golden Leaf,golden-leaf,2026-09-10,0,1
adopt-me,Golden Mistletoe,golden-mistletoe,2026-09-10,0,1
adopt-me,Golden Tortoise Beetle,golden-tortoise-beetle,2026-09-10,2,0
adopt-me,Goldenrod Flower,goldenrod-flower,2026-09-10,0,1
adopt-me,Goldfish,goldfish,2026-09-10,1,8
adopt-me,Goldhorn,goldhorn,2026-09-10,1,0
adopt-me,Googly Eye Glasses,googly-eye-glasses,2026-09-10,1,0
adopt-me,Goose,goose,2026-09-10,12,0
adopt-me,Gorilla,gorilla,2026-09-10,1,0
adopt-me,Goth Spike Boots,goth-spike-boots,2026-09-10,1,0
adopt-me,Grave Owl,grave-owl,2026-09-10,2,0
adopt-me,Great Pyrenees,great-pyrenees,2026-09-10,5,0
adopt-me,Green Neon Snowboard,green-neon-snowboard,2026-09-10,0,1
adopt-me,Griffin,griffin,2026-09-10,1,0
adopt-me,Grim Dragon,grim-dragon,2026-09-10,3,0
adopt-me,Grim Dragon Sticker,grim-dragon-sticker,2026-09-10,1,0
adopt-me,Grinmoire,grinmoire,2026-09-10,4,0
adopt-me,Ground Sloth,ground-sloth,2026-09-10,1,0
adopt-me,Groundhog,groundhog,2026-09-10,2,0
adopt-me,Growing Flower Hat,growing-flower-hat,2026-09-10,1,0
adopt-me,Guardian Lion,guardian-lion,2026-09-10,2,0
adopt-me,Gumball Caterpillar,gumball-caterpillar,2026-09-10,7,0
adopt-me,Gummy Guana,gummy-guana,2026-09-10,2,0
adopt-me,Haetae,haetae,2026-09-10,3,0
adopt-me,Halloween Black Ponycycle,halloween-black-ponycycle,2026-09-10,1,0
adopt-me,Halloween Blue Scorpion,halloween-blue-scorpion,2026-09-10,1,0
adopt-me,Halloween Chick Box,halloween-chick-box,2026-09-10,0,1
adopt-me,Halloween Mummy Cat Box,halloween-mummy-cat-box,2026-09-10,1,0
adopt-me,Halloween Orange Pumpkin Balloon,halloween-orange-pumpkin-balloon,2026-09-10,1,0
adopt-me,Halloween Orange Pumpkin Flying Disc,halloween-orange-pumpkin-flying-disc,2026-09-10,1,0
adopt-me,Halloween White Ghost Dragon,halloween-white-ghost-dragon,2026-09-10,2,0
adopt-me,Halloween White Skeleton Dog,halloween-white-skeleton-dog,2026-09-10,1,0
adopt-me,Hamster,hamster,2026-09-10,0,1
adopt-me,Happy Clam,happy-clam,2026-09-10,1,0
adopt-me,Happy Duckling,happy-duckling,2026-09-10,2,0
adopt-me,Hare Box,hare-box,2026-09-10,0,1
adopt-me,Harp Seal,harp-seal,2026-09-10,3,3
adopt-me,Heart Bow,heart-bow,2026-09-10,1,0
adopt-me,Heart Hoverboard,heart-hoverboard,2026-09-10,1,0
adopt-me,Heart Potion,heart-potion,2026-09-10,0,1
adopt-me,Hedgehog,hedgehog,2026-09-10,2,0
adopt-me,Highland Cow,highland-cow,2026-09-10,1,0
adopt-me,Hippo,hippo,2026-09-10,1,0
adopt-me,Hippogriff,hippogriff,2026-09-10,1,0
adopt-me,Hollywood House,hollywood-house,2026-09-10,1,0
adopt-me,Honey Jar,honey-jar,2026-09-10,1,0
adopt-me,Hopbop,hopbop,2026-09-10,1,0
adopt-me,Horse And Carriage,horse-and-carriage,2026-09-10,0,1
adopt-me,Horse Cycle,horse-cycle,2026-09-10,0,1
adopt-me,Hot Doggo,hot-doggo,2026-09-10,3,0
adopt-me,Humbug,humbug,2026-09-10,3,0
adopt-me,Hummingbird,hummingbird,2026-09-10,1,0
adopt-me,Hydra,hydra,2026-09-10,1,0
adopt-me,Hyena,hyena,2026-09-10,2,0
adopt-me,Ice Cape,ice-cape,2026-09-10,1,0
adopt-me,Ice Cream Cone Hat,ice-cream-cone-hat,2026-09-10,1,0
adopt-me,Ice Cream Heels,ice-cream-heels,2026-09-10,2,0
adopt-me,Ice Cream Hermit Crab,ice-cream-hermit-crab,2026-09-10,2,0
adopt-me,Ice Cream Rattle,ice-cream-rattle,2026-09-10,1,0
adopt-me,Ice Crown,ice-crown,2026-09-10,1,0
adopt-me,Ice Cube,ice-cube,2026-09-10,2,0
adopt-me,Ice Halo,ice-halo,2026-09-10,3,0
adopt-me,Ice Monocle,ice-monocle,2026-09-10,2,0
adopt-me,Ice Queen Sleigh,ice-queen-sleigh,2026-09-10,1,0
adopt-me,Ice Shoes,ice-shoes,2026-09-10,1,0
adopt-me,Ice Snowboard,ice-snowboard,2026-09-10,0,1
adopt-me,Ice Tray,ice-tray,2026-09-10,0,1
adopt-me,Ice Wolf,ice-wolf,2026-09-10,1,0
adopt-me,Igloo Home,igloo-home,2026-09-10,1,0
adopt-me,Indian Leopard,indian-leopard,2026-09-10,1,0
adopt-me,Inmate Capuchin Monkey,inmate-capuchin-monkey,2026-09-10,1,0
adopt-me,Instant Photo Necklace,instant-photo-necklace,2026-09-10,1,0
adopt-me,Irish Elk,irish-elk,2026-09-10,1,0
adopt-me,Irish Setter,irish-setter,2026-09-10,3,0
adopt-me,Irish Water Spaniel,irish-water-spaniel,2026-09-10,1,0
adopt-me,Japan Egg,japan-egg,2026-09-10,2,0
adopt-me,Japanese Snow Fairy,japanese-snow-fairy,2026-09-10,1,0
adopt-me,Jekyll Hydra,jekyll-hydra,2026-09-10,4,0
adopt-me,Jekyll Hydra Animated Sticker,jekyll-hydra-animated-sticker,2026-09-10,0,1
adopt-me,Jiggly Jerboa,jiggly-jerboa,2026-09-10,1,0
adopt-me,Jingle Bell Earrings,jingle-bell-earrings,2026-09-10,1,0
adopt-me,Jumping Spider,jumping-spider,2026-09-10,1,0
adopt-me,Kage Crow Sticker,kage-crow-sticker,2026-09-10,1,0
adopt-me,Kaijunior box,kaijunior-box,2026-09-10,0,1
adopt-me,Kakapo,kakapo,2026-09-10,2,0
adopt-me,Kangaroo,kangaroo,2026-09-10,5,0
adopt-me,Kelp Crewmate,kelp-crewmate,2026-09-10,1,0
adopt-me,Kelp Raider,kelp-raider,2026-09-10,3,0
adopt-me,Kelp Raider Box,kelp-raider-box,2026-09-10,1,1
adopt-me,Kid Goat,kid-goat,2026-09-10,1,0
adopt-me,King Bee,king-bee,2026-09-10,1,0
adopt-me,Kitsune,kitsune,2026-09-10,1,0
adopt-me,Kitty Bat,kitty-bat,2026-09-10,4,0
adopt-me,Kiwi,kiwi,2026-09-10,3,0
adopt-me,Kiwi Hat,kiwi-hat,2026-09-10,2,0
adopt-me,Kiwi Kiwi,kiwi-kiwi,2026-09-10,6,0
adopt-me,Knight Helmet,knight-helmet,2026-09-10,1,0
adopt-me,Koala,koala,2026-09-10,5,0
adopt-me,Koi Carp,koi-carp,2026-09-10,4,0
adopt-me,Korean House,korean-house,2026-09-10,1,0
adopt-me,Ladybug,ladybug,2026-09-10,2,0
adopt-me,Ladybug Sticker,ladybug-sticker,2026-09-10,1,0
adopt-me,Lamb,lamb,2026-09-10,1,0
adopt-me,Lammergeier,lammergeier,2026-09-10,1,0
adopt-me,Large Bow,large-bow,2026-09-10,1,0
adopt-me,Latte Kitsune,latte-kitsune,2026-09-10,3,0
adopt-me,Latte Motorcycle,latte-motorcycle,2026-09-10,2,0
adopt-me,Laurel Wreath,laurel-wreath,2026-09-10,1,0
adopt-me,Lava Dragon,lava-dragon,2026-09-10,1,0
adopt-me,Leaf,leaf,2026-09-10,0,1
adopt-me,Lemonade Stand,lemonade-stand,2026-09-10,2,0
adopt-me,Leopard Cat,leopard-cat,2026-09-10,2,0
adopt-me,Leopard Shark,leopard-shark,2026-09-10,2,0
adopt-me,Leprechaun Tophat,leprechaun-tophat,2026-09-10,1,0
adopt-me,Limo,limo,2026-09-10,2,0
adopt-me,Lion,lion,2026-09-10,3,0
adopt-me,Lion Cub,lion-cub,2026-09-10,2,0
adopt-me,Lionfish,lionfish,2026-09-10,2,0
adopt-me,Llama,llama,2026-09-10,1,0
adopt-me,Llama Rattle,llama-rattle,2026-09-10,1,0
adopt-me,Llamalush Purse Pet,llamalush-purse-pet,2026-09-10,1,0
adopt-me,Long Neck Throw Toy,long-neck-throw-toy,2026-09-10,1,0
adopt-me,Lunar Moon Bear,lunar-moon-bear,2026-09-10,1,0
adopt-me,Lunar New Year Gift Box,lunar-new-year-gift-box,2026-09-10,0,1
adopt-me,Lunar New Year Knot Earrings,lunar-new-year-knot-earrings,2026-09-10,1,0
adopt-me,Lunar Ox,lunar-ox,2026-09-10,2,0
adopt-me,Lunar Pogo,lunar-pogo,2026-09-10,1,0
adopt-me,Lunar Tiger,lunar-tiger,2026-09-10,3,0
adopt-me,Luxury Apartments,luxury-apartments,2026-09-10,1,0
adopt-me,Lynx,lynx,2026-09-10,1,0
adopt-me,Lynx Sticker,lynx-sticker,2026-09-10,1,0
adopt-me,Magic Girl Wings,magic-girl-wings,2026-09-10,0,1
adopt-me,Magical Staff,magical-staff,2026-09-10,1,0
adopt-me,Magma Moose,magma-moose,2026-09-10,1,0
adopt-me,Magpie,magpie,2026-09-10,5,0
adopt-me,Mahi Mahi,mahi-mahi,2026-09-10,2,0
adopt-me,Maine Coon,maine-coon,2026-09-10,1,0
adopt-me,Maine Coon Sticker,maine-coon-sticker,2026-09-10,1,0
adopt-me,Many Mackerel,many-mackerel,2026-09-10,2,0
adopt-me,Massive Gift,massive-gift,2026-09-10,1,0
adopt-me,Meerkat,meerkat,2026-09-10,2,0
adopt-me,Mermicorn,mermicorn,2026-09-10,1,0
adopt-me,Merry Mistletroll,merry-mistletroll,2026-09-10,1,0
adopt-me,Metal Ox,metal-ox,2026-09-10,2,0
adopt-me,Meteor Plush,meteor-plush,2026-09-10,1,0
adopt-me,Mexican Wolf,mexican-wolf,2026-09-10,4,0
adopt-me,Midnight Dragon,midnight-dragon,2026-09-10,1,0
adopt-me,Milk Choccybunny,milk-choccybunny,2026-09-10,6,1
adopt-me,Mini Pig,mini-pig,2026-09-10,5,0
adopt-me,Mochi Meow,mochi-meow,2026-09-10,2,0
adopt-me,Modern Mansion,modern-mansion,2026-09-10,1,0
adopt-me,Momma Moose,momma-moose,2026-09-10,2,0
adopt-me,Monkey,monkey,2026-09-10,3,0
adopt-me,Monocle,monocle,2026-09-10,0,1
adopt-me,Moon Bear Box,moon-bear-box,2026-09-10,1,1
adopt-me,Moon Egg,moon-egg,2026-09-10,1,0
adopt-me,Moonbeam Peacock,moonbeam-peacock,2026-09-10,1,0
adopt-me,Moose Calf,moose-calf,2026-09-10,2,0
adopt-me,Moth Hair Clip,moth-hair-clip,2026-09-10,1,0
adopt-me,Motorized Sofa,motorized-sofa-toy,2026-09-10,2,0
adopt-me,Mouse,mouse,2026-09-10,1,0
adopt-me,Munchkin Cat,munchkin-cat,2026-09-10,5,1
adopt-me,Mythic Egg,mythic-egg,2026-09-10,1,0
adopt-me,Nap Mask,nap-mask,2026-09-10,1,0
adopt-me,Narwhal,narwhal,2026-09-10,2,0
adopt-me,Naughty Mistletroll,naughty-mistletroll,2026-09-10,1,0
adopt-me,Nautilus,nautilus,2026-09-10,3,0
adopt-me,Nebula Snake,nebula-snake,2026-09-10,1,0
adopt-me,Neon Black Scooter,neon-black-scooter,2026-09-10,0,1
adopt-me,Neon Blue Skateboard,neon-blue-skateboard,2026-09-10,0,1
adopt-me,Neon Red Skateboard,neon-red-skateboard,2026-09-10,0,1
adopt-me,Night in a Jar,night-in-a-jar,2026-09-10,1,0
adopt-me,Ninja Monkey,ninja-monkey,2026-09-10,1,0
adopt-me,Nurse Shark,nurse-shark,2026-09-10,1,0
adopt-me,Ocean Egg,ocean-egg,2026-09-10,1,0
adopt-me,Ocelot,ocelot,2026-09-10,2,0
adopt-me,Octopus,octopus,2026-09-10,3,0
adopt-me,Onza,onza,2026-09-10,4,0
adopt-me,Orangutan,orangutan,2026-09-10,1,0
adopt-me,Orbital Roller Skates,orbital-roller-skates,2026-09-10,1,0
adopt-me,Orca,orca,2026-09-10,2,0
adopt-me,Orchid Butterfly,orchid-butterfly,2026-09-10,1,0
adopt-me,Orchid Racer,orchid-racer,2026-09-10,1,0
adopt-me,Ornate Horned Frog,ornate-horned-frog,2026-09-10,1,0
adopt-me,Owl,owl,2026-09-10,13,1
adopt-me,Ox Box,ox-box,2026-09-10,1,1
adopt-me,Paint Sealer,paint-sealer,2026-09-10,6,0
adopt-me,Pancake Stack,pancake-stack,2026-09-10,3,0
adopt-me,Panda,panda,2026-09-10,3,0
adopt-me,Panda Cap,panda-cap,2026-09-10,0,1
adopt-me,Papa Moose,papa-moose,2026-09-10,1,0
adopt-me,Paper Wings,paper-wings-pet-item,2026-09-10,1,0
adopt-me,Parakeet,parakeet,2026-09-10,2,0
adopt-me,Parrot,parrot,2026-09-10,12,1
adopt-me,Patchy Bear,patchy-bear,2026-09-10,1,0
adopt-me,Peach Owl,peach-owl,2026-09-10,1,0
adopt-me,Peachick,peachick,2026-09-10,2,0
adopt-me,Penguin Sticker,penguin-sticker,2026-09-10,1,0
adopt-me,Peppermint Penguin,peppermint-penguin,2026-09-10,3,0
adopt-me,Persian Cat,persian-cat,2026-09-10,1,0
adopt-me,Pet Egg,pet-egg,2026-09-10,1,0
adopt-me,Pet Handler Pro Certificate,pet-handler-pro-certificate,2026-09-10,5,0
adopt-me,Pets Plus Sticker Pack,pets-plus-sticker-pack,2026-09-10,1,0
adopt-me,Phantom Dragon,phantom-dragon,2026-09-10,1,0
adopt-me,Phoenix,phoenix,2026-09-10,4,0
adopt-me,Pine Marten,pine-marten,2026-09-10,2,0
adopt-me,Pineapple Owl,pineapple-owl,2026-09-10,2,0
adopt-me,Pink Boots,pink-boots,2026-09-10,1,0
adopt-me,Pink Butterfly Wings,pink-butterfly-wings,2026-09-10,3,0
adopt-me,Pink Cat Ear Headphones,pink-cat-ear-headphones,2026-09-10,2,0
adopt-me,Pink Hightops,pink-hightops,2026-09-10,3,0
adopt-me,Pink Neon Snowboard,pink-neon-snowboard,2026-09-10,0,1
adopt-me,Pizza Place,pizza-place,2026-09-10,2,0
adopt-me,Pizza Throwing Disc,pizza-throwing-disc,2026-09-10,1,0
adopt-me,Pizza Unicycle,pizza-unicycle,2026-09-10,1,0
adopt-me,Planetary Core Car,planetary-core-car,2026-09-10,1,0
adopt-me,Platypus,platypus,2026-09-10,1,0
adopt-me,Polar Bear,polar-bear,2026-09-10,2,0
adopt-me,Pomeranian,pomeranian,2026-09-10,1,0
adopt-me,Pony Box,pony-box,2026-09-10,0,1
adopt-me,Poodle,poodle,2026-09-10,5,0
adopt-me,Poodle Sticker,poodle-sticker,2026-09-10,1,0
adopt-me,Postie Van,postie-van,2026-09-10,2,0
adopt-me,Premium Gorilla Box,premium-gorilla-box,2026-09-10,0,1
adopt-me,Premium Monkey Box,premium-monkey-box,2026-09-10,0,1
adopt-me,Pudding Cat,pudding-cat,2026-09-10,1,0
adopt-me,Puddleducks Hood,puddleducks-hood,2026-09-10,1,0
adopt-me,Puffer Fish,puffer-fish,2026-09-10,1,0
adopt-me,Pumpkin Friend,pumpkin-friend,2026-09-10,1,0
adopt-me,Pupcake,pupcake,2026-09-10,0,2
adopt-me,Puppeteer Hand,puppeteer-hand,2026-09-10,1,0
adopt-me,Puptune,puptune,2026-09-10,1,0
adopt-me,Purple Heart Glasses,purple-heart-glasses,2026-09-10,1,0
adopt-me,Purple Rose,purple-rose,2026-09-10,1,0
adopt-me,Purrowl,purrowl,2026-09-10,3,0
adopt-me,Queen Bee,queen-bee,2026-09-10,2,0
adopt-me,Queen Bee Sticker,queen-bee-sticker,2026-09-10,1,0
adopt-me,Queenslander House,queenslander-house,2026-09-10,1,0
adopt-me,Quetzalcoatl,quetzalcoatl,2026-09-10,1,0
adopt-me,Radish Friend,radish-friend,2026-09-10,1,0
adopt-me,Rain Cloud Hat,rain-cloud-hat,2026-09-10,2,0
adopt-me,Rainbow Cloud Wings,rainbow-cloud-wings,2026-09-10,1,0
adopt-me,Rainbow Maker,rainbow-maker,2026-09-10,2,0
adopt-me,Rainbow Rattle,rainbow-rattle,2026-09-10,0,1
adopt-me,Rainbow Stroller,rainbow-stroller,2026-09-10,1,0
adopt-me,Rainbow Trout,rainbow-trout,2026-09-10,4,0
adopt-me,Ram,ram,2026-09-10,3,0
adopt-me,Rat Box,rat-box,2026-09-10,0,1
adopt-me,Ratatoskr,ratatoskr,2026-09-10,3,0
adopt-me,Rattle,rattle,2026-09-10,1,0
adopt-me,RB Battles Trophy Hat,rb-battles-trophy-hat,2026-09-10,1,0
adopt-me,Red Crowned Crane,red-crowned-crane,2026-09-10,1,0
adopt-me,Red Panda,red-panda,2026-09-10,4,0
adopt-me,Red Panda Bag,red-panda-bag,2026-09-10,1,0
adopt-me,Red Panda Ducky,red-panda-ducky,2026-09-10,2,0
adopt-me,Red Panda Sticker,red-panda-sticker,2026-09-10,1,0
adopt-me,Red Ribbon,red-ribbon,2026-09-10,1,0
adopt-me,Red Sand Dollar,red-sand-dollar,2026-09-10,1,0
adopt-me,Red Squirrel,red-squirrel,2026-09-10,1,0
adopt-me,Regal Chest,regal-chest,2026-09-10,3,0
adopt-me,Retired Egg,retired-egg,2026-09-10,9,0
adopt-me,Retro 3D Glasses,retro-3d-glasses,2026-09-10,1,0
adopt-me,RGB Collar,rgb-collar,2026-09-10,1,0
adopt-me,RGB Reward Box,rgb-reward-box,2026-09-10,3,0
adopt-me,Rhino,rhino,2026-09-10,1,0
adopt-me,Rhino Beetle,rhino-beetle,2026-09-10,1,0
adopt-me,Ribbon Seal,ribbon-seal,2026-09-10,3,0
adopt-me,Ribcage Carriage,ribcage-carriage,2026-09-10,1,0
adopt-me,Rice Cake Hat,rice-cake-hat,2026-09-10,1,0
adopt-me,Ride-A-Pet Potion (Forever),ride-a-pet-potion-forever,2026-09-10,30,12
adopt-me,River Otter,river-otter,2026-09-10,1,0
adopt-me,Roadrunner,roadrunner,2026-09-10,1,0
adopt-me,Roblox Snowboard,roblox-snowboard,2026-09-10,0,1
adopt-me,Robot,robot,2026-09-10,1,0
adopt-me,Rocket Sled,rocket-sled,2026-09-10,0,1
adopt-me,Ronin Hat,ronin-hat,2026-09-10,2,0
adopt-me,Royal Egg,royal-egg,2026-09-10,1,0
adopt-me,Royal Palace Spaniel,royal-palace-spaniel,2026-09-10,1,0
adopt-me,Rubber Dog Balloon,rubber-dog-balloon,2026-09-10,1,0
adopt-me,Rubber Ducky,rubber-ducky,2026-09-10,5,0
adopt-me,Ruddy Duck,ruddy-duck,2026-09-10,1,0
adopt-me,Ruler's Castle,rulers-castle,2026-09-10,0,1
adopt-me,Sabertooth,sabertooth,2026-09-10,2,0
adopt-me,Sakura Scythe,sakura-scythe,2026-09-10,1,0
adopt-me,Salamander,salamander,2026-09-10,2,0
adopt-me,Samoyed,samoyed,2026-09-10,3,0
adopt-me,Sandbox Island,sandbox-island,2026-09-10,1,0
adopt-me,Santa Beard,santa-beard,2026-09-10,1,0
adopt-me,Scarebear,scarebear,2026-09-10,1,0
adopt-me,Scarecrow Box,scarecrow-box,2026-09-10,0,1
adopt-me,Scarecrow Cat,scarecrow-cat,2026-09-10,1,1
adopt-me,Scarecrow Horse,scarecrow-horse,2026-09-10,1,0
adopt-me,Science Hat,science-hat,2026-09-10,1,0
adopt-me,Scorching Kaijunior Sticker,scorching-kaijunior-sticker,2026-09-10,1,0
adopt-me,Sea Angel,sea-angel,2026-09-10,1,0
adopt-me,Sea Turtle,sea-turtle,2026-09-10,3,0
adopt-me,Seagull Yell Animated Sticker,seagull-yell-animated-sticker,2026-09-10,0,1
adopt-me,Seahorse,seahorse,2026-09-10,1,0
adopt-me,Septum Ring,septum-ring,2026-09-10,3,0
adopt-me,Shadow Dragon,shadow-dragon,2026-09-10,3,1
adopt-me,Shadow Dragon Ducky,shadow-dragon-ducky,2026-09-10,2,0
adopt-me,Shadow Wings,shadow-wings,2026-09-10,0,1
adopt-me,Shark,shark,2026-09-10,2,0
adopt-me,Shark Puppy,shark-puppy,2026-09-10,5,0
adopt-me,Sheeeeep,sheeeeep,2026-09-10,1,0
adopt-me,Sheepdog Ducky,sheepdog-ducky,2026-09-10,3,0
adopt-me,Shetland Pony Dark Brown,shetland-pony-dark-brown,2026-09-10,1,0
adopt-me,Shetland Pony White,shetland-pony-white,2026-09-10,1,0
adopt-me,Shiba Inu,shiba-inu,2026-09-10,2,0
adopt-me,Shih Tzu,shih-tzu,2026-09-10,2,0
adopt-me,Shiver Wolf,shiver-wolf,2026-09-10,1,0
adopt-me,Shooting Star Glasses,shooting-star-glasses,2026-09-10,1,0
adopt-me,Shrew,shrew,2026-09-10,1,0
adopt-me,Siamese Cat,siamese-cat,2026-09-10,10,2
adopt-me,Silly Duck,silly-duck,2026-09-10,1,0
adopt-me,Silly Duck Sticker,silly-duck-sticker,2026-09-10,1,0
adopt-me,Silverback Gorilla,silverback-gorilla,2026-09-10,3,0
adopt-me,Skele-Rex,skele-rex,2026-09-10,1,0
adopt-me,Slime,slime,2026-09-10,2,0
adopt-me,Slimingo Feather Teleporter,slimingo-feather-teleporter,2026-09-10,1,1
adopt-me,Sloth,sloth,2026-09-10,2,0
adopt-me,Small Gift,small-gift,2026-09-10,1,0
adopt-me,Sneak Weasel,sneak-weasel,2026-09-10,2,0
adopt-me,Snow Monkey,snow-monkey,2026-09-10,1,0
adopt-me,Snow Owl,snow-owl,2026-09-10,1,0
adopt-me,Snow Snowboard,snow-snowboard,2026-09-10,0,1
adopt-me,Snowball Pet,snowball-pet,2026-09-10,1,0
adopt-me,Snowball Pug,snowball-pug,2026-09-10,3,0
adopt-me,Snowflake Potion,snowflake-potion,2026-09-10,0,1
adopt-me,Soccer Stadium,soccer-stadium,2026-09-10,1,0
adopt-me,Solar Winged Halo,solar-winged-halo,2026-09-10,1,0
adopt-me,Solaris,solaris,2026-09-10,3,0
adopt-me,Sour Glider,sour-glider,2026-09-10,2,0
adopt-me,Special Lunar New Year Gift Box,special-lunar-new-year-gift-box,2026-09-10,0,2
adopt-me,Spider Crab,spider-crab,2026-09-10,1,0
adopt-me,Spinning Cat Animated Sticker,spinning-cat-animated-sticker,2026-09-10,0,1
adopt-me,Spinning Teacup Vehicle,spinning-teacup-vehicle,2026-09-10,1,0
adopt-me,Spinosaurus,spinosaurus,2026-09-10,1,0
adopt-me,Spring Bunny Feet,spring-bunny-feet,2026-09-10,1,0
adopt-me,Spring Bunny Hood,spring-bunny-hood,2026-09-10,4,0
adopt-me,Sprout Snail,sprout-snail,2026-09-10,1,0
adopt-me,Squid,squid,2026-09-10,2,0
adopt-me,SSBD Beanie,ssbd-beanie,2026-09-10,0,1
adopt-me,SSBD Sunnies,ssbd-sunnies,2026-09-10,0,1
adopt-me,St Bernard,st-bernard,2026-09-10,1,0
adopt-me,Standard Capuchin Box,standard-capuchin-box,2026-09-10,0,1
adopt-me,Standard Gibbon Box,standard-gibbon-box,2026-09-10,0,1
adopt-me,Standard Gorilla Box,standard-gorilla-box,2026-09-10,0,1
adopt-me,Standard Wing Chest,standard-wing-chest,2026-09-10,1,0
adopt-me,Star Hoodie,star-hoodie,2026-09-10,1,0
adopt-me,Starfish,starfish,2026-09-10,3,0
adopt-me,Starmite,starmite,2026-09-10,1,0
adopt-me,Stick Throw Toy,stick-throw-toy,2026-09-10,1,0
adopt-me,Strawberry Cupcake Shoes,strawberry-cupcake-shoes,2026-09-10,0,1
adopt-me,Strawberry Kitty Throw Toy,strawberry-kitty-throw-toy,2026-09-10,1,0
adopt-me,Strawberry Penguin,strawberry-penguin,2026-09-10,1,0
adopt-me,Strawberry Plushie Rider,strawberry-plushie-rider,2026-09-10,0,1
adopt-me,Strawberry Shortcake Bat Dragon,strawberry-shortcake-bat-dragon,2026-09-10,14,1
adopt-me,Strawberry Shortcake Bow,strawberry-shortcake-bow,2026-09-10,2,0
adopt-me,Strawberry Teapot Leash,strawberry-teapot-leash,2026-09-10,1,0
adopt-me,Stygian Owl,stygian-owl,2026-09-10,3,0
adopt-me,Sugar Glider,sugar-glider,2026-09-10,2,0
adopt-me,Sugarfest 2026 Sticker Pack,sugarfest-2026-sticker-pack,2026-09-10,1,0
adopt-me,Summer 2025 Sticker Pack,summer-2025-sticker-pack,2026-09-10,1,0
adopt-me,Summer Walrus,summer-walrus,2026-09-10,1,0
adopt-me,Sun Wings,sun-wings,2026-09-10,1,0
adopt-me,Sunflower Friend,sunflower-friend,2026-09-10,3,0
adopt-me,Sunglider,sunglider,2026-09-10,1,0
adopt-me,Sunrise Duckling,sunrise-duckling,2026-09-10,1,0
adopt-me,Sushi Penguin,sushi-penguin,2026-09-10,2,0
adopt-me,Sushi Roll Friend,sushi-roll-friend,2026-09-10,1,0
adopt-me,Swan,swan,2026-09-10,4,0
adopt-me,Swan Stroller,swan-stroller,2026-09-10,1,0
adopt-me,Sweetheart Rat,sweetheart-rat,2026-09-10,0,2
adopt-me,Swordfish,swordfish,2026-09-10,1,0
adopt-me,T-Rex,t-rex,2026-09-10,4,0
adopt-me,Tan Chow-Chow,tan-chow-chow,2026-09-10,1,0
adopt-me,Tegu,tegu,2026-09-10,2,0
adopt-me,Telescope Pogo,telescope-pogo,2026-09-10,1,0
adopt-me,Temple Friend,temple-friend,2026-09-10,1,0
adopt-me,Ten Gallon Hat,ten-gallon-hat,2026-09-10,1,0
adopt-me,The Black Dog,the-black-dog,2026-09-10,1,0
adopt-me,Thinking Hat,thinking-hat,2026-09-10,1,0
adopt-me,Tiny Home,tiny-home,2026-09-10,13,0
adopt-me,Tiny Wings,tiny-wings,2026-09-10,2,0
adopt-me,Toaster Tart Backpack,toaster-tart-backpack,2026-09-10,1,0
adopt-me,Toasty Red Panda,toasty-red-panda,2026-09-10,2,0
adopt-me,Tool Box,tool-box,2026-09-10,1,0
adopt-me,Top Hat Flying Disc,top-hat-flying-disc,2026-09-10,1,0
adopt-me,Tortoiseshell Guinea Pig,tortoiseshell-guinea-pig,2026-09-10,2,1
adopt-me,Toucan,toucan,2026-09-10,3,0
adopt-me,Toucan Sticker,toucan-sticker,2026-09-10,1,0
adopt-me,Toxic Kaijunior,toxic-kaijunior,2026-09-10,2,0
adopt-me,Trapdoor Snail,trapdoor-snail,2026-09-10,1,0
adopt-me,Tree Frog,tree-frog,2026-09-10,2,0
adopt-me,Tree Kangaroo,tree-kangaroo,2026-09-10,1,0
adopt-me,Tree Skirt,tree-skirt,2026-09-10,1,0
adopt-me,Treehouse,treehouse,2026-09-10,2,0
adopt-me,Triple Stroller,triple-stroller,2026-09-10,1,0
adopt-me,Turtle,turtle,2026-09-10,7,0
adopt-me,Turtle Doves,turtle-doves,2026-09-10,1,0
adopt-me,Tusks,tusks,2026-09-10,1,0
adopt-me,Tuxedo Cat,tuxedo-cat,2026-09-10,4,0
adopt-me,Undead Jousting Horse,undead-jousting-horse,2026-09-10,2,0
adopt-me,Unicorn,unicorn,2026-09-10,7,0
adopt-me,Unicorn Ducky,unicorn-ducky,2026-09-10,3,0
adopt-me,Unicorn Horn,unicorn-horn,2026-09-10,1,0
adopt-me,Urban Egg,urban-egg,2026-09-10,1,0
adopt-me,Vampire Cape,vampire-cape,2026-09-10,1,0
adopt-me,Vanilla Penguin,vanilla-penguin,2026-09-10,1,1
adopt-me,Velociraptor,velociraptor,2026-09-10,1,0
adopt-me,Velocirooster,velocirooster,2026-09-10,1,0
adopt-me,Vermilion Butterfly,vermilion-butterfly,2026-09-10,1,0
adopt-me,Villain Gibbon,villain-gibbon,2026-09-10,1,0
adopt-me,Vol. 2 Pets Plus Sticker Pack,vol-2-pets-plus-sticker-pack,2026-09-10,1,0
adopt-me,Volcanic Boots,volcanic-boots,2026-09-10,1,0
adopt-me,Water Moon Bear,water-moon-bear,2026-09-10,1,0
adopt-me,Water Opossum,water-opossum,2026-09-10,3,0
adopt-me,Water Walking Potion,water-walking-potion,2026-09-10,0,1
adopt-me,Werewolf,werewolf,2026-09-10,1,0
adopt-me,Wesekh,wesekh,2026-09-10,1,0
adopt-me,White Amazon,white-amazon,2026-09-10,1,0
adopt-me,White Choccybunny,white-choccybunny,2026-09-10,2,1
adopt-me,White Sand Dollar,white-sand-dollar,2026-09-10,1,0
adopt-me,White Winter Hat,white-winter-hat,2026-09-10,1,0
adopt-me,Wildfire Hawk,wildfire-hawk,2026-09-10,1,0
adopt-me,Winged Heels,winged-heels,2026-09-10,1,0
adopt-me,Winged Horse,winged-horse,2026-09-10,3,0
adopt-me,Winter Fawn,winter-fawn,2026-09-10,1,0
adopt-me,Witch Boots,witch-boots,2026-09-10,1,0
adopt-me,Witch Broom,witch-broom,2026-09-10,1,0
adopt-me,Witch's Caravan,witchs-caravan,2026-09-10,1,0
adopt-me,Wolf,wolf,2026-09-10,3,0
adopt-me,Wolpertinger,wolpertinger,2026-09-10,1,0
adopt-me,Wood Pigeon,wood-pigeon,2026-09-10,1,0
adopt-me,Wood Scooter,wood-scooter,2026-09-10,1,0
adopt-me,Wyvern,wyvern,2026-09-10,1,0
adopt-me,Y2K Shades,y2k-shades,2026-09-10,1,0
adopt-me,Yarn Apple,yarn-apple,2026-09-10,1,0
adopt-me,Yarn Beanie,yarn-beanie,2026-09-10,3,0
adopt-me,Yellow Designer Backpack,yellow-designer-backpack,2026-09-10,1,0
adopt-me,Yellow-lipped Sea Krait,yellow-lipped-sea-krait,2026-09-10,1,0
adopt-me,Yeti,yeti,2026-09-10,1,0
adopt-me,Zebra,zebra,2026-09-10,2,0
adopt-me,Zebra Backpack,zebra-backpack,2026-09-10,1,0
adopt-me,Zebra Sticker,zebra-sticker,2026-09-10,1,0
adopt-me,Zeopod,zeopod,2026-09-10,1,0
adopt-me,Zodiac Minion Chick,zodiac-minion-chick,2026-09-10,2,0
adopt-me,Zodiac Minion Egg,zodiac-minion-egg,2026-09-10,1,0
adopt-me,Zombie Buffalo,zombie-buffalo,2026-09-10,2,0
adopt-me,Zombie Wolf,zombie-wolf,2026-09-10,1,0
adopt-me,Lucky Clover Glasses,,2026-09-10,1,
adopt-me,Mr. Whiskerpips,,2026-09-10,6,
adopt-me,Ms. Muffet,,2026-09-10,5,
adopt-me,Personal Sheepdog Car,,2026-09-10,1,
adopt-me,Budgie Witch,,2026-09-10,4,
adopt-me,Fairytale Egg,,2026-09-10,6,
adopt-me,Pet/Baby Sitting,,2026-09-10,0,
adopt-me,Huntsman Robin,,2026-09-10,4,
adopt-me,Pinkypillar,,2026-09-10,9,
adopt-me,Granny Wolf,,2026-09-10,5,
adopt-me,Little Lamb,,2026-09-10,1,
adopt-me,Princess Mare,,2026-09-10,5,
adopt-me,Crimson Cape,,2026-09-10,4,
adopt-me,Castle,,2026-09-10,1,
adopt-me,2022 Birthday Cake,2022-birthday-cake,2026-09-11,1,0
adopt-me,2022 Birthday Party Hat,2022-birthday-party-hat,2026-09-11,2,0
adopt-me,2022 Birthday Party Horn,2022-birthday-party-horn,2026-09-11,1,0
adopt-me,2026 Birthday Butterfly,2026-birthday-butterfly,2026-09-11,1,0
adopt-me,2D Kitty,2d-kitty,2026-09-11,2,0
adopt-me,2D Top Hat,2d-top-hat,2026-09-11,1,0
adopt-me,Abyssinian Cat,abyssinian-cat,2026-09-11,2,0
adopt-me,Admin Abuse Egg,admin-abuse-egg,2026-09-11,1,0
adopt-me,Aestus,aestus,2026-09-11,2,0
adopt-me,African Wild Dog,african-wild-dog,2026-09-11,1,0
adopt-me,Airplane Wings,airplane-wings,2026-09-11,2,0
adopt-me,Albino Bat,albino-bat,2026-09-11,1,0
adopt-me,Albino Monkey,albino-monkey,2026-09-11,3,0
adopt-me,Alicorn,alicorn,2026-09-11,4,0
adopt-me,Alley Cat,alley-cat,2026-09-11,9,0
adopt-me,Amber Butterfly,amber-butterfly,2026-09-11,2,0
adopt-me,Amethyst Skies Mega Neon Pet Paint,amethyst-skies-mega-neon-pet-paint,2026-09-11,1,0
adopt-me,Ancient Dragon,ancient-dragon,2026-09-11,3,0
adopt-me,Angel Wings,angel-wings,2026-09-11,2,0
adopt-me,Angelic Grappling Hook,angelic-grappling-hook,2026-09-11,1,0
adopt-me,Angelic Propeller,angelic-propeller,2026-09-11,1,0
adopt-me,Angler Fish,angler-fish,2026-09-11,1,0
adopt-me,Angus Bull,angus-bull,2026-09-11,2,0
adopt-me,Angus Calf,angus-calf,2026-09-11,7,0
adopt-me,Angus Cow,angus-cow,2026-09-11,6,0
adopt-me,Ant,ant,2026-09-11,2,0
adopt-me,Apple Owl,apple-owl,2026-09-11,1,0
adopt-me,Arctic Dusk Dragon,arctic-dusk-dragon,2026-09-11,8,0
adopt-me,Arctic Fox,arctic-fox,2026-09-11,5,0
adopt-me,Arctic Reindeer,arctic-reindeer,2026-09-11,8,1
adopt-me,Aurora Fox,aurora-fox,2026-09-11,1,0
adopt-me,Aussie Egg,aussie-egg,2026-09-11,1,0
adopt-me,Australian Kelpie,australian-kelpie,2026-09-11,1,0
adopt-me,Axolotl,axolotl,2026-09-11,2,0
adopt-me,Aye Aye,aye-aye,2026-09-11,3,0
adopt-me,Aztec Egg,aztec-egg,2026-09-11,1,0
adopt-me,Badger,badger,2026-09-11,2,0
adopt-me,Bakeneko,bakeneko,2026-09-11,2,0
adopt-me,Balloon Unicorn,balloon-unicorn,2026-09-11,1,0
adopt-me,Banana Car,banana-car,2026-09-11,1,0
adopt-me,Basilisk,basilisk,2026-09-11,1,0
adopt-me,Bat,bat,2026-09-11,3,0
adopt-me,Bat Dragon,bat-dragon,2026-09-11,5,0
adopt-me,Bat Face Roller Skates,bat-face-roller-skates,2026-09-11,1,0
adopt-me,Bathtub,bathtub,2026-09-11,1,0
adopt-me,Bauble Buddies,bauble-buddies,2026-09-11,1,0
adopt-me,Bear Keychain,bear-keychain,2026-09-11,1,0
adopt-me,Bear Winter Hat,bear-winter-hat,2026-09-11,1,0
adopt-me,Beaver,beaver,2026-09-11,2,0
adopt-me,Bee,bee,2026-09-11,1,0
adopt-me,Bee Shuttle,bee-shuttle,2026-09-11,1,0
adopt-me,Beluga Whale,beluga-whale,2026-09-11,1,0
adopt-me,Beret,beret,2026-09-11,1,0
adopt-me,Big Gift,big-gift,2026-09-11,1,0
adopt-me,Bird Feeder Pogo,bird-feeder-pogo,2026-09-11,1,0
adopt-me,Bison,bison,2026-09-11,9,0
adopt-me,Black Cartoon Hair,black-cartoon-hair,2026-09-11,1,0
adopt-me,Black Chow-Chow,black-chow-chow,2026-09-11,1,0
adopt-me,Black-Footed Ferret,black-footed-ferret,2026-09-11,5,0
adopt-me,Black Marlin,black-marlin,2026-09-11,1,0
adopt-me,Black Panther,black-panther,2026-09-11,1,0
adopt-me,Black Rhino,black-rhino,2026-09-11,5,0
adopt-me,Black Springer Spaniel,black-springer-spaniel,2026-09-11,1,0
adopt-me,Black Tiger,black-tiger,2026-09-11,6,0
adopt-me,Bloodhound,bloodhound,2026-09-11,1,0
adopt-me,Blue Butterfly,blue-butterfly,2026-09-11,2,0
adopt-me,Blue Cat Ear Headphones,blue-cat-ear-headphones,2026-09-11,3,0
adopt-me,Blue Whale,blue-whale,2026-09-11,4,0
adopt-me,Bone Xylophone,bone-xylophone,2026-09-11,1,0
adopt-me,Bow Shoes,bow-shoes,2026-09-11,1,0
adopt-me,Brainworm,brainworm,2026-09-11,1,0
adopt-me,Bready Necklace,bready-necklace,2026-09-11,2,0
adopt-me,Brown Bear,brown-bear,2026-09-11,1,0
adopt-me,Bunny Ear Tiara,bunny-ear-tiara,2026-09-11,1,0
adopt-me,Bunny Swirl,bunny-swirl,2026-09-11,7,0
adopt-me,Burger Bear,burger-bear,2026-09-11,4,0
adopt-me,Burger Bun Hat,burger-bun-hat,2026-09-11,1,0
adopt-me,Bush Elephant,bush-elephant,2026-09-11,1,0
adopt-me,Butter Knife,butter-knife,2026-09-11,2,0
adopt-me,Buzz Off! Skateboard,buzz-off-skateboard,2026-09-11,1,0
adopt-me,Cabbit,cabbit,2026-09-11,6,0
adopt-me,Cactus Friend Hat,cactus-friend-hat,2026-09-11,1,0
adopt-me,Caelum Cervi,caelum-cervi,2026-09-11,1,0
adopt-me,Cake Friend,cake-friend,2026-09-11,2,0
adopt-me,California Condor,california-condor,2026-09-11,4,0
adopt-me,Camel,camel,2026-09-11,3,0
adopt-me,Candicorn,candicorn,2026-09-11,8,0
adopt-me,Candy Cane Snail,candy-cane-snail,2026-09-11,0,1
adopt-me,Candy Hare,candy-hare,2026-09-11,1,0
adopt-me,Candyfloss Chick,candyfloss-chick,2026-09-11,2,0
adopt-me,Capricorn,capricorn,2026-09-11,3,0
adopt-me,Capybara,capybara,2026-09-11,2,0
adopt-me,Carrot Friend Plushie,carrot-friend-plushie,2026-09-11,1,0
adopt-me,Carrot Headphones,carrot-headphones,2026-09-11,1,0
adopt-me,Carrot On A Stick,carrot-on-a-stick,2026-09-11,1,0
adopt-me,Cat,cat,2026-09-11,3,0
adopt-me,Cat Backpack,cat-backpack,2026-09-11,1,0
adopt-me,Cat Hood,cat-hood,2026-09-11,1,0
adopt-me,Cerberus,cerberus,2026-09-11,3,0
adopt-me,Chameleon,chameleon,2026-09-11,1,0
adopt-me,Chanekeh,chanekeh,2026-09-11,2,0
adopt-me,Cheetah,cheetah,2026-09-11,1,0
adopt-me,Cherry Blossom Glasses,cherry-blossom-glasses,2026-09-11,1,0
adopt-me,Cherry-on-Top,cherry-on-top,2026-09-11,1,0
adopt-me,Cherub Chipmunk,cherub-chipmunk,2026-09-11,3,0
adopt-me,Chestnut Glyptodon,chestnut-glyptodon,2026-09-11,2,0
adopt-me,Chick Backpack,chick-backpack,2026-09-11,1,0
adopt-me,Chihuahua,chihuahua,2026-09-11,4,0
adopt-me,Chimera,chimera,2026-09-11,1,0
adopt-me,Choccybunny Box,choccybunny-box,2026-09-11,1,0
adopt-me,Choco Penguin,choco-penguin,2026-09-11,2,0
adopt-me,Chocolate Chip Bat Dragon,chocolate-chip-bat-dragon,2026-09-11,6,0
adopt-me,Chocolate Chip Bat Dragon Backpack,chocolate-chip-bat-dragon-backpack,2026-09-11,3,0
adopt-me,Chocolate Chow-Chow,chocolate-chow-chow,2026-09-11,1,0
adopt-me,Chocolate Dutch Guinea Pig,chocolate-dutch-guinea-pig,2026-09-11,3,0
adopt-me,Christmas Pudding House,christmas-pudding-house,2026-09-11,3,0
adopt-me,Christmas Pudding Pup,christmas-pudding-pup,2026-09-11,2,0
adopt-me,Christmas Spirit,christmas-spirit,2026-09-11,2,0
adopt-me,City Hat,city-hat,2026-09-11,1,0
adopt-me,Clementine Owl,clementine-owl,2026-09-11,3,0
adopt-me,Clover Cow,clover-cow,2026-09-11,1,0
adopt-me,Cobra,cobra,2026-09-11,1,0
adopt-me,Cocoadile,cocoadile,2026-09-11,4,0
adopt-me,Cold Cube,cold-cube,2026-09-11,2,0
adopt-me,Cool Quad Skates,cool-quad-skates,2026-09-11,1,0
adopt-me,Corgi,corgi,2026-09-11,8,0
adopt-me,Corn Doggo,corn-doggo,2026-09-11,1,0
adopt-me,Cotton Candy Hat,cotton-candy-hat,2026-09-11,3,0
adopt-me,Cow,cow,2026-09-11,9,0
adopt-me,Cow Calf,cow-calf,2026-09-11,1,0
adopt-me,Cow Loves This Sticker,cow-loves-this-sticker,2026-09-11,1,0
adopt-me,Cowboy Boots,cowboy-boots,2026-09-11,1,0
adopt-me,Cozy Mistletroll,cozy-mistletroll,2026-09-11,3,0
adopt-me,Cracked Egg,cracked-egg,2026-09-11,6,0
adopt-me,Crayon Mohawk,crayon-mohawk,2026-09-11,1,0
adopt-me,Crocodile,crocodile,2026-09-11,6,0
adopt-me,Crow,crow,2026-09-11,3,1
adopt-me,Cryptid,cryptid,2026-09-11,18,1
adopt-me,Crystal Egg,crystal-egg,2026-09-11,6,0
adopt-me,Cure All Potion,cure-all-potion,2026-09-11,1,0
adopt-me,Cute-A-Cabra,cute-a-cabra,2026-09-11,1,0
adopt-me,Dalmatian,dalmatian,2026-09-11,5,0
adopt-me,Dango Penguins,dango-penguins,2026-09-11,4,0
adopt-me,Dark Choccybunny,dark-choccybunny,2026-09-11,5,0
adopt-me,Deinonychus,deinonychus,2026-09-11,1,0
adopt-me,Diamond Dragon,diamond-dragon,2026-09-11,3,0
adopt-me,Diamond Glasses,diamond-glasses,2026-09-11,2,0
adopt-me,Diamond Griffin,diamond-griffin,2026-09-11,2,0
adopt-me,Diamond Mahi Mahi,diamond-mahi-mahi,2026-09-11,2,0
adopt-me,Diamond Unicorn,diamond-unicorn,2026-09-11,7,2
adopt-me,Dimension Drifter,dimension-drifter,2026-09-11,3,0
adopt-me,Dingo,dingo,2026-09-11,1,0
adopt-me,Dire Wolf,dire-wolf,2026-09-11,7,0
adopt-me,Dirty Ducky,dirty-ducky,2026-09-11,5,0
adopt-me,DJ Snooze,dj-snooze,2026-09-11,3,1
adopt-me,Dodo,dodo,2026-09-11,6,2
adopt-me,Dog,dog,2026-09-11,3,0
adopt-me,Dolphin Cruiser,dolphin-cruiser,2026-09-11,1,0
adopt-me,Donkey,donkey,2026-09-11,3,0
adopt-me,Donut Rattle,donut-rattle,2026-09-11,1,0
adopt-me,Dotted Eggy,dotted-eggy,2026-09-11,1,0
adopt-me,Dracula Fish,dracula-fish,2026-09-11,1,0
adopt-me,Dragon,dragon,2026-09-11,3,0
adopt-me,Dragonfly,dragonfly,2026-09-11,7,0
adopt-me,Dragonfruit Feet,dragonfruit-feet,2026-09-11,1,0
adopt-me,Dragonfruit Fox,dragonfruit-fox,2026-09-11,8,0
adopt-me,Easter Bunny,easter-bunny,2026-09-11,5,0
adopt-me,Eggnog Hare,eggnog-hare,2026-09-11,1,0
adopt-me,Ehecatl,ehecatl,2026-09-11,1,0
adopt-me,Elf Hat,elf-hat,2026-09-11,1,0
adopt-me,Emberlight,emberlight,2026-09-11,2,0
adopt-me,Emperor Shrimp,emperor-shrimp,2026-09-11,1,0
adopt-me,Emu,emu,2026-09-11,2,0
adopt-me,Endangered Egg,endangered-egg,2026-09-11,9,0
adopt-me,Energy Aura Feet,energy-aura-feet,2026-09-11,3,0
adopt-me,English Sheepdog,english-sheepdog,2026-09-11,2,0
adopt-me,Ermine,ermine,2026-09-11,1,0
adopt-me,Evil Basilisk,evil-basilisk,2026-09-11,1,0
adopt-me,Evil Unicorn,evil-unicorn,2026-09-11,1,0
adopt-me,Fairy Bat Dragon,fairy-bat-dragon,2026-09-11,4,1
adopt-me,Fairy Rose Light Rattle,fairy-rose-light-rattle,2026-09-11,1,0
adopt-me,Fallow Deer,fallow-deer,2026-09-11,3,0
adopt-me,Feather,feather,2026-09-11,1,0
adopt-me,Fire Foal,fire-foal,2026-09-11,1,0
adopt-me,Fire Stallion,fire-stallion,2026-09-11,1,0
adopt-me,Fishbowl Hat,fishbowl-hat,2026-09-11,2,0
adopt-me,Flaming Fox,flaming-fox,2026-09-11,1,0
adopt-me,Flamingo,flamingo,2026-09-11,1,0
adopt-me,Fleur De Ice,fleur-de-ice,2026-09-11,1,0
adopt-me,Floating Cloud,floating-cloud,2026-09-11,2,0
adopt-me,Flower Afro Puffs,flower-afro-puffs,2026-09-11,1,0
adopt-me,Flower Aura,flower-aura,2026-09-11,1,0
adopt-me,Flower Cloche,flower-cloche,2026-09-11,1,0
adopt-me,Flower Crown,flower-crown,2026-09-11,1,0
adopt-me,Flower Power Duckling,flower-power-duckling,2026-09-11,1,0
adopt-me,Fly-A-Pet Potion (Forever),fly-a-pet-potion-forever,2026-09-11,9,0
adopt-me,Flying Broomstick,flying-broomstick,2026-09-11,1,0
adopt-me,Flying Fairy,flying-fairy,2026-09-11,2,0
adopt-me,Forest Sprite,forest-sprite,2026-09-11,1,0
adopt-me,Forgotten Flower,forgotten-flower,2026-09-11,2,0
adopt-me,Fossa,fossa,2026-09-11,1,0
adopt-me,French Bulldog,french-bulldog,2026-09-11,4,0
adopt-me,Frog,frog,2026-09-11,1,0
adopt-me,Frog in a Pitcher Leash,frog-in-a-pitcher-leash,2026-09-11,1,0
adopt-me,Frogspawn,frogspawn,2026-09-11,1,0
adopt-me,Frost Dragon,frost-dragon,2026-09-11,11,0
adopt-me,Frost Fury,frost-fury,2026-09-11,2,0
adopt-me,Frost Phoenix,frost-phoenix,2026-09-11,3,0
adopt-me,Frostbite Bear,frostbite-bear,2026-09-11,2,0
adopt-me,Frostbite Cub,frostbite-cub,2026-09-11,1,0
adopt-me,Frostbite Grapple,frostbite-grapple,2026-09-11,1,0
adopt-me,Frozen Crown,frozen-crown,2026-09-11,1,0
adopt-me,Frozen Penguin,frozen-penguin,2026-09-11,3,0
adopt-me,Futuristic Grapple,futuristic-grapple,2026-09-11,1,0
adopt-me,Galapagos Sea Lion,galapagos-sea-lion,2026-09-11,2,0
adopt-me,Galaxy Explorer Helmet,galaxy-explorer-helmet,2026-09-11,2,0
adopt-me,Garden Egg,garden-egg,2026-09-11,1,0
adopt-me,Garden Snake,garden-snake,2026-09-11,1,0
adopt-me,Gecko Ducky,gecko-ducky,2026-09-11,6,0
adopt-me,General Sheepdog,general-sheepdog,2026-09-11,2,1
adopt-me,German Shepherd,german-shepherd,2026-09-11,2,0
adopt-me,Ghost,ghost,2026-09-11,1,0
adopt-me,Ghost Bunny,ghost-bunny,2026-09-11,2,0
adopt-me,Ghostly Cat,ghostly-cat,2026-09-11,3,0
adopt-me,Giant Anteater,giant-anteater,2026-09-11,2,0
adopt-me,Giant Panda,giant-panda,2026-09-11,4,0
adopt-me,Ginger Cat,ginger-cat,2026-09-11,5,0
adopt-me,Gingerbread Hare,gingerbread-hare,2026-09-11,1,0
adopt-me,Gingerbread Reindeer,gingerbread-reindeer,2026-09-11,2,0
adopt-me,Gingerbread Star Eye Patch,gingerbread-star-eye-patch,2026-09-11,1,0
adopt-me,Giraffe,giraffe,2026-09-11,3,0
adopt-me,Glacier Moth,glacier-moth,2026-09-11,1,0
adopt-me,Glamicorn Purse Pet,glamicorn-purse-pet,2026-09-11,2,0
adopt-me,Glormy Crab,glormy-crab,2026-09-11,4,0
adopt-me,Glormy Dolphin,glormy-dolphin,2026-09-11,3,0
adopt-me,Glormy Hound,glormy-hound,2026-09-11,2,0
adopt-me,Glormy Leo,glormy-leo,2026-09-11,2,0
adopt-me,Glyptodon Ducky,glyptodon-ducky,2026-09-11,4,0
adopt-me,Goat,goat,2026-09-11,2,0
adopt-me,Gold Circle Glasses,gold-circle-glasses,2026-09-11,1,0
adopt-me,Gold Mahi Mahi,gold-mahi-mahi,2026-09-11,6,0
adopt-me,Golden Dragon,golden-dragon,2026-09-11,2,0
adopt-me,Golden Egg,golden-egg,2026-09-11,6,0
adopt-me,Golden Hamster,golden-hamster,2026-09-11,1,0
adopt-me,Golden Hummingbird,golden-hummingbird,2026-09-11,2,0
adopt-me,Golden Tortoise Beetle,golden-tortoise-beetle,2026-09-11,1,0
adopt-me,Golden Unicorn,golden-unicorn,2026-09-11,2,0
adopt-me,Googly Eye Glasses,googly-eye-glasses,2026-09-11,1,0
adopt-me,Goose,goose,2026-09-11,7,0
adopt-me,Goth Spike Boots,goth-spike-boots,2026-09-11,3,0
adopt-me,Grave Owl,grave-owl,2026-09-11,1,0
adopt-me,Great Pyrenees,great-pyrenees,2026-09-11,1,0
adopt-me,Green Headscarf,green-headscarf,2026-09-11,1,0
adopt-me,Griffin,griffin,2026-09-11,1,0
adopt-me,Grim Dragon,grim-dragon,2026-09-11,4,0
adopt-me,Grinmoire,grinmoire,2026-09-11,4,0
adopt-me,Growing Flower Hat,growing-flower-hat,2026-09-11,1,0
adopt-me,Guardian Lion,guardian-lion,2026-09-11,2,0
adopt-me,Gumball Caterpillar,gumball-caterpillar,2026-09-11,6,0
adopt-me,Gummy Biplane,gummy-biplane,2026-09-11,1,0
adopt-me,Gummy Guana,gummy-guana,2026-09-11,3,0
adopt-me,Haetae,haetae,2026-09-11,3,0
adopt-me,Half Egg Stroller,half-egg-stroller,2026-09-11,1,0
adopt-me,Halloween 2024 Sticker Pack,halloween-2024-sticker-pack,2026-09-11,1,0
adopt-me,Halloween Black Ponycycle,halloween-black-ponycycle,2026-09-11,2,0
adopt-me,Halloween Orange Pumpkin Balloon,halloween-orange-pumpkin-balloon,2026-09-11,1,0
adopt-me,Halloween White Ghost Dragon,halloween-white-ghost-dragon,2026-09-11,4,0
adopt-me,Halloween White Skeleton Dog,halloween-white-skeleton-dog,2026-09-11,1,0
adopt-me,Halo,halo,2026-09-11,1,0
adopt-me,Hammerhead Shark,hammerhead-shark,2026-09-11,1,0
adopt-me,Hamster,hamster,2026-09-11,2,0
adopt-me,Happy Clam,happy-clam,2026-09-11,2,0
adopt-me,Hare,hare,2026-09-11,1,0
adopt-me,Harp Seal,harp-seal,2026-09-11,4,0
adopt-me,Heart Bow,heart-bow,2026-09-11,1,0
adopt-me,Heart Bucket Hat,heart-bucket-hat,2026-09-11,1,0
adopt-me,Heart Eyebrows,heart-eyebrows,2026-09-11,1,0
adopt-me,Hedgehog,hedgehog,2026-09-11,4,1
adopt-me,Highland Cow,highland-cow,2026-09-11,1,0
adopt-me,Hippogriff,hippogriff,2026-09-11,1,0
adopt-me,Hollywood House,hollywood-house,2026-09-11,1,0
adopt-me,Honey Jar,honey-jar,2026-09-11,1,0
adopt-me,Hopbop,hopbop,2026-09-11,4,0
adopt-me,Hot Doggo,hot-doggo,2026-09-11,3,0
adopt-me,Human Feet Shoes,human-feet-shoes,2026-09-11,1,0
adopt-me,Humbug,humbug,2026-09-11,5,0
adopt-me,Hummingbird,hummingbird,2026-09-11,1,0
adopt-me,Husky,husky,2026-09-11,2,0
adopt-me,Hydra,hydra,2026-09-11,1,0
adopt-me,Hyena,hyena,2026-09-11,1,0
adopt-me,Ice Cape,ice-cape,2026-09-11,3,0
adopt-me,Ice Cream Cone Hat,ice-cream-cone-hat,2026-09-11,3,0
adopt-me,Ice Cream Heels,ice-cream-heels,2026-09-11,4,0
adopt-me,Ice Cream Hermit Crab,ice-cream-hermit-crab,2026-09-11,2,0
adopt-me,Ice Cream Rattle,ice-cream-rattle,2026-09-11,1,0
adopt-me,Ice Cube,ice-cube,2026-09-11,2,0
adopt-me,Ice Halo,ice-halo,2026-09-11,3,0
adopt-me,Ice Monocle,ice-monocle,2026-09-11,2,0
adopt-me,Ice Moth Dragon,ice-moth-dragon,2026-09-11,2,0
adopt-me,Ice Shoes,ice-shoes,2026-09-11,1,0
adopt-me,Icy Porcupine,icy-porcupine,2026-09-11,4,0
adopt-me,Inspector Sherbet Bus,inspector-sherbet-bus,2026-09-11,1,0
adopt-me,Irish Setter,irish-setter,2026-09-11,2,0
adopt-me,Irish Water Spaniel,irish-water-spaniel,2026-09-11,1,0
adopt-me,Japanese Snow Fairy,japanese-snow-fairy,2026-09-11,3,0
adopt-me,Jekyll Hydra,jekyll-hydra,2026-09-11,1,0
adopt-me,Jellyfish,jellyfish,2026-09-11,1,0
adopt-me,Jiggly Jerboa,jiggly-jerboa,2026-09-11,3,0
adopt-me,Jingle Bell Earrings,jingle-bell-earrings,2026-09-11,1,0
adopt-me,Jousting Horse,jousting-horse,2026-09-11,1,0
adopt-me,K9 Handler Cap,k9-handler-cap,2026-09-11,1,0
adopt-me,Kaijunior,kaijunior,2026-09-11,1,0
adopt-me,Kakapo,kakapo,2026-09-11,4,0
adopt-me,Kangaroo,kangaroo,2026-09-11,5,0
adopt-me,Kangaroo Stroller,kangaroo-stroller,2026-09-11,1,0
adopt-me,Kelp Crewmate,kelp-crewmate,2026-09-11,1,0
adopt-me,Kid Goat,kid-goat,2026-09-11,1,0
adopt-me,King Bee,king-bee,2026-09-11,1,0
adopt-me,Kirin,kirin,2026-09-11,1,0
adopt-me,Kitsune,kitsune,2026-09-11,1,0
adopt-me,Kitty Bat,kitty-bat,2026-09-11,6,0
adopt-me,Kiwi,kiwi,2026-09-11,1,0
adopt-me,Kiwi Hat,kiwi-hat,2026-09-11,2,0
adopt-me,Knight Helmet,knight-helmet,2026-09-11,1,0
adopt-me,Koala,koala,2026-09-11,2,0
adopt-me,Kraken Hat,kraken-hat,2026-09-11,1,0
adopt-me,Ladybug,ladybug,2026-09-11,1,0
adopt-me,Lammergeier,lammergeier,2026-09-11,1,0
adopt-me,Large Bow,large-bow,2026-09-11,1,0
adopt-me,Latte Kitsune,latte-kitsune,2026-09-11,4,0
adopt-me,Latte Motorcycle,latte-motorcycle,2026-09-11,1,0
adopt-me,Lead Zeppelin Balloon,lead-zeppelin-balloon,2026-09-11,1,0
adopt-me,Lemonade Stand,lemonade-stand,2026-09-11,1,0
adopt-me,Leopard Cat,leopard-cat,2026-09-11,2,0
adopt-me,Lime Slice Propeller,lime-slice-propeller,2026-09-11,1,0
adopt-me,Lion,lion,2026-09-11,3,0
adopt-me,Lion Cub,lion-cub,2026-09-11,2,0
adopt-me,Lionfish,lionfish,2026-09-11,1,0
adopt-me,Llama,llama,2026-09-11,1,0
adopt-me,Llama Rattle,llama-rattle,2026-09-11,1,0
adopt-me,Love Letter,love-letter,2026-09-11,1,0
adopt-me,Lunar Gold Tiger,lunar-gold-tiger,2026-09-11,2,0
adopt-me,Lunar Moon Bear,lunar-moon-bear,2026-09-11,1,0
adopt-me,Lunar New Year Knot Earrings,lunar-new-year-knot-earrings,2026-09-11,1,0
adopt-me,Lunar Ox,lunar-ox,2026-09-11,2,0
adopt-me,Lunar White Tiger,lunar-white-tiger,2026-09-11,1,0
adopt-me,Lynx,lynx,2026-09-11,1,0
adopt-me,Magic Wand Grappling Hook,magic-wand-grappling-hook,2026-09-11,1,0
adopt-me,Magical Staff,magical-staff,2026-09-11,1,0
adopt-me,Magma Moose,magma-moose,2026-09-11,1,0
adopt-me,Magma Snail,magma-snail,2026-09-11,1,0
adopt-me,Magpie,magpie,2026-09-11,2,0
adopt-me,Mahi Mahi,mahi-mahi,2026-09-11,6,0
adopt-me,Maine Coon,maine-coon,2026-09-11,6,0
adopt-me,Marsh Plush,marsh-plush,2026-09-11,1,0
adopt-me,Mecha R4BBIT,mecha-r4bbit,2026-09-11,1,0
adopt-me,Meerkat,meerkat,2026-09-11,3,0
adopt-me,Merhorse,merhorse,2026-09-11,1,0
adopt-me,Mermicorn,mermicorn,2026-09-11,3,0
adopt-me,Merry Mistletroll,merry-mistletroll,2026-09-11,1,0
adopt-me,Metal Ox,metal-ox,2026-09-11,2,0
adopt-me,Mexican Wolf,mexican-wolf,2026-09-11,4,0
adopt-me,Milk Choccybunny,milk-choccybunny,2026-09-11,3,0
adopt-me,Millionaire Mansion,millionaire-mansion,2026-09-11,1,0
adopt-me,Mini Pig,mini-pig,2026-09-11,3,0
adopt-me,Mochi Meow,mochi-meow,2026-09-11,7,0
adopt-me,Mochi Meow Tumble Animated Sticker,mochi-meow-tumble-animated-sticker,2026-09-11,1,0
adopt-me,Modern Mansion,modern-mansion,2026-09-11,1,0
adopt-me,Mole,mole,2026-09-11,1,0
adopt-me,Monkey,monkey,2026-09-11,4,0
adopt-me,Monkey Fairground Cotton Candy,monkey-fairground-cotton-candy,2026-09-11,1,0
adopt-me,Moon Egg,moon-egg,2026-09-11,1,0
adopt-me,Moonpine,moonpine,2026-09-11,1,0
adopt-me,Moth Hair Clip,moth-hair-clip,2026-09-11,1,0
adopt-me,Motorized Sofa,motorized-sofa-toy,2026-09-11,1,0
adopt-me,Mule,mule,2026-09-11,1,0
adopt-me,Mule Baskets,mule-baskets,2026-09-11,1,0
adopt-me,Munchkin Cat,munchkin-cat,2026-09-11,8,0
adopt-me,Mushroom Friend,mushroom-friend,2026-09-11,3,0
adopt-me,Muskrat,muskrat,2026-09-11,1,0
adopt-me,Mythic Egg,mythic-egg,2026-09-11,1,0
adopt-me,Nap Mask,nap-mask,2026-09-11,1,0
adopt-me,Narwhal,narwhal,2026-09-11,1,0
adopt-me,Nature's Crown,natures-crown,2026-09-11,1,0
adopt-me,Naughty Mistletroll,naughty-mistletroll,2026-09-11,1,0
adopt-me,Nebula Snake,nebula-snake,2026-09-11,1,0
adopt-me,Nessie,nessie,2026-09-11,1,0
adopt-me,Nurse Shark,nurse-shark,2026-09-11,4,0
adopt-me,Oakee,oakee,2026-09-11,3,0
adopt-me,Oakee Knight,oakee-knight,2026-09-11,7,0
adopt-me,Ocelot,ocelot,2026-09-11,2,0
adopt-me,Octopus,octopus,2026-09-11,2,0
adopt-me,Old King Coal,old-king-coal-pet,2026-09-11,1,0
adopt-me,Oni Samurai Hat,oni-samurai-hat,2026-09-11,1,0
adopt-me,Onza,onza,2026-09-11,5,0
adopt-me,Orange Neon Snowboard,orange-neon-snowboard,2026-09-11,1,0
adopt-me,Orbital Roller Skates,orbital-roller-skates,2026-09-11,1,0
adopt-me,Orca,orca,2026-09-11,2,1
adopt-me,Orchid Butterfly,orchid-butterfly,2026-09-11,1,0
adopt-me,Ornate Horned Frog,ornate-horned-frog,2026-09-11,1,0
adopt-me,Owl,owl,2026-09-11,15,1
adopt-me,Pancake Stack,pancake-stack,2026-09-11,1,0
adopt-me,Panda,panda,2026-09-11,2,0
adopt-me,Pangolin,pangolin,2026-09-11,2,0
adopt-me,Parakeet,parakeet,2026-09-11,1,0
adopt-me,Parrot,parrot,2026-09-11,4,0
adopt-me,Patchy Bear,patchy-bear,2026-09-11,1,0
adopt-me,Peach Owl,peach-owl,2026-09-11,1,0
adopt-me,Peachick,peachick,2026-09-11,1,0
adopt-me,Peacock,peacock,2026-09-11,2,0
adopt-me,Peahen,peahen,2026-09-11,2,0
adopt-me,Peppermint Penguin,peppermint-penguin,2026-09-11,3,0
adopt-me,Persian Cat,persian-cat,2026-09-11,1,0
adopt-me,Pet Egg,pet-egg,2026-09-11,7,0
adopt-me,Pet Handler Pro Certificate,pet-handler-pro-certificate,2026-09-11,5,0
adopt-me,Phantom Dragon,phantom-dragon,2026-09-11,2,1
adopt-me,Phoenix,phoenix,2026-09-11,3,0
adopt-me,Pig,pig,2026-09-11,6,0
adopt-me,Pilot Gull,pilot-gull,2026-09-11,8,0
adopt-me,Pine Marten,pine-marten,2026-09-11,1,0
adopt-me,Pineapple Owl,pineapple-owl,2026-09-11,1,0
adopt-me,Pink Boots,pink-boots,2026-09-11,1,0
adopt-me,Pink Butterfly Wings,pink-butterfly-wings,2026-09-11,2,0
adopt-me,Pink Cat Ear Headphones,pink-cat-ear-headphones,2026-09-11,1,0
adopt-me,Pink Cowboy Hat,pink-cowboy-hat,2026-09-11,1,0
adopt-me,Pink Heart Glasses,pink-heart-glasses,2026-09-11,1,0
adopt-me,Pink Hightops,pink-hightops,2026-09-11,1,0
adopt-me,Pizza Place,pizza-place,2026-09-11,1,0
adopt-me,Polar Bear,polar-bear,2026-09-11,1,0
adopt-me,Pomeranian,pomeranian,2026-09-11,2,0
adopt-me,Poodle,poodle,2026-09-11,4,0
adopt-me,Postie Van,postie-van,2026-09-11,2,0
adopt-me,Pretty Please Snowball Sticker,pretty-please-snowball-sticker,2026-09-11,1,0
adopt-me,Prism Snake,prism-snake,2026-09-11,2,0
adopt-me,Propeller Hat,propeller-hat,2026-09-11,1,0
adopt-me,Pudding Cat,pudding-cat,2026-09-11,1,0
adopt-me,Puddleducks Hood,puddleducks-hood,2026-09-11,1,0
adopt-me,Puma,puma,2026-09-11,1,0
adopt-me,Pumpkin Friend,pumpkin-friend,2026-09-11,1,0
adopt-me,Punk Pony,punk-pony,2026-09-11,2,0
adopt-me,Pupcake,pupcake,2026-09-11,7,0
adopt-me,Puppeteer Hand,puppeteer-hand,2026-09-11,1,0
adopt-me,Puptune,puptune,2026-09-11,3,0
adopt-me,Purple Heart Glasses,purple-heart-glasses,2026-09-11,1,0
adopt-me,Purple Mushrooms,purple-mushrooms,2026-09-11,1,0
adopt-me,Purrowl,purrowl,2026-09-11,13,0
adopt-me,Queen Bee,queen-bee,2026-09-11,2,0
adopt-me,Queenslander House,queenslander-house,2026-09-11,7,1
adopt-me,Quetzalcoatl,quetzalcoatl,2026-09-11,1,0
adopt-me,Quokka,quokka,2026-09-11,1,0
adopt-me,Radish Friend,radish-friend,2026-09-11,1,0
adopt-me,Rain Boots,rain-boots,2026-09-11,1,0
adopt-me,Rain Cloud Hat,rain-cloud-hat,2026-09-11,1,0
adopt-me,Rainbow Maker,rainbow-maker,2026-09-11,2,0
adopt-me,Rainbow Trout,rainbow-trout,2026-09-11,9,0
adopt-me,Ranger Beaver,ranger-beaver,2026-09-11,1,0
adopt-me,Ratatoskr,ratatoskr,2026-09-11,2,0
adopt-me,Red Crowned Crane,red-crowned-crane,2026-09-11,1,0
adopt-me,Red Dutch Guinea Pig,red-dutch-guinea-pig,2026-09-11,1,0
adopt-me,Red Fox,red-fox,2026-09-11,1,0
adopt-me,Red Panda,red-panda,2026-09-11,2,0
adopt-me,Red Panda Bag,red-panda-bag,2026-09-11,1,0
adopt-me,Red Panda Ducky,red-panda-ducky,2026-09-11,9,0
adopt-me,Red Ribbon,red-ribbon,2026-09-11,1,0
adopt-me,Red Squirrel,red-squirrel,2026-09-11,3,0
adopt-me,Regal Chest,regal-chest,2026-09-11,1,0
adopt-me,Reindeer,reindeer,2026-09-11,1,0
adopt-me,Retired Egg,retired-egg,2026-09-11,8,0
adopt-me,RGB Headset,rgb-headset,2026-09-11,1,0
adopt-me,RGB Reward Box,rgb-reward-box,2026-09-11,1,0
adopt-me,Rhino,rhino,2026-09-11,1,0
adopt-me,Ribbon Seal,ribbon-seal,2026-09-11,3,0
adopt-me,Rice Cake Hat,rice-cake-hat,2026-09-11,1,0
adopt-me,Ride-A-Pet Potion (Forever),ride-a-pet-potion-forever,2026-09-11,18,27
adopt-me,River Otter,river-otter,2026-09-11,5,0
adopt-me,Robot,robot,2026-09-11,5,0
adopt-me,Rock Pigeon,rock-pigeon,2026-09-11,1,0
adopt-me,Rocket Ship Hat,rocket-ship-hat,2026-09-11,2,0
adopt-me,Ronin Hat,ronin-hat,2026-09-11,2,0
adopt-me,Rose Pogo,rose-pogo,2026-09-11,1,0
adopt-me,Round Fallow Deer Sticker,round-fallow-deer-sticker,2026-09-11,1,0
adopt-me,Royal Egg,royal-egg,2026-09-11,1,0
adopt-me,Royal Palace Spaniel,royal-palace-spaniel,2026-09-11,1,0
adopt-me,Rubber Ducky,rubber-ducky,2026-09-11,7,0
adopt-me,Ruddy Duck,ruddy-duck,2026-09-11,4,0
adopt-me,Sado Mole,sado-mole,2026-09-11,1,0
adopt-me,Salamander,salamander,2026-09-11,1,0
adopt-me,Samoyed,samoyed,2026-09-11,2,0
adopt-me,Sandbox Island,sandbox-island,2026-09-11,1,0
adopt-me,Santa's Bow,santas-bow,2026-09-11,1,0
adopt-me,Scarebear,scarebear,2026-09-11,2,0
adopt-me,Scarecrow Cat,scarecrow-cat,2026-09-11,1,0
adopt-me,Science Hat,science-hat,2026-09-11,2,0
adopt-me,Scorching Kaijunior,scorching-kaijunior,2026-09-11,1,0
adopt-me,Sea Turtle,sea-turtle,2026-09-11,4,0
adopt-me,Septum Ring,septum-ring,2026-09-11,1,0
adopt-me,Shadow Aura,shadow-aura,2026-09-11,3,0
adopt-me,Shadow Dragon,shadow-dragon,2026-09-11,2,1
adopt-me,Shadow Dragon Ducky,shadow-dragon-ducky,2026-09-11,5,0
adopt-me,Shark Puppy,shark-puppy,2026-09-11,3,0
adopt-me,Sheeeeep,sheeeeep,2026-09-11,2,0
adopt-me,Sheepdog Ducky,sheepdog-ducky,2026-09-11,6,0
adopt-me,Shetland Pony Dark Brown,shetland-pony-dark-brown,2026-09-11,0,1
adopt-me,Shetland Pony White,shetland-pony-white,2026-09-11,1,0
adopt-me,Shiba Inu,shiba-inu,2026-09-11,2,0
adopt-me,Shih Tzu,shih-tzu,2026-09-11,2,0
adopt-me,Shiver Wolf,shiver-wolf,2026-09-11,1,0
adopt-me,Shooting Star Glasses,shooting-star-glasses,2026-09-11,1,0
adopt-me,Siamese Cat,siamese-cat,2026-09-11,7,1
adopt-me,Silly Duck,silly-duck,2026-09-11,1,0
adopt-me,Silverback Gorilla,silverback-gorilla,2026-09-11,2,0
adopt-me,Sky Wings,sky-wings,2026-09-11,2,0
adopt-me,Sloth,sloth,2026-09-11,5,0
adopt-me,Small Gift,small-gift,2026-09-11,1,0
adopt-me,S'mores Raccoon,smores-raccoon,2026-09-11,4,0
adopt-me,Sneak Weasel,sneak-weasel,2026-09-11,4,0
adopt-me,Snow Leopard,snow-leopard,2026-09-11,1,0
adopt-me,Snow Owl,snow-owl,2026-09-11,1,0
adopt-me,Snow Puma,snow-puma,2026-09-11,3,0
adopt-me,Snowball Pet,snowball-pet,2026-09-11,1,0
adopt-me,Snowball Pug,snowball-pug,2026-09-11,3,0
adopt-me,Snowy Mammoth,snowy-mammoth,2026-09-11,3,0
adopt-me,Solar Winged Halo,solar-winged-halo,2026-09-11,2,0
adopt-me,Solaris,solaris,2026-09-11,1,0
adopt-me,Sour Glider,sour-glider,2026-09-11,1,0
adopt-me,Spider Crab,spider-crab,2026-09-11,1,0
adopt-me,Spring Bunny Feet,spring-bunny-feet,2026-09-11,5,0
adopt-me,Spring Bunny Hood,spring-bunny-hood,2026-09-11,2,0
adopt-me,Spring Bunny Nose,spring-bunny-nose,2026-09-11,1,0
adopt-me,Squid,squid,2026-09-11,4,0
adopt-me,Squished Red Pandorama Sticker,squished-red-pandorama-sticker,2026-09-11,1,0
adopt-me,Standard Wing Chest,standard-wing-chest,2026-09-11,2,0
adopt-me,Star Hoodie,star-hoodie,2026-09-11,1,0
adopt-me,Starfish,starfish,2026-09-11,3,0
adopt-me,Starmite,starmite,2026-09-11,2,0
adopt-me,Stingray,stingray,2026-09-11,0,1
adopt-me,Storm Condor,storm-condor,2026-09-11,6,0
adopt-me,Strawberry Penguin,strawberry-penguin,2026-09-11,1,0
adopt-me,Strawberry Shortcake Bat Dragon,strawberry-shortcake-bat-dragon,2026-09-11,5,0
adopt-me,Strawberry Shortcake Bat Dragon Backpack,strawberry-shortcake-bat-dragon-backpack,2026-09-11,1,0
adopt-me,Strawberry Shortcake Bow,strawberry-shortcake-bow,2026-09-11,2,0
adopt-me,Strawberry Shortcake Ducky,strawberry-shortcake-ducky,2026-09-11,6,0
adopt-me,Stygian Owl,stygian-owl,2026-09-11,7,0
adopt-me,Sugar Glider,sugar-glider,2026-09-11,2,0
adopt-me,Sunflower Friend,sunflower-friend,2026-09-11,5,0
adopt-me,Sunglider,sunglider,2026-09-11,3,0
adopt-me,Sunrise Duckling,sunrise-duckling,2026-09-11,2,0
adopt-me,Sushi Penguin,sushi-penguin,2026-09-11,9,0
adopt-me,Sushi Roll Friend,sushi-roll-friend,2026-09-11,1,0
adopt-me,Swan,swan,2026-09-11,1,0
adopt-me,Swordfish,swordfish,2026-09-11,4,0
adopt-me,T-Rex,t-rex,2026-09-11,4,0
adopt-me,T-Rex Throw Toy,t-rex-throw-toy,2026-09-11,1,0
adopt-me,Tealwood Monster,tealwood-monster,2026-09-11,1,0
adopt-me,Tegu,tegu,2026-09-11,2,0
adopt-me,Telescope Pogo,telescope-pogo,2026-09-11,1,0
adopt-me,Temple Friend,temple-friend,2026-09-11,1,0
adopt-me,Ten Gallon Hat,ten-gallon-hat,2026-09-11,2,0
adopt-me,The Black Dog,the-black-dog,2026-09-11,1,0
adopt-me,Thinking Hat,thinking-hat,2026-09-11,1,0
adopt-me,Tiny Home,tiny-home,2026-09-11,11,0
adopt-me,Tiny Wings,tiny-wings,2026-09-11,2,0
adopt-me,Toasty Red Panda,toasty-red-panda,2026-09-11,2,0
adopt-me,Tool Box,tool-box,2026-09-11,1,0
adopt-me,Top Hat Flying Disc,top-hat-flying-disc,2026-09-11,1,0
adopt-me,Toucan,toucan,2026-09-11,1,0
adopt-me,Toxic Kaijunior,toxic-kaijunior,2026-09-11,1,0
adopt-me,Toy Monkey,toy-monkey,2026-09-11,2,0
adopt-me,Traffic Cone,traffic-cone,2026-09-11,1,0
adopt-me,Trapdoor Snail,trapdoor-snail,2026-09-11,1,0
adopt-me,Tree Frog,tree-frog,2026-09-11,1,0
adopt-me,Tree Kangaroo,tree-kangaroo,2026-09-11,1,0
adopt-me,Tree Sasquatch,tree-sasquatch,2026-09-11,1,0
adopt-me,Tree Skirt,tree-skirt,2026-09-11,1,0
adopt-me,Triple Stroller,triple-stroller,2026-09-11,1,0
adopt-me,Turkey,turkey,2026-09-11,2,0
adopt-me,Turtle,turtle,2026-09-11,9,0
adopt-me,Turtle Doves,turtle-doves,2026-09-11,5,0
adopt-me,Tutu,tutu,2026-09-11,1,0
adopt-me,Tuxedo Cat,tuxedo-cat,2026-09-11,1,0
adopt-me,Undead Jousting Horse,undead-jousting-horse,2026-09-11,4,0
adopt-me,Unicorn,unicorn,2026-09-11,3,1
adopt-me,Unicorn Backpack,unicorn-backpack,2026-09-11,1,0
adopt-me,Unicorn Ducky,unicorn-ducky,2026-09-11,8,0
adopt-me,Unicorn Horn,unicorn-horn,2026-09-11,1,0
adopt-me,Unicorn Rattle,unicorn-rattle,2026-09-11,1,0
adopt-me,Urban Egg,urban-egg,2026-09-11,1,0
adopt-me,Velociraptor,velociraptor,2026-09-11,1,0
adopt-me,Velocirooster,velocirooster,2026-09-11,1,0
adopt-me,Villain Gibbon,villain-gibbon,2026-09-11,2,0
adopt-me,Violet Friend,violet-friend,2026-09-11,4,0
adopt-me,Waffle Wyrm,waffle-wyrm,2026-09-11,5,0
adopt-me,Water Moon Bear,water-moon-bear,2026-09-11,1,0
adopt-me,Water Opossum,water-opossum,2026-09-11,2,0
adopt-me,Werewolf,werewolf,2026-09-11,1,2
adopt-me,Wet Owl Sticker,wet-owl-sticker,2026-09-11,1,0
adopt-me,White Choccybunny,white-choccybunny,2026-09-11,5,0
adopt-me,Wildfire Hawk,wildfire-hawk,2026-09-11,1,0
adopt-me,Winged Heels,winged-heels,2026-09-11,1,0
adopt-me,Winged Horse,winged-horse,2026-09-11,1,0
adopt-me,Winged Tiger,winged-tiger,2026-09-11,1,0
adopt-me,Winter Buck,winter-buck,2026-09-11,2,0
adopt-me,Winter Deer Bait,winter-deer-bait,2026-09-11,1,0
adopt-me,Winter Doe,winter-doe,2026-09-11,1,0
adopt-me,Winter Fawn,winter-fawn,2026-09-11,1,0
adopt-me,Witch Boots,witch-boots,2026-09-11,1,0
adopt-me,Wolf,wolf,2026-09-11,3,0
adopt-me,Wolpertinger,wolpertinger,2026-09-11,1,0
adopt-me,Wood Pigeon,wood-pigeon,2026-09-11,1,0
adopt-me,Wren,wren,2026-09-11,3,0
adopt-me,Y2K Shades,y2k-shades,2026-09-11,1,0
adopt-me,Yarn Beanie,yarn-beanie,2026-09-11,1,0
adopt-me,Yellow Designer Backpack,yellow-designer-backpack,2026-09-11,1,0
adopt-me,Zebra,zebra,2026-09-11,3,0
adopt-me,Zebra Backpack,zebra-backpack,2026-09-11,1,0
adopt-me,Zodiac Minion Chick,zodiac-minion-chick,2026-09-11,1,0
adopt-me,Zombie Buffalo,zombie-buffalo,2026-09-11,3,0
adopt-me,Zombie Wolf,zombie-wolf,2026-09-11,3,0
adopt-me,Budgie Witch,,2026-09-11,1,
adopt-me,2D Crown,,2026-09-11,1,
adopt-me,Pride Sticker Pack ,,2026-09-11,1,
adopt-me,Clumpty,,2026-09-11,4,
adopt-me,Ms. Muffet,,2026-09-11,4,
adopt-me,Fairytale Egg,,2026-09-11,1,
adopt-me,Pistachio,,2026-09-11,1,
adopt-me,Mrs. Whiskerpips,,2026-09-11,4,
adopt-me,Aestus Mane,,2026-09-11,1,
adopt-me,Mr. Whiskerpips,,2026-09-11,4,
adopt-me,Pinkypillar,,2026-09-11,3,
adopt-me,Granny Wolf,,2026-09-11,1,
adopt-me,Little Lamb,,2026-09-11,5,
adopt-me,Pet/Baby Sitting,,2026-09-11,5,
adopt-me,Crimson Cape,,2026-09-11,3,
ftf,2019,2019,2026-08-28,1,
ftf,2023,2023,2026-08-28,1,
ftf,7th Anniversary,7th-anniversary,2026-08-28,1,
ftf,Ancestral Trident,ancestral-trident,2026-08-28,1,
ftf,Antique Piano,antique-piano,2026-08-28,0,
ftf,Arts and Crafts,arts-and-crafts,2026-08-28,1,
ftf,Aurora,aurora,2026-08-28,1,
ftf,Autumn Crops,autumn-crops,2026-08-28,2,
ftf,Autumn Foliage,autumn-foliage,2026-08-28,0,
ftf,Bewitched,bewitched,2026-08-28,0,
ftf,Bio Core,bio-core,2026-08-28,1,
ftf,Blue Flax,blue-flax,2026-08-28,2,
ftf,Blue Nutcracker,blue-nutcracker,2026-08-28,2,
ftf,Blue Star Wrap,blue-star-wrap,2026-08-28,1,
ftf,Blueberry Jam Basket,blueberry-jam-basket,2026-08-28,1,
ftf,Bones,bones,2026-08-28,1,
ftf,Book of Fortunes,book-of-fortunes,2026-08-28,4,
ftf,Bottled Mariner,bottled-mariner,2026-08-28,1,
ftf,Bubble Tea,bubble-tea,2026-08-28,1,
ftf,Bubble Wand,bubble-wand,2026-08-28,2,
ftf,Bubbly Gun,bubbly-gun,2026-08-28,1,
ftf,Camera,camera,2026-08-28,1,
ftf,Candy Cane Jar,candy-cane-jar,2026-08-28,1,
ftf,Candy Corn,candy-corn,2026-08-28,2,
ftf,Cash,cash,2026-08-28,1,
ftf,Cherry Blossom Tree,cherry-blossom-tree,2026-08-28,2,
ftf,Chimney,chimney,2026-08-28,2,
ftf,Chocolate Mint,chocolate-mint,2026-08-28,1,
ftf,Christmas Cracker,christmas-cracker,2026-08-28,2,
ftf,Chromatic Phoenix,chromatic-phoenix,2026-08-28,1,
ftf,Circus Cage,circus-cage,2026-08-28,1,
ftf,Classic,classic,2026-08-28,1,
ftf,Clown,clown,2026-08-28,2,
ftf,Coconut,coconut,2026-08-28,2,
ftf,Coffin,coffin,2026-08-28,3,
ftf,Cold Star,cold-star,2026-08-28,2,
ftf,Corruption,corruption,2026-08-28,2,
ftf,Cursed Circus Tent,cursed-circus-tent,2026-08-28,1,
ftf,Cursed Painting,cursed-painting,2026-08-28,1,
ftf,Cursed Voodoo,cursed-voodoo,2026-08-28,1,
ftf,Dark Star,dark-star,2026-08-28,1,
ftf,Dave Pumpkins,dave-pumpkins,2026-08-28,1,
ftf,Dayflower,dayflower,2026-08-28,1,
ftf,Deathberry Pie,deathberry-pie,2026-08-28,1,
ftf,Demon Blood,demon-blood,2026-08-28,1,
ftf,Devilborn,devilborn,2026-08-28,1,
ftf,Duck Bike,duck-bike,2026-08-28,1,
ftf,Ectoplasm,ectoplasm,2026-08-28,1,
ftf,Enchanted Circus Tent,enchanted-circus-tent,2026-08-28,1,
ftf,Evergreen Mailbox,evergreen-mailbox,2026-08-28,1,
ftf,Fairy Tale Book,fairy-tale-book,2026-08-28,6,
ftf,Festive Fruitcake,festive-fruitcake,2026-08-28,1,
ftf,Festive Pinecone,festive-pinecone,2026-08-28,1,
ftf,Fish Tank,fish-tank,2026-08-28,2,
ftf,Flamingo Lake,flamingo-lake,2026-08-28,4,
ftf,Flourished Fountain,flourished-fountain,2026-08-28,1,
ftf,Frankenstein's Brain Jar,frankensteins-brain-jar,2026-08-28,2,
ftf,Frost Engine,frost-engine,2026-08-28,1,
ftf,Frosted Frequency,frosted-frequency,2026-08-28,1,
ftf,Frosty's Mallet,frostys-mallet,2026-08-28,2,
ftf,Fruit Punch,fruit-punch,2026-08-28,1,
ftf,Fruitcake,fruitcake,2026-08-28,1,
ftf,Fudge Bunny,fudge-bunny,2026-08-28,3,
ftf,Galaxy Clouds,galaxy-clouds,2026-08-28,2,
ftf,Ghost,ghost,2026-08-28,5,
ftf,Ghostly Night,ghostly-night,2026-08-28,1,
ftf,Graffiti,graffiti,2026-08-28,1,
ftf,Green Knitted,green-knitted,2026-08-28,1,
ftf,Halloween Stars,halloween-stars,2026-08-28,1,
ftf,Haunted Circus Tent,haunted-circus-tent,2026-08-28,1,
ftf,Heat Core,heat-core,2026-08-28,2,
ftf,Honey Cheesecake,honey-cheesecake,2026-08-28,0,
ftf,Hot Cocoa,hot-cocoa,2026-08-28,1,
ftf,Iceberg,iceberg,2026-08-28,1,
ftf,Irish Harp,irish-harp,2026-08-28,1,
ftf,Jade Statue,jade-statue,2026-08-28,2,
ftf,Jingle Bells,jingle-bells,2026-08-28,4,
ftf,Jolly Crimson,jolly-crimson,2026-08-28,1,
ftf,Lil' Tree,lil-tree,2026-08-28,1,
ftf,Lilium Bush,lilium-bush,2026-08-28,2,
ftf,Lily of The Valley,lily-of-the-valley,2026-08-28,2,
ftf,Lonely Heart,lonely-heart,2026-08-28,1,
ftf,Lovely Heart,lovely-heart,2026-08-28,1,
ftf,Lovesick Bow,lovesick-bow,2026-08-28,0,
ftf,Midnight Sea,midnight-sea,2026-08-28,1,
ftf,Midnight Sky,midnight-sky,2026-08-28,0,
ftf,Moon Staff,moon-staff,2026-08-28,3,
ftf,Mothership,mothership,2026-08-28,1,
ftf,Movie Reel,movie-reel,2026-08-28,1,
ftf,Mystical Trident,mystical-trident,2026-08-28,1,
ftf,Neon Pink,neon-pink,2026-08-28,1,
ftf,Nightbloom,nightbloom,2026-08-28,1,
ftf,Nightmare Shadow,nightmare-shadow,2026-08-28,1,
ftf,Ocean Water,ocean-water,2026-08-28,1,
ftf,Owl Tree,owl-tree,2026-08-28,2,
ftf,Packed Snow,packed-snow,2026-08-28,1,
ftf,Party Balloons,party-balloons,2026-08-28,1,
ftf,Pegasus Blade,pegasus-blade,2026-08-28,4,
ftf,Peppermint,peppermint,2026-08-28,3,
ftf,Phosphor Jellyfish,phosphor-jellyfish,2026-08-28,1,
ftf,Pink Star Wrap,pink-star-wrap,2026-08-28,1,
ftf,Pirate,pirate,2026-08-28,1,
ftf,Plasma Core,plasma-core,2026-08-28,2,
ftf,Portrait Wall,portrait-wall,2026-08-28,1,
ftf,Princess Palace,princess-palace,2026-08-28,3,
ftf,Pumpkin Star,pumpkin-star,2026-08-28,1,
ftf,Red Knitted,red-knitted,2026-08-28,1,
ftf,Red Sweater,red-sweater,2026-08-28,2,
ftf,Rudolph's Nose,rudolphs-nose,2026-08-28,1,
ftf,Sakura,sakura,2026-08-28,1,
ftf,Scarlet Firework,scarlet-firework,2026-08-28,1,
ftf,Snow Globe,snow-globe,2026-08-28,0,
ftf,Snowboarder Penguin,snowboarder-penguin,2026-08-28,1,
ftf,Snowman,snowman,2026-08-28,1,
ftf,Snowy Night Wrap,snowy-night-wrap,2026-08-28,1,
ftf,Soulless Theater,soulless-theater,2026-08-28,1,
ftf,Sour Snowcone,sour-snowcone,2026-08-28,2,
ftf,Spraying Can,spraying-can,2026-08-28,1,
ftf,Spring World,spring-world,2026-08-28,2,
ftf,Stage Fright,stage-fright,2026-08-28,1,
ftf,Starry Sky,starry-sky,2026-08-28,0,
ftf,Stratis,stratis,2026-08-28,2,
ftf,Summer Pattern,summer-pattern,2026-08-28,3,
ftf,Sunlit Butterflies,sunlit-butterflies,2026-08-28,1,
ftf,Sweet Snowcone,sweet-snowcone,2026-08-28,1,
ftf,Sweet Train,sweet-train,2026-08-28,1,
ftf,Sweet Treats,sweet-treats,2026-08-28,1,
ftf,Sweethearts Store,sweethearts-store,2026-08-28,1,
ftf,Teddy Bear Present,teddy-bear-present,2026-08-28,1,
ftf,Theatrical Spotlight,theatrical-spotlight,2026-08-28,1,
ftf,Toxic,toxic,2026-08-28,2,
ftf,Toy Santa,toy-santa,2026-08-28,1,
ftf,Tropical Drink,tropical-drink,2026-08-28,1,
ftf,Twisted Passion,twisted-passion,2026-08-28,1,
ftf,Velvet Webs,velvet-webs,2026-08-28,1,
ftf,Vintage TV,vintage-tv,2026-08-28,1,
ftf,VIP Ban Hammer,vip-ban-hammer,2026-08-28,1,
ftf,Warlock Hunter,warlock-hunter,2026-08-28,1,
ftf,Watering Can,watering-can,2026-08-28,4,
ftf,White Knitted,white-knitted,2026-08-28,1,
ftf,Winter Dusk,winter-dusk,2026-08-28,0,
ftf,Winter Swirl,winter-swirl,2026-08-28,1,
ftf,Wreath,wreath,2026-08-28,1,
ftf,Yeti,yeti,2026-08-28,2,
ftf,Yin & Yang,yin-yang,2026-08-28,1,
ftf,Bamboo Set,,2026-08-28,4,
ftf,Spooky Brew Set,,2026-08-28,16,
ftf,Sweet Train Set,,2026-08-28,1,
ftf,Ice Sleigh Set,,2026-08-28,1,
ftf,Autumn Tent Set,,2026-08-28,2,
ftf,Starborne Reverie Set,,2026-08-28,4,
ftf,Jade Statue Set,,2026-08-28,10,
ftf,2021 Set,,2026-08-28,1,
ftf,Year of the Horse Set,,2026-08-28,5,
ftf,Sweethearts Store Set,,2026-08-28,6,
ftf,Ghost Set,,2026-08-28,1,
ftf,Woodland Staff Set,,2026-08-28,15,
ftf,Spring World Set,,2026-08-28,3,
ftf,VIP Ban Hammer Set,,2026-08-28,4,
ftf,Gothic Bouquet Set,,2026-08-28,19,
ftf,Cuddly Bunny Set,,2026-08-28,3,
ftf,Polar Bear Present Set,,2026-08-28,1,
ftf,Teddy Bear Present Set,,2026-08-28,1,
ftf,Scareapple Pie Set,,2026-08-28,2,
ftf,Sakura Set,,2026-08-28,15,
ftf,Solar Witch Broom Set,,2026-08-28,6,
ftf,Tropical Drink Set,,2026-08-28,2,
ftf,Theatrical Spotlight Set,,2026-08-28,4,
ftf,Sunlit Butterflies Set,,2026-08-28,4,
ftf,Xeno Set,,2026-08-28,0,
ftf,Batwing Basher Set,,2026-08-28,13,
ftf,Midnight Wisp,,2026-08-28,0,
ftf,Easter Chick Set,,2026-08-28,1,
ftf,Gingerbread,,2026-08-28,1,
ftf,Coastal Lighthouse Set,,2026-08-28,3,
ftf,Fiery Phoenix Set,,2026-08-28,5,
ftf,Devilborn Set,,2026-08-28,10,
ftf,2020 Set,,2026-08-28,1,
ftf,Spiteful Treat Set,,2026-08-28,1,
ftf,Grandfather Clock Set,,2026-08-28,1,
ftf,Bloodthirst Axe Set,,2026-08-28,3,
ftf,Beach Boat Set,,2026-08-28,3,
ftf,Confetti Set,,2026-08-28,1,
ftf,Mothership Set,,2026-08-28,2,
ftf,Dark Mansion Set,,2026-08-28,2,
ftf,Strawberry Jelly Basket Set,,2026-08-28,4,
ftf,Alchemist Hunter Set,,2026-08-28,4,
ftf,Vanilla Brownie Set,,2026-08-28,2,
ftf,Blue Star Wrap Set,,2026-08-28,1,
ftf,Bloodline Bat Set,,2026-08-28,2,
ftf,Flesh Set,,2026-08-28,1,
ftf,Cookies N’ Milk Set,,2026-08-28,1,
ftf,Jollyday Batter Set,,2026-08-28,1,
ftf,Gingerbread House Set,,2026-08-28,3,
ftf,Winter Breeze Set,,2026-08-28,3,
ftf,Autumn Scarecrow Set,,2026-08-28,1,
ftf,Cozy Cookie,,2026-08-28,1,
ftf,Veridian Cactus Set,,2026-08-28,15,
ftf,Marine Anchor Set,,2026-08-28,3,
ftf,2025 Set,,2026-08-28,1,
ftf,Flamingo Lake Set,,2026-08-28,12,
ftf,Shroomy Smasher Set,,2026-08-28,2,
ftf,Pencil Doodles,,2026-08-28,1,
ftf,Desert Camo,,2026-08-28,1,
ftf,Blue n Orange,,2026-08-28,1,
ftf,Sky Pixel,,2026-08-28,1,
ftf,Strawberry Moo,,2026-08-28,1,
ftf,Chocolate Milk,,2026-08-28,1,
ftf,Stone,,2026-08-28,1,
ftf,Bubbles,,2026-08-28,1,
ftf,Pink Star Wrap Set,,2026-08-28,2,
ftf,Festive Train Set,,2026-08-28,1,
ftf,Winter Train Set,,2026-08-28,1,
ftf,Lilium Bush Set,,2026-08-28,6,
ftf,Lovesick Bow Set,,2026-08-28,13,
ftf,Book of Fortunes Set,,2026-08-28,4,
ftf,Fall Harvester Set,,2026-08-28,2,
ftf,Sand Castle Set,,2026-08-28,1,
ftf,Haybale Set,,2026-08-28,2,
ftf,Cursed Voodoo Set,,2026-08-28,2,
ftf,Sour Treats Set,,2026-08-28,1,
ftf,Orange Mocktail Set,,2026-08-28,1,
ftf,Sprinkles Set,,2026-08-28,1,
ftf,Unicorn Starlight Set,,2026-08-28,1,
ftf,Dark Ghost,,2026-08-28,2,
ftf,Magic Mushroom Set,,2026-08-28,2,
ftf,Starry Sky Set,,2026-08-28,1,
ftf,Red Velvet Set,,2026-08-28,1,
ftf,Strawberries Set,,2026-08-28,1,
ftf,Tulips Set,,2026-08-28,1,
ftf,Hollow Scythe Set,,2026-08-28,5,
ftf,Chilly Sweet's Vend Set,,2026-08-28,12,
ftf,Vintage TV Set,,2026-08-28,2,
ftf,Frankenstein's Brain Jar Set,,2026-08-28,2,
ftf,Ancient Key,,2026-08-28,1,
ftf,Ancient Portal Set,,2026-08-28,3,
ftf,Gamelan Panggul Set,,2026-08-28,1,
ftf,4th Anniversary Set,,2026-08-28,1,
ftf,Lunar Witch Broom Set,,2026-08-28,3,
ftf,Jingle Bells Set,,2026-08-28,4,
ftf,Witch Hunter Set,,2026-08-28,4,
ftf,Honey Hive Tree Set,,2026-08-28,4,
ftf,Coffin Set,,2026-08-28,4,
ftf,Elf Box Set,,2026-08-28,2,
ftf,Antique Piano Set,,2026-08-28,10,
ftf,Frosted Frequency Set,,2026-08-28,5,
ftf,Cotton Candy Set,,2026-08-28,0,
ftf,Reptile Skin Set,,2026-08-28,0,
ftf,Luxury Projector Set,,2026-08-28,2,
ftf,Neapolitan Set,,2026-08-28,1,
ftf,Lunar Scepter Set,,2026-08-28,5,
ftf,S'mores,,2026-08-28,1,
ftf,Cursed Circus Tent Set,,2026-08-28,8,
ftf,Pumpkin Slice Set,,2026-08-28,18,
ftf,Blood Moon Set,,2026-08-28,1,
ftf,Fungal Thumper Set,,2026-08-28,2,
ftf,Blue Nutcracker Set,,2026-08-28,1,
ftf,Winter Swirl Set,,2026-08-28,1,
ftf,Moonstone,,2026-08-28,1,
ftf,Chromatic Spark,,2026-08-28,1,
ftf,Fall Foliage Set,,2026-08-28,1,
ftf,Sweet Snowcone Set,,2026-08-28,2,
ftf,Mystical Trident Set,,2026-08-28,7,
ftf,Dragon Puppet Set,,2026-08-28,8,
ftf,Piñata Set,,2026-08-28,1,
ftf,Light Shadows,,2026-08-28,1,
ftf,Stars & Stripes,,2026-08-28,1,
ftf,Cozy Cocoa Set,,2026-08-28,1,
ftf,Soundwaves,,2026-08-28,1,
ftf,Love Shot Set,,2026-08-28,2,
ftf,Enchanted Circus Tent Set,,2026-08-28,3,
ftf,Spooky Candy,,2026-08-28,1,
ftf,Peppermint Set,,2026-08-28,1,
ftf,Soulless Theater Set,,2026-08-28,7,
ftf,Malicious Treat Set,,2026-08-28,3,
ftf,Snowman Box Set,,2026-08-28,1,
ftf,Silver Holly,,2026-08-28,1,
ftf,Candy Cane Jar Set,,2026-08-28,3,
ftf,Glowy Bush Set,,2026-08-28,0,
ftf,Festive Fruitcake Set,,2026-08-28,4,
ftf,Dark Bone Crusher Set,,2026-08-28,4,
ftf,Psycho’s Axe Set,,2026-08-28,2,
ftf,VIP,,2026-08-28,1,
ftf,Psycho’s Mask,,2026-08-28,1,
ftf,Fairy Tale Book Set,,2026-08-28,2,
ftf,Brown,,2026-08-28,1,
ftf,Green,,2026-08-28,1,
ftf,Orange,,2026-08-28,1,
ftf,Pink Sand,,2026-08-28,1,
ftf,Night Snail Set,,2026-08-28,1,
ftf,Sunflowers Set,,2026-08-28,1,
ftf,Chocolate Moo,,2026-08-28,1,
ftf,Checkered,,2026-08-28,1,
ftf,Bubble Tea Set,,2026-08-28,1,
ftf,Bitter Lemonade Basket Set,,2026-08-28,4,
ftf,Binary Code,,2026-08-28,1,
ftf,Hieroglyphics,,2026-08-28,1,
ftf,Blueberry Jam Basket Set,,2026-08-28,2,
ftf,Cookies N’ Milk,,2026-08-28,1,
ftf,Frost Engine Set,,2026-08-28,1,
ftf,Banana Split,,2026-08-28,1,
ftf,Fudge Bunny Set,,2026-08-28,3,
ftf,Light Ghost,,2026-08-28,1,
ftf,Gingerdolph Set,,2026-08-28,1,
ftf,Lime Mocktail Set,,2026-08-28,1,
ftf,Blade of Thorns Set,,2026-08-28,1,
ftf,Watering Can Set,,2026-08-28,4,
ftf,Summer Pattern Set,,2026-08-28,9,
ftf,Lil' Tree Set,,2026-08-28,1,
ftf,Jade Chest Set,,2026-08-28,1,
ftf,Ube Roll Set,,2026-08-28,3,
ftf,Bio Core Set,,2026-08-28,1,
ftf,Ice Core Set,,2026-08-28,1,
ftf,Witch Eye,,2026-08-28,1,
ftf,Vanilla Milk,,2026-08-28,3,
ftf,Snowflake,,2026-08-28,1,
ftf,Warlock Hunter Set,,2026-08-28,3,
ftf,Pirate Hat,,2026-08-28,1,
ftf,Spookpumpkin Pie Set,,2026-08-28,2,
ftf,Aurora Set,,2026-08-28,1,
ftf,Merry Music Box Set,,2026-08-28,3,
ftf,Stained Web Set,,2026-08-28,1,
ftf,Barren Broadcast Set,,2026-08-28,1,
ftf,Beach Waves Set,,2026-08-28,1,
ftf,7th Anniversary Set,,2026-08-28,2,
ftf,Alchemist Eye,,2026-08-28,2,
ftf,Ruby Chest Set,,2026-08-28,2,
ftf,Seashore Shells Set,,2026-08-28,1,
ftf,Grim Galleon Set,,2026-08-28,2,
ftf,Police Tape,,2026-08-28,1,
ftf,Celestial Witch Broom Set,,2026-08-28,6,
ftf,Rainbow,,2026-08-28,1,
ftf,Easter Basket Set,,2026-08-28,2,
ftf,Paranormal Hot Balloon Set,,2026-08-28,1,
ftf,Plaid,,2026-08-28,1,
ftf,Silver Star,,2026-08-28,1,
ftf,Cherry Pie Set,,2026-08-28,2,
ftf,Amethyst Set,,2026-08-28,1,
ftf,Diamond Set,,2026-08-28,1,
ftf,Plaid Set,,2026-08-28,1,
ftf,Cheese Set,,2026-08-28,1,
ftf,Phosphor Jellyfish Set,,2026-08-28,13,
ftf,Golden Holly,,2026-08-28,1,
ftf,Midnight Snow,,2026-08-28,1,
ftf,Flourished Fountain Set,,2026-08-28,3,
ftf,Arcade,,2026-08-28,1,
ftf,Light Bone Crusher Set,,2026-08-28,3,
ftf,Christmas Lights Set,,2026-08-28,1,
ftf,Binary Code Set,,2026-08-28,0,
ftf,Bubble Bottle,,2026-08-28,1,
ftf,Nuclear Waste Set,,2026-08-28,1,
ftf,5 Billion Set,,2026-08-28,6,
ftf,Slime Set,,2026-08-28,1,
ftf,Will O Wisp Set,,2026-08-28,1,
ftf,Leprechaun Boot Set,,2026-08-28,4,
ftf,Haunted Circus Tent Set,,2026-08-28,3,
ftf,Toy Elf Set,,2026-08-28,1,
ftf,Lucky Top Hat Set,,2026-08-28,1,
ftf,Psycho’s Axe,,2026-08-28,0,
ftf,Golden Firework Set,,2026-08-28,1,
ftf,White,,2026-08-28,1,
ftf,1337 MLG PRO,,2026-08-28,1,
ftf,Spraying Can Set,,2026-08-28,1,
ftf,Flamingo Car Set,,2026-08-28,32,
ftf,Vanillaberry Cake Set,,2026-08-28,1,
ftf,Devilrune,,2026-08-28,1,
ftf,Devilish Candle Set,,2026-08-28,22,
ftf,Psycho’s Chainsaw,,2026-08-28,1,
ftf,Irish Harp Set,,2026-08-28,2,
ftf,Strawberry Moo Plushie Set,,2026-08-28,5,
ftf,Moonlit Butterflies Set,,2026-08-28,2,
ftf,Cold Heart,,2026-08-28,1,
ftf,Love Potion,,2026-08-28,1,
ftf,Caramel Roll Set,,2026-08-28,1,
ftf,2023 Set,,2026-08-28,3,
ftf,Prismatic Crystal,,2026-08-28,0,
ftf,Pen Feather,,2026-08-28,0,
ftf,Crystal Ball,,2026-08-28,0,
ftf,2022 Set,,2026-08-28,2,
ftf,Duck,,2026-08-28,1,
ftf,Corn,,2026-08-28,1,
ftf,Choco Dip Set,,2026-08-28,8,
ftf,Lincoln Log,,2026-08-28,1,
ftf,Lion Dance Set,,2026-08-28,2,
ftf,Roasted Turkey Set,,2026-08-28,1,
ftf,Flamingo,,2026-08-28,1,
ftf,Heat Core Set,,2026-08-28,1,
ftf,Nightbloom Set,,2026-08-28,5,
ftf,Yin & Yang Set,,2026-08-28,3,
ftf,Circus Cage Set,,2026-08-28,4,
ftf,Santa Box Set,,2026-08-28,1,
ftf,Tombstone Bash Set,,2026-08-28,3,
ftf,Grape Barrel Set,,2026-08-28,6,
ftf,Pegasus Blade Set,,2026-08-28,26,
ftf,Mycelium Mallet Set,,2026-08-28,2,
ftf,Pot O' Gold Set,,2026-08-28,1,
ftf,Cherry Blossom,,2026-08-28,1,
ftf,Hot Cocoa Set,,2026-08-28,0,
ftf,Santa's Reindeer Set,,2026-08-28,1,
ftf,Dayflower Set,,2026-08-28,2,
ftf,Eye of Blizzaria Set,,2026-08-28,1,
ftf,Ragebringer Set,,2026-08-28,1,
ftf,Blood Sky,,2026-08-28,1,
ftf,Bottled Mariner Set,,2026-08-28,21,
ftf,Psycho’s Chainsaw Set,,2026-08-28,13,
ftf,Deathberry,,2026-08-28,1,
ftf,Permafrost Axe Set,,2026-08-28,3,
ftf,Cherry Blossom Tree Set,,2026-08-28,11,
ftf,Winter Glove,,2026-08-28,1,
ftf,Aurora Abolisher Set,,2026-08-28,3,
ftf,Bubbly Wand Set,,2026-08-28,25,
ftf,Bleeding Heart Set,,2026-08-28,5,
ftf,Ice Cream Pot Set,,2026-08-28,7,
ftf,Garden Snail Set,,2026-08-28,0,
ftf,J*b Application Set,,2026-08-28,1,
ftf,Twisted Passion Set,,2026-08-28,3,
ftf,Obsidian Crucifix,,2026-08-28,1,
ftf,Candy Corn Set,,2026-08-28,1,
ftf,Frost Shard,,2026-08-28,1,
ftf,Spookpumpkin,,2026-08-28,1,
ftf,Autumn Foliage Set,,2026-08-28,1,
ftf,Lily of The Valley Set,,2026-08-28,26,
ftf,Zombie Hand Set,,2026-08-28,1,
ftf,Veggie Eater Gopher Set,,2026-08-28,4,
ftf,Scarlet Firework Set,,2026-08-28,1,
ftf,Energetic Poison Set,,2026-08-28,1,
ftf,Strawberry Garden Set,,2026-08-28,3,
ftf,Midnight Light Set,,2026-08-28,3,
ftf,Neon Black Set,,2026-08-28,1,
ftf,Cave Monster Set,,2026-08-28,1,
ftf,Radiant Shell,,2026-08-28,2,
ftf,Strawberry,,2026-08-28,1,
ftf,Grilled Skewers Set,,2026-08-28,9,
ftf,Black Light Madness Set,,2026-08-28,2,
ftf,Warlock Eye,,2026-08-28,1,
ftf,Icecream Mix Set,,2026-08-28,23,
ftf,Greenhouse Set,,2026-08-28,5,
ftf,Dave Pumpkins Set,,2026-08-28,1,
ftf,Red Nutcracker Set,,2026-08-28,1,
ftf,Barn Set,,2026-08-28,1,
ftf,Halloween Stars Set,,2026-08-28,0,
ftf,Fruit Punch Set,,2026-08-28,0,
ftf,Chocolate Mint Set,,2026-08-28,1,
ftf,Yule Log Set,,2026-08-28,1,
ftf,Lovely Heart Set,,2026-08-28,4,
ftf,Ancient Trident Set,,2026-08-28,6,
ftf,Lonely Heart Set,,2026-08-28,15,
ftf,Lil' Devil Set,,2026-08-28,2,
ftf,Coconut Set,,2026-08-28,9,
ftf,BBQ Grill Set,,2026-08-28,16,
ftf,Ancestral Trident Set,,2026-08-28,4,
ftf,Scarf Set,,2026-08-28,1,
ftf,Beach Ball,,2026-08-28,1,
ftf,Pharaoh Sarcophagus Set,,2026-08-28,4,
ftf,Moon Staff Set,,2026-08-28,5,
ftf,Deathberry Pie Set,,2026-08-28,2,
ftf,Pristine Chocolatery Set,,2026-08-28,5,
ftf,Classic Set,,2026-08-28,5,
ftf,2024 Set,,2026-08-28,1,
ftf,Sour Snowcone Set,,2026-08-28,3,
ftf,Cornucopia Set,,2026-08-28,2,
ftf,8th Anniversary Set,,2026-08-28,2,
ftf,Jolly Crimson Set,,2026-08-28,1,
ftf,Owl Tree Set,,2026-08-28,2,
ftf,Paint Canvas Set,,2026-08-28,4,
ftf,Strawberry Moo Set,,2026-08-28,2,
ftf,Storm Surge Set,,2026-08-28,1,
ftf,Festive Pinecone Set,,2026-08-28,4,
ftf,Blighted Flame Set,,2026-08-28,1,
ftf,Chromatic Phoenix Set,,2026-08-28,5,
ftf,Chocolate Moo Set,,2026-08-28,1,
ftf,Piano Keys,,2026-08-28,1,
ftf,Bleak Ink Set,,2026-08-28,1,
ftf,Lime Slice,,2026-08-28,1,
ftf,Yeti Set,,2026-08-28,1,
ftf,Fish Tank Set,,2026-08-28,5,
ftf,Toasted Marshmallow Set,,2026-08-28,4,
ftf,Phosphor Jellyfish Hammer,,2026-08-28,1,
ftf,Pearl Piercer Set,,2026-08-28,17,
ftf,Duck Bike Set,,2026-08-28,27,
ftf,Honey Cheesecake Set,,2026-08-28,16,
ftf,Autumn Crops Set,,2026-08-28,5,
ftf,Galaxy Clouds Set,,2026-08-28,2,
ftf,Kraken's Ambush Set,,2026-08-28,3,
ftf,2026 Set,,2026-08-28,6,
ftf,Arcade Set,,2026-08-28,1,
ftf,Moo Moo Set,,2026-08-28,1,
ftf,Jellybean Cake Set,,2026-08-28,0,
ftf,Angry Spiders Set,,2026-08-28,0,
ftf,Porcelain Set,,2026-08-28,2,
ftf,Reptile,,2026-08-28,1,
ftf,Sakura Parasol Set,,2026-08-28,39,
ftf,Lemonade Jar Set,,2026-08-28,2,
ftf,Mr Lunatic Set,,2026-08-28,1,
ftf,Party Balloons Set,,2026-08-28,12,
ftf,Snowman Set,,2026-08-28,0,
ftf,Dark Devil Set,,2026-08-28,0,
ftf,Fireflies Set,,2026-08-28,1,
ftf,Dragon’s Scales Set,,2026-08-28,1,
ftf,Pencil Doodles Set,,2026-08-28,1,
ftf,Stratis Set,,2026-08-28,0,
ftf,Cranberry Barrel Set,,2026-08-28,1,
ftf,Fall Wheelbarrow Set,,2026-08-28,1,
ftf,Unchained Beast Set,,2026-08-28,5,
ftf,Toy Box Set,,2026-08-28,2,
ftf,Monster Eye,,2026-08-28,1,
ftf,Amethyst,,2026-08-28,1,
ftf,Twilight Shell,,2026-08-28,1,
ftf,Snowboarder Penguin Set,,2026-08-28,2,
ftf,Bubbly Gun Set,,2026-08-28,35,
ftf,Analog Horror,analog-horror,2026-08-29,1,
ftf,Barren Broadcast,barren-broadcast,2026-08-29,1,
ftf,BBQ Grill,bbq-grill,2026-08-29,1,
ftf,Bitter Lemonade Basket,bitter-lemonade-basket,2026-08-29,1,
ftf,Book of Fortunes,book-of-fortunes,2026-08-29,3,
ftf,Bottled Mariner,bottled-mariner,2026-08-29,2,
ftf,Bubbly Gun,bubbly-gun,2026-08-29,2,
ftf,Candy Cane Jar,candy-cane-jar,2026-08-29,2,
ftf,Celestial,celestial,2026-08-29,1,
ftf,Chimney,chimney,2026-08-29,1,
ftf,Chocolate Treats,chocolate-treats,2026-08-29,1,
ftf,Christmas Cracker,christmas-cracker,2026-08-29,3,
ftf,Coastal Lighthouse,coastal-lighthouse,2026-08-29,1,
ftf,Coconut,coconut,2026-08-29,5,
ftf,Coffin,coffin,2026-08-29,1,
ftf,Cold Star,cold-star,2026-08-29,3,
ftf,Confetti,confetti,2026-08-29,2,
ftf,Corruption,corruption,2026-08-29,1,
ftf,Cozy Cocoa,cozy-cocoa,2026-08-29,2,
ftf,Dracula's Castle,draculas-castle,2026-08-29,1,
ftf,Dragon Puppet,dragon-puppet,2026-08-29,1,
ftf,Duck Bike,duck-bike,2026-08-29,2,
ftf,Fairy Tale Book,fairy-tale-book,2026-08-29,5,
ftf,Festive Candelabra,festive-candelabra,2026-08-29,1,
ftf,Flamingo Lake,flamingo-lake,2026-08-29,5,
ftf,Frankenstein's Brain Jar,frankensteins-brain-jar,2026-08-29,1,
ftf,Frozen Fortress,frozen-fortress,2026-08-29,1,
ftf,Fudge Bunny,fudge-bunny,2026-08-29,1,
ftf,Ghost,ghost,2026-08-29,4,
ftf,Ghostly Night,ghostly-night,2026-08-29,2,
ftf,Gothic Bouquet,gothic-bouquet,2026-08-29,1,
ftf,Holly Berry,holly-berry,2026-08-29,1,
ftf,Ice Core,ice-core,2026-08-29,1,
ftf,Icecream Mix,icecream-mix,2026-08-29,1,
ftf,Jade Statue,jade-statue,2026-08-29,1,
ftf,Jingle Bells,jingle-bells,2026-08-29,2,
ftf,Leprechaun Boot,leprechaun-boot,2026-08-29,1,
ftf,Lil' Tree,lil-tree,2026-08-29,2,
ftf,Lilium Bush,lilium-bush,2026-08-29,1,
ftf,Lovesick Bow,lovesick-bow,2026-08-29,1,
ftf,Marching Drums,marching-drums,2026-08-29,1,
ftf,Merry Music Box,merry-music-box,2026-08-29,0,
ftf,Moon Staff,moon-staff,2026-08-29,1,
ftf,Moonlit Butterflies,moonlit-butterflies,2026-08-29,2,
ftf,Nebula,nebula,2026-08-29,3,
ftf,Nightbloom,nightbloom,2026-08-29,3,
ftf,Nightmare Shadow,nightmare-shadow,2026-08-29,2,
ftf,Owl Tree,owl-tree,2026-08-29,1,
ftf,Paint Canvas,paint-canvas,2026-08-29,1,
ftf,Pearl Piercer,pearl-piercer,2026-08-29,0,
ftf,Peppermint,peppermint,2026-08-29,1,
ftf,Piñata,pi-ata,2026-08-29,1,
ftf,Pot O' Gold,pot-o-gold,2026-08-29,0,
ftf,Pumpkin,pumpkin,2026-08-29,1,
ftf,Red Star Wrap,red-star-wrap,2026-08-29,1,
ftf,Reptile Skin,reptile-skin,2026-08-29,1,
ftf,Rudolph's Nose,rudolphs-nose,2026-08-29,2,
ftf,Sakura Parasol,sakura-parasol,2026-08-29,2,
ftf,Seashore Shells,seashore-shells,2026-08-29,0,
ftf,Snow Globe,snow-globe,2026-08-29,1,
ftf,Snowing,snowing,2026-08-29,1,
ftf,Sour Snowcone,sour-snowcone,2026-08-29,3,
ftf,Spooky Bats,spooky-bats,2026-08-29,1,
ftf,Spring World,spring-world,2026-08-29,3,
ftf,Stratis,stratis,2026-08-29,1,
ftf,Strawberry Jelly Basket,strawberry-jelly-basket,2026-08-29,1,
ftf,Sunflowers,sunflowers,2026-08-29,1,
ftf,Sunlit Butterflies,sunlit-butterflies,2026-08-29,3,
ftf,Sweet Present,sweet-present,2026-08-29,1,
ftf,Ube Roll,ube-roll,2026-08-29,1,
ftf,Watering Can,watering-can,2026-08-29,3,
ftf,Werewolf,werewolf,2026-08-29,1,
ftf,Witch Hunter,witch-hunter,2026-08-29,1,
ftf,Zombie Brain Jar,zombie-brain-jar,2026-08-29,1,
ftf,Zombie Hand,zombie-hand,2026-08-29,1,
ftf,Ruby Chest Set,,2026-08-29,1,
ftf,Summer Pattern Set,,2026-08-29,10,
ftf,Watering Can Set,,2026-08-29,3,
ftf,Light Ghost,,2026-08-29,2,
ftf,Cookies N’ Milk,,2026-08-29,0,
ftf,Unchained Beast Set,,2026-08-29,2,
ftf,Bitter Lemonade Basket Set,,2026-08-29,2,
ftf,Owl Tree Set,,2026-08-29,3,
ftf,Fairy Tale Book Set,,2026-08-29,1,
ftf,Gothic Bouquet Set,,2026-08-29,24,
ftf,Spring World Set,,2026-08-29,4,
ftf,Psycho’s Mask,,2026-08-29,2,
ftf,Psycho’s Axe Set,,2026-08-29,1,
ftf,Sakura Parasol Set,,2026-08-29,48,
ftf,Woodland Staff Set,,2026-08-29,16,
ftf,Bleak Ink Set,,2026-08-29,2,
ftf,Dark Bone Crusher Set,,2026-08-29,6,
ftf,Festive Fruitcake Set,,2026-08-29,3,
ftf,Zombie Bone,,2026-08-29,1,
ftf,VIP Ban Hammer Set,,2026-08-29,10,
ftf,Sakura Perfume,,2026-08-29,1,
ftf,Sea Monster Set,,2026-08-29,1,
ftf,Wild Owl,,2026-08-29,0,
ftf,Lunar Scepter Set,,2026-08-29,4,
ftf,Party Balloons Set,,2026-08-29,21,
ftf,Clown Set,,2026-08-29,0,
ftf,2nd Anniversary Set,,2026-08-29,1,
ftf,Santa Chimney Set,,2026-08-29,1,
ftf,Bloodshot,,2026-08-29,1,
ftf,Jade Crystal,,2026-08-29,1,
ftf,Moo Moo,,2026-08-29,1,
ftf,Pharaoh Sarcophagus Set,,2026-08-29,3,
ftf,Viridian,,2026-08-29,1,
ftf,Wanwood,,2026-08-29,1,
ftf,Bluesteel,,2026-08-29,1,
ftf,Omega Rainbow,,2026-08-29,1,
ftf,Ancient Trident Set,,2026-08-29,9,
ftf,Gumball Machine Set,,2026-08-29,1,
ftf,Lonely Heart Set,,2026-08-29,9,
ftf,Lemonade Jar Set,,2026-08-29,3,
ftf,Scarecrow Patches Set,,2026-08-29,0,
ftf,Nightbloom Set,,2026-08-29,3,
ftf,Winter Wind Set,,2026-08-29,1,
ftf,Igloo Set,,2026-08-29,1,
ftf,Lion Dance Set,,2026-08-29,3,
ftf,Doomthrust Set,,2026-08-29,0,
ftf,Choco Dip Set,,2026-08-29,9,
ftf,Spring Mirror,,2026-08-29,0,
ftf,2023 Set,,2026-08-29,2,
ftf,Chromatic Phoenix Set,,2026-08-29,4,
ftf,Caramel Roll Set,,2026-08-29,0,
ftf,Moonlit Butterflies Set,,2026-08-29,1,
ftf,Irish Harp Set,,2026-08-29,1,
ftf,Devilish Candle Set,,2026-08-29,25,
ftf,Vanillaberry Cake Set,,2026-08-29,0,
ftf,Flamingo Car Set,,2026-08-29,27,
ftf,Sunset,,2026-08-29,1,
ftf,Alchemist Hunter Set,,2026-08-29,2,
ftf,Pristine Chocolatery Set,,2026-08-29,4,
ftf,Leprechaun Boot Set,,2026-08-29,2,
ftf,BBQ Grill Set,,2026-08-29,12,
ftf,Popsicle Set,,2026-08-29,1,
ftf,Packed Snow Set,,2026-08-29,1,
ftf,Dark Wreath,,2026-08-29,1,
ftf,Slime Set,,2026-08-29,2,
ftf,Sunlit Butterflies Set,,2026-08-29,2,
ftf,Winterly Night Set,,2026-08-29,1,
ftf,Sakura Set,,2026-08-29,9,
ftf,5 Billion Set,,2026-08-29,5,
ftf,Flamingo,,2026-08-29,2,
ftf,Haunted Circus Tent Set,,2026-08-29,4,
ftf,Diamond Set,,2026-08-29,2,
ftf,Dragon Fan,,2026-08-29,1,
ftf,Autumn Tent Set,,2026-08-29,3,
ftf,Malicious Treat Set,,2026-08-29,2,
ftf,Easter Basket Set,,2026-08-29,1,
ftf,Firefly Jar,,2026-08-29,1,
ftf,Pumpkin Jack,,2026-08-29,1,
ftf,Celestial Witch Broom Set,,2026-08-29,3,
ftf,Greenhouse Set,,2026-08-29,6,
ftf,Solar Witch Broom Set,,2026-08-29,5,
ftf,Jade Statue Set,,2026-08-29,5,
ftf,7th Anniversary Set,,2026-08-29,3,
ftf,Barren Broadcast Set,,2026-08-29,2,
ftf,Deathberry Pie Set,,2026-08-29,1,
ftf,Merry Music Box Set,,2026-08-29,4,
ftf,Tropical Drink Set,,2026-08-29,4,
ftf,Cuddly Bunny Set,,2026-08-29,2,
ftf,Scareapple Pie Set,,2026-08-29,1,
ftf,Spookpumpkin Pie Set,,2026-08-29,3,
ftf,Pirate Hat,,2026-08-29,2,
ftf,Vanilla Milk,,2026-08-29,2,
ftf,Starborne Reverie Set,,2026-08-29,3,
ftf,Candy Cane Jar Set,,2026-08-29,1,
ftf,Snowman Box Set,,2026-08-29,2,
ftf,Princess Palace Set,,2026-08-29,1,
ftf,Moon Staff Set,,2026-08-29,7,
ftf,Enchanted Circus Tent Set,,2026-08-29,1,
ftf,Soulless Theater Set,,2026-08-29,6,
ftf,Ghost Set,,2026-08-29,3,
ftf,Ube Roll Set,,2026-08-29,1,
ftf,Dragon Puppet Set,,2026-08-29,6,
ftf,S'mores,,2026-08-29,2,
ftf,Light Shadows,,2026-08-29,2,
ftf,Mystical Trident Set,,2026-08-29,12,
ftf,Coffin Set,,2026-08-29,3,
ftf,Sweet Snowcone Set,,2026-08-29,3,
ftf,Cranberry Barrel Set,,2026-08-29,0,
ftf,Flourished Fountain Set,,2026-08-29,1,
ftf,Bubbly Gun Set,,2026-08-29,31,
ftf,Solarfly,,2026-08-29,1,
ftf,Red Squeaky,,2026-08-29,1,
ftf,Fish Tank Set,,2026-08-29,3,
ftf,8 Ball,,2026-08-29,1,
ftf,Toasted Marshmallow Set,,2026-08-29,3,
ftf,Cave Spider,,2026-08-29,1,
ftf,Classic Set,,2026-08-29,10,
ftf,Pearl Piercer Set,,2026-08-29,19,
ftf,Stars & Stripes,,2026-08-29,2,
ftf,Duck Bike Set,,2026-08-29,22,
ftf,Galaxy Clouds Set,,2026-08-29,1,
ftf,Pumpkin Slice Set,,2026-08-29,28,
ftf,Ice Cream Pot Set,,2026-08-29,5,
ftf,Cursed Circus Tent Set,,2026-08-29,4,
ftf,Honey Cheesecake Set,,2026-08-29,12,
ftf,Fireworks Set,,2026-08-29,1,
ftf,Autumn Crops Set,,2026-08-29,4,
ftf,Antique Piano Set,,2026-08-29,12,
ftf,Honey Hive Tree Set,,2026-08-29,3,
ftf,Witch Hunter Set,,2026-08-29,6,
ftf,Dave Pumpkins Set,,2026-08-29,2,
ftf,Veridian Cactus Set,,2026-08-29,14,
ftf,Jingle Bells Set,,2026-08-29,3,
ftf,Dark Ghost,,2026-08-29,3,
ftf,Lunar Witch Broom Set,,2026-08-29,2,
ftf,Ancient Portal Set,,2026-08-29,1,
ftf,Frankenstein's Brain Jar Set,,2026-08-29,1,
ftf,Toy Box Set,,2026-08-29,1,
ftf,Vintage TV Set,,2026-08-29,1,
ftf,Hollow Scythe Set,,2026-08-29,4,
ftf,Magic Mushroom Set,,2026-08-29,1,
ftf,Portrait Wall Set,,2026-08-29,1,
ftf,Movie Reel Set,,2026-08-29,1,
ftf,Kraken's Ambush Set,,2026-08-29,2,
ftf,Clam's Pearl,,2026-08-29,1,
ftf,Unicorn Starlight Set,,2026-08-29,2,
ftf,Water Gun Set,,2026-08-29,0,
ftf,Blank,,2026-08-29,1,
ftf,Sour Treats Set,,2026-08-29,2,
ftf,Sand Castle Set,,2026-08-29,7,
ftf,Book of Fortunes Set,,2026-08-29,3,
ftf,Lovesick Bow Set,,2026-08-29,15,
ftf,Lilium Bush Set,,2026-08-29,4,
ftf,Pink Star Wrap Set,,2026-08-29,1,
ftf,Fungal Thumper Set,,2026-08-29,3,
ftf,2026 Set,,2026-08-29,5,
ftf,Flamingo Lake Set,,2026-08-29,11,
ftf,Marine Anchor Set,,2026-08-29,2,
ftf,Chocolate Mix,,2026-08-29,1,
ftf,North Star,,2026-08-29,1,
ftf,Year of the Horse Set,,2026-08-29,4,
ftf,Flesh Set,,2026-08-29,0,
ftf,Bloodline Bat Set,,2026-08-29,3,
ftf,Strawberry Jelly Basket Set,,2026-08-29,3,
ftf,Beach Boat Set,,2026-08-29,5,
ftf,2022 Set,,2026-08-29,3,
ftf,Spiteful Treat Set,,2026-08-29,2,
ftf,Devilborn Set,,2026-08-29,6,
ftf,Coastal Lighthouse Set,,2026-08-29,4,
ftf,Lilypads Set,,2026-08-29,0,
ftf,Icecream Mix Set,,2026-08-29,26,
ftf,Radiant Shell,,2026-08-29,1,
ftf,Midnight Light Set,,2026-08-29,2,
ftf,Strawberry Garden Set,,2026-08-29,4,
ftf,Veggie Eater Gopher Set,,2026-08-29,3,
ftf,Grilled Skewers Set,,2026-08-29,7,
ftf,Zombie Hand Set,,2026-08-29,2,
ftf,Lily of The Valley Set,,2026-08-29,23,
ftf,Candy Cane,,2026-08-29,1,
ftf,Circus Cage Set,,2026-08-29,3,
ftf,Blueberry Jam Basket Set,,2026-08-29,1,
ftf,Candy Corn Set,,2026-08-29,2,
ftf,Bubbly Wand Set,,2026-08-29,21,
ftf,Cherry Blossom Tree Set,,2026-08-29,14,
ftf,Fudge Bunny Set,,2026-08-29,2,
ftf,Psycho’s Chainsaw Set,,2026-08-29,9,
ftf,Bottled Mariner Set,,2026-08-29,23,
ftf,Spooky Candy,,2026-08-29,2,
ftf,Ladybug Spots,,2026-08-29,1,
ftf,Bamboo Set,,2026-08-29,3,
ftf,Permafrost Axe Set,,2026-08-29,1,
ftf,Tombstone Bash Set,,2026-08-29,1,
ftf,Summer Plaid Set,,2026-08-29,2,
ftf,Chocolate Bar Set,,2026-08-29,1,
ftf,Beanstalk Set,,2026-08-29,1,
ftf,Yuletide Gift Set,,2026-08-29,1,
ftf,Santa Boot Set,,2026-08-29,1,
ftf,Mycelium Mallet Set,,2026-08-29,1,
ftf,Pegasus Blade Set,,2026-08-29,29,
ftf,2019,2019,2026-08-30,2,
ftf,2022,2022,2026-08-30,1,
ftf,2024,2024,2026-08-30,1,
ftf,3rd Anniversary,3rd-anniversary,2026-08-30,1,
ftf,4th Anniversary,4th-anniversary,2026-08-30,1,
ftf,5th Anniversary,5th-anniversary,2026-08-30,1,
ftf,6th Anniversary,6th-anniversary,2026-08-30,2,
ftf,7th Anniversary,7th-anniversary,2026-08-30,2,
ftf,Ancient Portal,ancient-portal,2026-08-30,1,
ftf,Angry Spiders,angry-spiders,2026-08-30,1,
ftf,Antique Piano,antique-piano,2026-08-30,2,
ftf,Beach Waves,beach-waves,2026-08-30,1,
ftf,Black Light Madness,black-light-madness,2026-08-30,1,
ftf,Blue Nutcracker,blue-nutcracker,2026-08-30,1,
ftf,Bones,bones,2026-08-30,2,
ftf,Book of Fortunes,book-of-fortunes,2026-08-30,2,
ftf,Bubbly Gun,bubbly-gun,2026-08-30,1,
ftf,Candy Corn,candy-corn,2026-08-30,3,
ftf,Caramel Roll,caramel-roll,2026-08-30,1,
ftf,Celestial Witch Broom,celestial-witch-broom,2026-08-30,2,
ftf,Cherry Blossom Tree,cherry-blossom-tree,2026-08-30,1,
ftf,Chocolate Bar,chocolate-bar,2026-08-30,1,
ftf,Chromatic Phoenix,chromatic-phoenix,2026-08-30,4,
ftf,Clownfish,clownfish,2026-08-30,1,
ftf,Coffin,coffin,2026-08-30,2,
ftf,Cold Star,cold-star,2026-08-30,1,
ftf,Confetti,confetti,2026-08-30,1,
ftf,Corruption,corruption,2026-08-30,3,
ftf,Cozy Cocoa,cozy-cocoa,2026-08-30,3,
ftf,Cursed Voodoo,cursed-voodoo,2026-08-30,2,
ftf,Dark Star,dark-star,2026-08-30,0,
ftf,Deathberry Pie,deathberry-pie,2026-08-30,2,
ftf,Easter Basket,easter-basket,2026-08-30,1,
ftf,Ectoplasm,ectoplasm,2026-08-30,3,
ftf,Eggnog Machine,eggnog-machine,2026-08-30,1,
ftf,Elf's Mallet,elfs-mallet,2026-08-30,1,
ftf,Fairy Tale Book,fairy-tale-book,2026-08-30,7,
ftf,Festive Dots Wrap,festive-dots-wrap,2026-08-30,1,
ftf,Festive Train,festive-train,2026-08-30,1,
ftf,Fish Tank,fish-tank,2026-08-30,1,
ftf,Fortune House,fortune-house,2026-08-30,1,
ftf,Fudge Bunny,fudge-bunny,2026-08-30,2,
ftf,Galaxy Clouds,galaxy-clouds,2026-08-30,3,
ftf,Ghost,ghost,2026-08-30,2,
ftf,Ghostly Night,ghostly-night,2026-08-30,1,
ftf,Gingerbread House,gingerbread-house,2026-08-30,1,
ftf,Glowy Bush,glowy-bush,2026-08-30,1,
ftf,Gothic Bouquet,gothic-bouquet,2026-08-30,2,
ftf,Green Peppermint,green-peppermint,2026-08-30,1,
ftf,Halloween Night,halloween-night,2026-08-30,1,
ftf,Haunted Circus Tent,haunted-circus-tent,2026-08-30,3,
ftf,Honey Hive Tree,honey-hive-tree,2026-08-30,1,
ftf,Ice Core,ice-core,2026-08-30,2,
ftf,Ice Sleigh,ice-sleigh,2026-08-30,1,
ftf,Jello Dessert,jello-dessert,2026-08-30,1,
ftf,Joyful Mailbox,joyful-mailbox,2026-08-30,1,
ftf,Krampus Chimney,krampus-chimney,2026-08-30,1,
ftf,Light Bone Crusher,light-bone-crusher,2026-08-30,1,
ftf,Lil' Devil,lil-devil,2026-08-30,1,
ftf,Lil' Tree,lil-tree,2026-08-30,3,
ftf,Lily of The Valley,lily-of-the-valley,2026-08-30,1,
ftf,Lovely Heart,lovely-heart,2026-08-30,2,
ftf,Midnight Light,midnight-light,2026-08-30,1,
ftf,Midnight Sea,midnight-sea,2026-08-30,2,
ftf,Moon Staff,moon-staff,2026-08-30,4,
ftf,Moonlit Butterflies,moonlit-butterflies,2026-08-30,1,
ftf,Mothership,mothership,2026-08-30,2,
ftf,Music Sheet,music-sheet,2026-08-30,1,
ftf,Mycelium Mallet,mycelium-mallet,2026-08-30,1,
ftf,Nebula,nebula,2026-08-30,4,
ftf,Nightbloom,nightbloom,2026-08-30,2,
ftf,Owl Tree,owl-tree,2026-08-30,2,
ftf,Party Balloons,party-balloons,2026-08-30,3,
ftf,Piñata,pi-ata,2026-08-30,3,
ftf,Plasma Core,plasma-core,2026-08-30,1,
ftf,Polar Bear Present,polar-bear-present,2026-08-30,1,
ftf,Princess Palace,princess-palace,2026-08-30,2,
ftf,Pumpkin Sky,pumpkin-sky,2026-08-30,1,
ftf,Pumpkin Star,pumpkin-star,2026-08-30,0,
ftf,Red Nutcracker,red-nutcracker,2026-08-30,1,
ftf,Rudolph's Nose,rudolphs-nose,2026-08-30,3,
ftf,Sakura,sakura,2026-08-30,2,
ftf,Sakura Parasol,sakura-parasol,2026-08-30,1,
ftf,Santa's Mallet,santas-mallet,2026-08-30,1,
ftf,Snow Globe,snow-globe,2026-08-30,2,
ftf,Snow Pile,snow-pile,2026-08-30,1,
ftf,Snowing,snowing,2026-08-30,2,
ftf,Solar Witch Broom,solar-witch-broom,2026-08-30,1,
ftf,Sour Snowcone,sour-snowcone,2026-08-30,4,
ftf,Spooky Potion,spooky-potion,2026-08-30,1,
ftf,Sprinkles,sprinkles,2026-08-30,0,
ftf,Stack of Presents,stack-of-presents,2026-08-30,1,
ftf,Strawberry Garden,strawberry-garden,2026-08-30,2,
ftf,Sunlit Butterflies,sunlit-butterflies,2026-08-30,2,
ftf,Sweet Snowcone,sweet-snowcone,2026-08-30,0,
ftf,Sweet Train,sweet-train,2026-08-30,2,
ftf,Sweethearts Store,sweethearts-store,2026-08-30,2,
ftf,Tombstone Bash,tombstone-bash,2026-08-30,1,
ftf,Toxic,toxic,2026-08-30,0,
ftf,Toy Elf,toy-elf,2026-08-30,1,
ftf,Ube Roll,ube-roll,2026-08-30,2,
ftf,Vampiric Corset,vampiric-corset,2026-08-30,1,
ftf,Vanilla Brownie,vanilla-brownie,2026-08-30,1,
ftf,Velvet Webs,velvet-webs,2026-08-30,2,
ftf,Veridian Cactus,veridian-cactus,2026-08-30,1,
ftf,Vintage TV,vintage-tv,2026-08-30,2,
ftf,Watering Can,watering-can,2026-08-30,6,
ftf,White Knitted,white-knitted,2026-08-30,2,
ftf,Winter Breeze,winter-breeze,2026-08-30,1,
ftf,Winter Train,winter-train,2026-08-30,1,
ftf,Xeno,xeno,2026-08-30,1,
ftf,Ethereal Diamond,,2026-08-30,1,
ftf,Marching Drums Set,,2026-08-30,1,
ftf,Acidic Potions Set,,2026-08-30,2,
ftf,Corruption Set,,2026-08-30,1,
ftf,Smash Bros Set,,2026-08-30,1,
ftf,Luxury Projector Set,,2026-08-30,1,
ftf,Dragon Puppet Set,,2026-08-30,7,
ftf,Festive Fruitcake Set,,2026-08-30,4,
ftf,Stratis Set,,2026-08-30,1,
ftf,Sakura Set,,2026-08-30,14,
ftf,Sakura Parasol Set,,2026-08-30,46,
ftf,Easter Chick Set,,2026-08-30,2,
ftf,Devilborn Set,,2026-08-30,5,
ftf,Vanilla Brownie Set,,2026-08-30,1,
ftf,Fiery Phoenix Set,,2026-08-30,4,
ftf,Hot Cocoa Set,,2026-08-30,2,
ftf,Gingerbread House Set,,2026-08-30,2,
ftf,Marine Anchor Set,,2026-08-30,3,
ftf,Gothic Rose,,2026-08-30,2,
ftf,Pink Star Wrap Set,,2026-08-30,0,
ftf,Lilium Bush Set,,2026-08-30,3,
ftf,Unicorn Starlight Set,,2026-08-30,1,
ftf,Starry Sky Set,,2026-08-30,0,
ftf,Ancient Portal Set,,2026-08-30,3,
ftf,Gamelan Panggul Set,,2026-08-30,3,
ftf,Lunar Witch Broom Set,,2026-08-30,4,
ftf,Autumn Lamp Set,,2026-08-30,1,
ftf,Ethereal Prism,,2026-08-30,1,
ftf,Easter Egg,,2026-08-30,1,
ftf,Party Hat,,2026-08-30,1,
ftf,Pharaoh Sarcophagus Set,,2026-08-30,2,
ftf,Reptile Skin Set,,2026-08-30,1,
ftf,Cursed Painting Set,,2026-08-30,1,
ftf,Nebula Set,,2026-08-30,1,
ftf,Midnight Light Set,,2026-08-30,0,
ftf,Blue Nutcracker Set,,2026-08-30,2,
ftf,Winter Swirl Set,,2026-08-30,2,
ftf,Neapolitan Set,,2026-08-30,2,
ftf,Stack of Presents Set,,2026-08-30,1,
ftf,Piñata Set,,2026-08-30,0,
ftf,Cozy Cocoa Set,,2026-08-30,4,
ftf,Soulless Theater Set,,2026-08-30,7,
ftf,Woodland Staff Set,,2026-08-30,12,
ftf,Glowy Bush Set,,2026-08-30,1,
ftf,Eggnog Machine Set,,2026-08-30,1,
ftf,Psycho’s Axe Set,,2026-08-30,4,
ftf,Psycho’s Mask,,2026-08-30,1,
ftf,Night Snail Set,,2026-08-30,0,
ftf,Sunflowers Set,,2026-08-30,0,
ftf,Nuclear Waste,,2026-08-30,1,
ftf,Fortune House Set,,2026-08-30,0,
ftf,Winter Present,,2026-08-30,0,
ftf,Bitter Lemonade Basket Set,,2026-08-30,1,
ftf,Watering Can Set,,2026-08-30,2,
ftf,Summer Pattern Set,,2026-08-30,8,
ftf,Flourished Fountain Set,,2026-08-30,3,
ftf,Warlock Hunter Set,,2026-08-30,2,
ftf,Pirate Hat,,2026-08-30,1,
ftf,Merry Music Box Set,,2026-08-30,2,
ftf,Greenhouse Set,,2026-08-30,3,
ftf,Smash Bros,,2026-08-30,1,
ftf,Celestial Witch Broom Set,,2026-08-30,4,
ftf,Easter Basket Set,,2026-08-30,2,
ftf,Paranormal Hot Balloon Set,,2026-08-30,2,
ftf,Peppermint Set,,2026-08-30,2,
ftf,Forbidden Fortress Set,,2026-08-30,1,
ftf,Lucky Top Hat Set,,2026-08-30,2,
ftf,Prismatic Crystal,,2026-08-30,1,
ftf,Jingle Bells Set,,2026-08-30,4,
ftf,Lion Dance Set,,2026-08-30,2,
ftf,Nightbloom Set,,2026-08-30,4,
ftf,Gumball Machine Set,,2026-08-30,3,
ftf,Yin & Yang Set,,2026-08-30,2,
ftf,Santa Chimney Set,,2026-08-30,5,
ftf,Lunar Scepter Set,,2026-08-30,2,
ftf,Sakura Perfume,,2026-08-30,2,
ftf,Vintage TV Set,,2026-08-30,2,
ftf,Confetti Set,,2026-08-30,0,
ftf,Dayflower Set,,2026-08-30,3,
ftf,Ghostly Night Set,,2026-08-30,1,
ftf,Bubbly Wand Set,,2026-08-30,25,
ftf,Winter Glove,,2026-08-30,0,
ftf,Aurora Abolisher Set,,2026-08-30,2,
ftf,Trick,,2026-08-30,1,
ftf,Classic Set,,2026-08-30,7,
ftf,Grilled Skewers Set,,2026-08-30,3,
ftf,Zombie Hand Set,,2026-08-30,1,
ftf,Chocolate Mint Set,,2026-08-30,0,
ftf,Magical Voodoo Set,,2026-08-30,0,
ftf,Red Nutcracker Set,,2026-08-30,3,
ftf,Circus Cage Set,,2026-08-30,6,
ftf,Bamboo Set,,2026-08-30,2,
ftf,Frosted Frequency Set,,2026-08-30,3,
ftf,Lonely Heart Set,,2026-08-30,8,
ftf,Clown Set,,2026-08-30,1,
ftf,Pristine Chocolatery Set,,2026-08-30,3,
ftf,Coconut Set,,2026-08-30,4,
ftf,Fortress Knight,,2026-08-30,0,
ftf,Galaxy Clouds Set,,2026-08-30,3,
ftf,Autumn Crops Set,,2026-08-30,6,
ftf,Coffin Set,,2026-08-30,5,
ftf,Duck Bike Set,,2026-08-30,17,
ftf,Honey Cheesecake Set,,2026-08-30,11,
ftf,Chromatic Phoenix Set,,2026-08-30,7,
ftf,Sour Treat,,2026-08-30,1,
ftf,Clownfish Set,,2026-08-30,1,
ftf,Jellybean Cake Set,,2026-08-30,1,
ftf,OOF,,2026-08-30,1,
ftf,Unchained Beast Set,,2026-08-30,3,
ftf,Lemonade Jar Set,,2026-08-30,4,
ftf,Snowman Set,,2026-08-30,1,
ftf,Cranberry Barrel Set,,2026-08-30,1,
ftf,Fall Wheelbarrow Set,,2026-08-30,4,
ftf,Autumn Tent Set,,2026-08-30,1,
ftf,Snowboarder Penguin Set,,2026-08-30,3,
ftf,Silver Locket,,2026-08-30,1,
ftf,Shroomy Spore,,2026-08-30,1,
ftf,Moon Staff Set,,2026-08-30,5,
ftf,Year of the Horse Set,,2026-08-30,2,
ftf,Sweethearts Store Set,,2026-08-30,8,
ftf,Cuddly Bunny Set,,2026-08-30,4,
ftf,Teddy Bear Present Set,,2026-08-30,0,
ftf,Solar Witch Broom Set,,2026-08-30,6,
ftf,Theatrical Spotlight Set,,2026-08-30,6,
ftf,Batwing Basher Set,,2026-08-30,10,
ftf,Dracula's Castle Set,,2026-08-30,1,
ftf,Gothic Bouquet Set,,2026-08-30,23,
ftf,Phantom Light Set,,2026-08-30,1,
ftf,Ghost Set,,2026-08-30,7,
ftf,S'mores Set,,2026-08-30,1,
ftf,Holiday Hotline Set,,2026-08-30,1,
ftf,2022 Set,,2026-08-30,2,
ftf,Spooky Brew Set,,2026-08-30,14,
ftf,Bubbly Gun Set,,2026-08-30,49,
ftf,Blueberry,,2026-08-30,1,
ftf,Joyful Mailbox Set,,2026-08-30,1,
ftf,Watermelon Set,,2026-08-30,1,
ftf,Pearl Piercer Set,,2026-08-30,9,
ftf,8th Anniversary Set,,2026-08-30,1,
ftf,5 Billion Set,,2026-08-30,3,
ftf,Sour Snowcone Set,,2026-08-30,2,
ftf,Cornucopia Set,,2026-08-30,1,
ftf,BBQ Grill Set,,2026-08-30,8,
ftf,Bleak Ink Set,,2026-08-30,5,
ftf,Lime Slice,,2026-08-30,0,
ftf,Lovely Heart Set,,2026-08-30,2,
ftf,Music Sheet Set,,2026-08-30,0,
ftf,Icecream Mix Set,,2026-08-30,27,
ftf,Strawberry Garden Set,,2026-08-30,5,
ftf,Veggie Eater Gopher Set,,2026-08-30,5,
ftf,Lily of The Valley Set,,2026-08-30,19,
ftf,Candy Corn Set,,2026-08-30,3,
ftf,Twisted Passion Set,,2026-08-30,5,
ftf,Bleeding Heart Set,,2026-08-30,3,
ftf,Cherry Blossom Tree Set,,2026-08-30,16,
ftf,Ice Sleigh Set,,2026-08-30,2,
ftf,Bottled Mariner Set,,2026-08-30,9,
ftf,Tombstone Bash Set,,2026-08-30,3,
ftf,Pegasus Blade Set,,2026-08-30,25,
ftf,Grape Barrel Set,,2026-08-30,5,
ftf,Choco Dip Set,,2026-08-30,7,
ftf,Velvet Webs Set,,2026-08-30,1,
ftf,6th Anniversary Set,,2026-08-30,1,
ftf,Magical Portal Set,,2026-08-30,1,
ftf,Toy Santa Set,,2026-08-30,1,
ftf,Jello Dessert Set,,2026-08-30,1,
ftf,Strawberry Moo Plushie Set,,2026-08-30,1,
ftf,Irish Harp Set,,2026-08-30,2,
ftf,Devilish Candle Set,,2026-08-30,12,
ftf,Vanillaberry Cake Set,,2026-08-30,4,
ftf,Honey Hive Tree Set,,2026-08-30,6,
ftf,Alchemist Hunter Set,,2026-08-30,6,
ftf,Fairy Tale Book Set,,2026-08-30,3,
ftf,Jade Statue Set,,2026-08-30,2,
ftf,Enchanted Circus Tent Set,,2026-08-30,4,
ftf,Pumpkin Slice Set,,2026-08-30,26,
ftf,Mystical Trident Set,,2026-08-30,10,
ftf,Blood Moon Set,,2026-08-30,2,
ftf,Ice Cream Pot Set,,2026-08-30,4,
ftf,Antique Piano Set,,2026-08-30,16,
ftf,Veridian Cactus Set,,2026-08-30,6,
ftf,Witch Hunter Set,,2026-08-30,5,
ftf,Chilly Sweet's Vend Set,,2026-08-30,15,
ftf,Book of Fortunes Set,,2026-08-30,4,
ftf,Lovesick Bow Set,,2026-08-30,24,
ftf,Flamingo Lake Set,,2026-08-30,7,
ftf,Flamingo Car Set,,2026-08-30,15,
ftf,Beach Boat Set,,2026-08-30,3,
ftf,Strawberry Jelly Basket Set,,2026-08-30,4,
ftf,Dark Mansion Set,,2026-08-30,1,
ftf,Bloodthirst Axe Set,,2026-08-30,4,
ftf,Grandfather Clock Set,,2026-08-30,2,
ftf,VIP Ban Hammer Set,,2026-08-30,9,
ftf,2019,2019,2026-08-31,1,
ftf,6th Anniversary,6th-anniversary,2026-08-31,1,
ftf,Ancestral Trident,ancestral-trident,2026-08-31,2,
ftf,Antique Piano,antique-piano,2026-08-31,1,
ftf,Autumn Crops,autumn-crops,2026-08-31,1,
ftf,Autumn Lamp,autumn-lamp,2026-08-31,1,
ftf,Batwing Basher,batwing-basher,2026-08-31,0,
ftf,BBQ Grill,bbq-grill,2026-08-31,5,
ftf,Bones,bones,2026-08-31,1,
ftf,Bottled Mariner,bottled-mariner,2026-08-31,1,
ftf,Candy Corn,candy-corn,2026-08-31,2,
ftf,Celestial Witch Broom,celestial-witch-broom,2026-08-31,1,
ftf,Cherry Pie,cherry-pie,2026-08-31,1,
ftf,Christmas Cracker,christmas-cracker,2026-08-31,2,
ftf,Cold Star,cold-star,2026-08-31,2,
ftf,Corruption,corruption,2026-08-31,1,
ftf,Cotton Candy,cotton-candy,2026-08-31,1,
ftf,Cozy Cocoa,cozy-cocoa,2026-08-31,2,
ftf,Dark Star,dark-star,2026-08-31,1,
ftf,Deathberry Pie,deathberry-pie,2026-08-31,1,
ftf,Devilish Candle,devilish-candle,2026-08-31,2,
ftf,Duck Bike,duck-bike,2026-08-31,1,
ftf,Fairy Tale Book,fairy-tale-book,2026-08-31,6,
ftf,Festive Fruitcake,festive-fruitcake,2026-08-31,2,
ftf,Fish Tank,fish-tank,2026-08-31,2,
ftf,Flamingo Lake,flamingo-lake,2026-08-31,2,
ftf,Forbidden Fortress,forbidden-fortress,2026-08-31,1,
ftf,Frosty's Mallet,frostys-mallet,2026-08-31,3,
ftf,Fudge Bunny,fudge-bunny,2026-08-31,3,
ftf,Galaxy Clouds,galaxy-clouds,2026-08-31,1,
ftf,Ghost,ghost,2026-08-31,1,
ftf,Gothic Bouquet,gothic-bouquet,2026-08-31,1,
ftf,Haunted Circus Tent,haunted-circus-tent,2026-08-31,1,
ftf,Holly Berry,holly-berry,2026-08-31,2,
ftf,Honey Cheesecake,honey-cheesecake,2026-08-31,1,
ftf,Ice Core,ice-core,2026-08-31,1,
ftf,Icecream Mix,icecream-mix,2026-08-31,0,
ftf,Jade Statue,jade-statue,2026-08-31,2,
ftf,Jingle Bells,jingle-bells,2026-08-31,5,
ftf,Lovesick Bow,lovesick-bow,2026-08-31,2,
ftf,Lucky Top Hat,lucky-top-hat,2026-08-31,1,
ftf,Midnight Light,midnight-light,2026-08-31,2,
ftf,Midnight Sea,midnight-sea,2026-08-31,1,
ftf,Moon Staff,moon-staff,2026-08-31,3,
ftf,Moonlit Butterflies,moonlit-butterflies,2026-08-31,4,
ftf,Mothership,mothership,2026-08-31,1,
ftf,Nebula,nebula,2026-08-31,3,
ftf,Night Snail,night-snail,2026-08-31,1,
ftf,Nightbloom,nightbloom,2026-08-31,1,
ftf,Orange Mocktail,orange-mocktail,2026-08-31,1,
ftf,Owl Tree,owl-tree,2026-08-31,1,
ftf,Paint Canvas,paint-canvas,2026-08-31,2,
ftf,Party Balloons,party-balloons,2026-08-31,2,
ftf,Pearl Piercer,pearl-piercer,2026-08-31,1,
ftf,Pegasus Blade,pegasus-blade,2026-08-31,3,
ftf,Peppermint,peppermint,2026-08-31,3,
ftf,Pharaoh Sarcophagus,pharaoh-sarcophagus,2026-08-31,1,
ftf,Piñata,pi-ata,2026-08-31,1,
ftf,Pumpkin Star,pumpkin-star,2026-08-31,1,
ftf,Sakura,sakura,2026-08-31,1,
ftf,Sakura Parasol,sakura-parasol,2026-08-31,5,
ftf,Snowboarder Penguin,snowboarder-penguin,2026-08-31,2,
ftf,Snowy Night Wrap,snowy-night-wrap,2026-08-31,2,
ftf,Sour Snowcone,sour-snowcone,2026-08-31,3,
ftf,Spookpumpkin Pie,spookpumpkin-pie,2026-08-31,1,
ftf,Summer Pattern,summer-pattern,2026-08-31,1,
ftf,Sunlit Butterflies,sunlit-butterflies,2026-08-31,3,
ftf,Sweet Present,sweet-present,2026-08-31,2,
ftf,Sweet Train,sweet-train,2026-08-31,1,
ftf,Teddy Bear Present,teddy-bear-present,2026-08-31,2,
ftf,Toxic,toxic,2026-08-31,1,
ftf,Tropical Drink,tropical-drink,2026-08-31,3,
ftf,Ube Roll,ube-roll,2026-08-31,1,
ftf,Unicorn Starlight,unicorn-starlight,2026-08-31,2,
ftf,Vintage TV,vintage-tv,2026-08-31,1,
ftf,Watering Can,watering-can,2026-08-31,2,
ftf,White Knitted,white-knitted,2026-08-31,1,
ftf,Woodland Staff,woodland-staff,2026-08-31,1,
ftf,Yeti,yeti,2026-08-31,1,
ftf,Yule Log,yule-log,2026-08-31,1,
ftf,Zombie Hand,zombie-hand,2026-08-31,2,
ftf,Painting Roll Set,,2026-08-31,1,
ftf,Red Panda Set,,2026-08-31,1,
ftf,Permafrost Bone,,2026-08-31,1,
ftf,Bleeding Heart Set,,2026-08-31,6,
ftf,Psycho’s Axe Set,,2026-08-31,2,
ftf,Lonely Ring,,2026-08-31,1,
ftf,Antique Piano Set,,2026-08-31,13,
ftf,Snowboarder Penguin Set,,2026-08-31,2,
ftf,Veridian Cactus Set,,2026-08-31,8,
ftf,Winter Plaid Set,,2026-08-31,0,
ftf,Deathberry,,2026-08-31,2,
ftf,Ectoplasm Set,,2026-08-31,1,
ftf,Bubbly Wand Set,,2026-08-31,28,
ftf,Leprechaun Boot Set,,2026-08-31,1,
ftf,Frosty Tree,,2026-08-31,1,
ftf,Chocolate Egg,,2026-08-31,2,
ftf,Starry Sky Set,,2026-08-31,1,
ftf,Strawberries Set,,2026-08-31,0,
ftf,Solar Witch Broom Set,,2026-08-31,2,
ftf,Hollow Scythe Set,,2026-08-31,5,
ftf,Party Balloons Set,,2026-08-31,22,
ftf,Ice Sleigh Set,,2026-08-31,1,
ftf,Dark Bone Crusher Set,,2026-08-31,4,
ftf,Psycho’s Chainsaw Set,,2026-08-31,7,
ftf,Black Light Madness Set,,2026-08-31,1,
ftf,Bottled Mariner Set,,2026-08-31,16,
ftf,Spooky Candy,,2026-08-31,1,
ftf,Tombstone Bash Set,,2026-08-31,4,
ftf,Lunar Scepter Set,,2026-08-31,1,
ftf,Ancient Portal Set,,2026-08-31,2,
ftf,Wild Owl,,2026-08-31,1,
ftf,Pegasus Blade Set,,2026-08-31,24,
ftf,Chilly Sweet's Vend Set,,2026-08-31,8,
ftf,Vintage TV Set,,2026-08-31,3,
ftf,Permafrost Axe Set,,2026-08-31,3,
ftf,Witch Hunter Set,,2026-08-31,6,
ftf,Grapes,,2026-08-31,0,
ftf,S'mores Set,,2026-08-31,2,
ftf,Summer Plaid Set,,2026-08-31,1,
ftf,Autumn Tent Set,,2026-08-31,2,
ftf,Grape Barrel Set,,2026-08-31,4,
ftf,Pristine Chocolatery Set,,2026-08-31,1,
ftf,Toy Box Set,,2026-08-31,2,
ftf,Watermelon Set,,2026-08-31,2,
ftf,Lunar Witch Broom Set,,2026-08-31,2,
ftf,Gamelan Panggul Set,,2026-08-31,2,
ftf,Porcelain Set,,2026-08-31,1,
ftf,Ancient Key,,2026-08-31,2,
ftf,Frankenstein's Brain Jar Set,,2026-08-31,2,
ftf,Pharaoh Sarcophagus Set,,2026-08-31,4,
ftf,Malicious Treat Set,,2026-08-31,1,
ftf,OOF,,2026-08-31,2,
ftf,Jellybean Cake Set,,2026-08-31,2,
ftf,Batwing Basher Set,,2026-08-31,11,
ftf,Unchained Beast Set,,2026-08-31,4,
ftf,Soulless Theater Set,,2026-08-31,8,
ftf,Grilled Skewers Set,,2026-08-31,6,
ftf,Diver's Helmet,,2026-08-31,1,
ftf,Silver Star,,2026-08-31,2,
ftf,Coastal Lighthouse Set,,2026-08-31,2,
ftf,Blue Flax Set,,2026-08-31,1,
ftf,Light Skull,,2026-08-31,1,
ftf,DOGE,,2026-08-31,1,
ftf,Carnation,,2026-08-31,0,
ftf,Cherry Star,,2026-08-31,0,
ftf,Candy Cane Jar Set,,2026-08-31,5,
ftf,Unicorn Starlight Set,,2026-08-31,2,
ftf,Honey Cheesecake Set,,2026-08-31,13,
ftf,Celestial Witch Hat,,2026-08-31,1,
ftf,Pearl Piercer Set,,2026-08-31,13,
ftf,Devilborn Set,,2026-08-31,4,
ftf,Lunar Witch Hat,,2026-08-31,1,
ftf,Friendly Ghosts Set,,2026-08-31,2,
ftf,Duck Bike Set,,2026-08-31,21,
ftf,Devilish Flame,,2026-08-31,1,
ftf,Golden Set,,2026-08-31,1,
ftf,Gavel Set,,2026-08-31,1,
ftf,Snowy Village Set,,2026-08-31,1,
ftf,Honey Suckle,,2026-08-31,1,
ftf,Blizzard Set,,2026-08-31,2,
ftf,Solar Witch Hat,,2026-08-31,1,
ftf,Backrooms Set,,2026-08-31,0,
ftf,Snowman Box Set,,2026-08-31,1,
ftf,Moon Staff Set,,2026-08-31,6,
ftf,Analog Horror Set,,2026-08-31,0,
ftf,Cinnamon Latte Set,,2026-08-31,0,
ftf,Bomb Bash Set,,2026-08-31,1,
ftf,Paranormal Hot Balloon Set,,2026-08-31,3,
ftf,Zombie Brain Jar Set,,2026-08-31,0,
ftf,Eggnog Set,,2026-08-31,0,
ftf,Silver Coin,,2026-08-31,1,
ftf,Black Cat Set,,2026-08-31,0,
ftf,Magical Spider Set,,2026-08-31,1,
ftf,Coffin Set,,2026-08-31,3,
ftf,Gift Pouch,,2026-08-31,1,
ftf,Eggnog Mug,,2026-08-31,1,
ftf,Cold Ornament,,2026-08-31,1,
ftf,Sweet Stocking,,2026-08-31,1,
ftf,Light Bone Crusher Set,,2026-08-31,1,
ftf,Lucky Top Hat Set,,2026-08-31,1,
ftf,Grandfather Clock Set,,2026-08-31,1,
ftf,Cranberry Barrel Set,,2026-08-31,0,
ftf,Lime Mocktail Set,,2026-08-31,4,
ftf,Cherry Pie Set,,2026-08-31,3,
ftf,Woodland Staff Set,,2026-08-31,5,
ftf,1337 MLG PRO,,2026-08-31,3,
ftf,Bitter Lemonade Basket Set,,2026-08-31,2,
ftf,Spraying Can Set,,2026-08-31,6,
ftf,Watering Can Set,,2026-08-31,1,
ftf,Strawberry Moo Set,,2026-08-31,1,
ftf,Paint Canvas Set,,2026-08-31,6,
ftf,Enchanted Circus Tent Set,,2026-08-31,0,
ftf,Vanilla Brownie Set,,2026-08-31,2,
ftf,Spring World Set,,2026-08-31,5,
ftf,Love Shot Set,,2026-08-31,1,
ftf,Lil' Devil Set,,2026-08-31,1,
ftf,Mothership Set,,2026-08-31,1,
ftf,Fiery Phoenix Set,,2026-08-31,5,
ftf,Honey Hive Tree Set,,2026-08-31,4,
ftf,Spooky Potion Set,,2026-08-31,1,
ftf,Firefly Jar,,2026-08-31,3,
ftf,Sour Snowcone Set,,2026-08-31,3,
ftf,2022 Set,,2026-08-31,1,
ftf,Painting Bucket,,2026-08-31,1,
ftf,Blood Moon Set,,2026-08-31,1,
ftf,Pumpkin Pie,,2026-08-31,1,
ftf,Dark Ghost,,2026-08-31,2,
ftf,Dark Mansion Set,,2026-08-31,4,
ftf,Deathberry Pie Set,,2026-08-31,0,
ftf,BBQ Grill Set,,2026-08-31,13,
ftf,Devilish Candle Set,,2026-08-31,20,
ftf,Ancestral Trident Set,,2026-08-31,8,
ftf,Phantom Light Set,,2026-08-31,2,
ftf,Sakura Set,,2026-08-31,13,
ftf,Tulips Set,,2026-08-31,0,
ftf,Seashore Shells Set,,2026-08-31,0,
ftf,Strawberry Jelly Basket Set,,2026-08-31,2,
ftf,Ruby Chest Set,,2026-08-31,3,
ftf,Pumpkin Slice Set,,2026-08-31,21,
ftf,Ghost Set,,2026-08-31,2,
ftf,Clown Set,,2026-08-31,0,
ftf,Bleak Ink Set,,2026-08-31,1,
ftf,Dragon Puppet Set,,2026-08-31,9,
ftf,Flamingo,,2026-08-31,1,
ftf,Light Shadows,,2026-08-31,1,
ftf,Lonely Heart Set,,2026-08-31,10,
ftf,Spring Plaid Set,,2026-08-31,0,
ftf,Sweet Treats Set,,2026-08-31,1,
ftf,Frosted Frequency Set,,2026-08-31,1,
ftf,Mystical Trident Set,,2026-08-31,11,
ftf,Piñata Set,,2026-08-31,1,
ftf,Lovely Heart Set,,2026-08-31,4,
ftf,Fall Wheelbarrow Set,,2026-08-31,1,
ftf,Classic Set,,2026-08-31,3,
ftf,Beach Boat Set,,2026-08-31,5,
ftf,Flourished Fountain Set,,2026-08-31,2,
ftf,Jade Statue Set,,2026-08-31,4,
ftf,Starborne Reverie Set,,2026-08-31,2,
ftf,Broken Mirror Set,,2026-08-31,1,
ftf,Cuddly Bunny Set,,2026-08-31,3,
ftf,Winter Stocking,,2026-08-31,1,
ftf,Festive Stocking,,2026-08-31,1,
ftf,Festive Pudding,,2026-08-31,1,
ftf,Jingle Bell,,2026-08-31,1,
ftf,Autumn Leaf,,2026-08-31,1,
ftf,Haunted Jester Hat,,2026-08-31,1,
ftf,Enchanted Jester Hat,,2026-08-31,1,
ftf,Cursed Jester Hat,,2026-08-31,1,
ftf,Pixie Dust,,2026-08-31,2,
ftf,Chromatic Spark,,2026-08-31,2,
ftf,Jollyday Batter Set,,2026-08-31,2,
ftf,Moonlit Butterflies Set,,2026-08-31,2,
ftf,Flamingo Car Set,,2026-08-31,17,
ftf,Lemonade Jar Set,,2026-08-31,2,
ftf,Cold Heart,,2026-08-31,3,
ftf,Love Potion,,2026-08-31,4,
ftf,Bamboo Set,,2026-08-31,3,
ftf,Tropical Drink Set,,2026-08-31,3,
ftf,Jade Chest Set,,2026-08-31,3,
ftf,Red Nutcracker Set,,2026-08-31,2,
ftf,Nuclear Waste Set,,2026-08-31,2,
ftf,VIP Ban Hammer Set,,2026-08-31,4,
ftf,Winter Swirl Set,,2026-08-31,1,
ftf,Phosphor Jellyfish Set,,2026-08-31,7,
ftf,Stars & Stripes,,2026-08-31,1,
ftf,Greenhouse Set,,2026-08-31,7,
ftf,Icecream Mix Set,,2026-08-31,28,
ftf,Jade Viper Set,,2026-08-31,2,
ftf,Crystal Ball,,2026-08-31,2,
ftf,Jello Dessert Set,,2026-08-31,0,
ftf,Magical Portal Set,,2026-08-31,2,
ftf,Spooky Brew Set,,2026-08-31,11,
ftf,Ancient Trident Set,,2026-08-31,8,
ftf,Marine Anchor Set,,2026-08-31,4,
ftf,Acidic Potions Set,,2026-08-31,4,
ftf,Flamingo Lake Set,,2026-08-31,4,
ftf,Theatrical Spotlight Set,,2026-08-31,2,
ftf,Bloodline Bat Set,,2026-08-31,4,
ftf,Radiant Shell,,2026-08-31,2,
ftf,Ice Cream Pot Set,,2026-08-31,8,
ftf,7th Anniversary Set,,2026-08-31,2,
ftf,Fungal Thumper Set,,2026-08-31,1,
ftf,Midnight Light Set,,2026-08-31,2,
ftf,Barren Broadcast Set,,2026-08-31,1,
ftf,Teddy Bear Present Set,,2026-08-31,1,
ftf,Lilium Bush Set,,2026-08-31,4,
ftf,Warlock Hunter Set,,2026-08-31,6,
ftf,Strawberry Garden Set,,2026-08-31,4,
ftf,Lovesick Bow Set,,2026-08-31,22,
ftf,Jingle Bells Set,,2026-08-31,3,
ftf,Merry Music Box Set,,2026-08-31,1,
ftf,Cozy Cookie,,2026-08-31,2,
ftf,Lion Dance Set,,2026-08-31,1,
ftf,Fall Harvester Set,,2026-08-31,1,
ftf,Bubble Bottle,,2026-08-31,2,
ftf,Smash Bros Set,,2026-08-31,2,
ftf,Sand Castle Set,,2026-08-31,6,
ftf,Bubbly Gun Set,,2026-08-31,38,
ftf,Zombie Hand Set,,2026-08-31,2,
ftf,Blueberry Jam Basket Set,,2026-08-31,3,
ftf,Lily of The Valley Set,,2026-08-31,12,
ftf,Shooting Star,,2026-08-31,1,
ftf,Cursed Circus Tent Set,,2026-08-31,0,
ftf,Garden Snail Set,,2026-08-31,1,
ftf,VIP,,2026-08-31,2,
ftf,Irish Harp Set,,2026-08-31,1,
ftf,Gothic Bouquet Set,,2026-08-31,22,
ftf,Sour Treats Set,,2026-08-31,1,
ftf,Candy Corn Set,,2026-08-31,2,
ftf,Brigadeiro,,2026-08-31,0,
ftf,Celestial Witch Broom Set,,2026-08-31,5,
ftf,Autumn Crops Set,,2026-08-31,3,
ftf,Sakura Parasol Set,,2026-08-31,48,
ftf,2026 Set,,2026-08-31,2,
ftf,Twisted Passion Set,,2026-08-31,3,
ftf,Aurora Abolisher Set,,2026-08-31,1,
ftf,Cherry Blossom Tree Set,,2026-08-31,14,
ftf,Gumball Machine Set,,2026-08-31,2,
ftf,Water Gun Set,,2026-08-31,1,
ftf,4th Anniversary,4th-anniversary,2026-09-01,2,
ftf,6th Anniversary,6th-anniversary,2026-09-01,2,
ftf,Alchemist Hunter,alchemist-hunter,2026-09-01,2,
ftf,Autumn Crops,autumn-crops,2026-09-01,3,
ftf,Autumn Scarecrow,autumn-scarecrow,2026-09-01,1,
ftf,Bamboo,bamboo,2026-09-01,1,
ftf,BBQ Grill,bbq-grill,2026-09-01,2,
ftf,Black Light Madness,black-light-madness,2026-09-01,2,
ftf,Blighted Flame,blighted-flame,2026-09-01,1,
ftf,Bloodline Bat,bloodline-bat,2026-09-01,1,
ftf,Blue Nutcracker,blue-nutcracker,2026-09-01,3,
ftf,Bones,bones,2026-09-01,3,
ftf,Book of Fortunes,book-of-fortunes,2026-09-01,1,
ftf,Bubble Wand,bubble-wand,2026-09-01,1,
ftf,Bubbly Gun,bubbly-gun,2026-09-01,3,
ftf,Candy Corn,candy-corn,2026-09-01,3,
ftf,Cherry Pie,cherry-pie,2026-09-01,3,
ftf,Choco Dip,choco-dip,2026-09-01,1,
ftf,Chromatic Phoenix,chromatic-phoenix,2026-09-01,2,
ftf,Coffin,coffin,2026-09-01,1,
ftf,Confetti,confetti,2026-09-01,2,
ftf,Cursed Voodoo,cursed-voodoo,2026-09-01,1,
ftf,Doomthrust,doomthrust,2026-09-01,1,
ftf,Ectoplasm,ectoplasm,2026-09-01,1,
ftf,Fairy Tale Book,fairy-tale-book,2026-09-01,9,
ftf,Fish Tank,fish-tank,2026-09-01,3,
ftf,Frosty's Mallet,frostys-mallet,2026-09-01,2,
ftf,Fruit Punch,fruit-punch,2026-09-01,2,
ftf,Fudge Bunny,fudge-bunny,2026-09-01,2,
ftf,Haunted Circus Tent,haunted-circus-tent,2026-09-01,2,
ftf,Holly Berry,holly-berry,2026-09-01,1,
ftf,Jade Statue,jade-statue,2026-09-01,1,
ftf,Jingle Bells,jingle-bells,2026-09-01,4,
ftf,Lil' Tree,lil-tree,2026-09-01,2,
ftf,Lily of The Valley,lily-of-the-valley,2026-09-01,2,
ftf,Lovesick Bow,lovesick-bow,2026-09-01,1,
ftf,Moon Staff,moon-staff,2026-09-01,4,
ftf,Moonlit Butterflies,moonlit-butterflies,2026-09-01,2,
ftf,Nebula,nebula,2026-09-01,1,
ftf,Owl Tree,owl-tree,2026-09-01,2,
ftf,Paint Canvas,paint-canvas,2026-09-01,1,
ftf,Party Skulls,party-skulls,2026-09-01,1,
ftf,Pegasus Blade,pegasus-blade,2026-09-01,1,
ftf,Piñata,pi-ata,2026-09-01,2,
ftf,Pot O' Gold,pot-o-gold,2026-09-01,1,
ftf,Sakura Parasol,sakura-parasol,2026-09-01,1,
ftf,Sand Castle,sand-castle,2026-09-01,1,
ftf,Scareapple Pie,scareapple-pie,2026-09-01,1,
ftf,Scarecrow Patches,scarecrow-patches,2026-09-01,1,
ftf,Snowboarder Penguin,snowboarder-penguin,2026-09-01,1,
ftf,Snowing,snowing,2026-09-01,1,
ftf,Sour Candy,sour-candy,2026-09-01,1,
ftf,Sour Snowcone,sour-snowcone,2026-09-01,2,
ftf,Spiteful Treat,spiteful-treat,2026-09-01,1,
ftf,Sprinkles,sprinkles,2026-09-01,1,
ftf,Starborne Reverie,starborne-reverie,2026-09-01,1,
ftf,Sunlit Butterflies,sunlit-butterflies,2026-09-01,4,
ftf,Sweet Present,sweet-present,2026-09-01,1,
ftf,Sweet Snowcone,sweet-snowcone,2026-09-01,1,
ftf,Sweet Train,sweet-train,2026-09-01,2,
ftf,Sweet Treats,sweet-treats,2026-09-01,2,
ftf,Sweethearts Store,sweethearts-store,2026-09-01,1,
ftf,Tropical Drink,tropical-drink,2026-09-01,1,
ftf,Vintage TV,vintage-tv,2026-09-01,2,
ftf,VIP Ban Hammer,vip-ban-hammer,2026-09-01,2,
ftf,Watering Can,watering-can,2026-09-01,4,
ftf,Yeti,yeti,2026-09-01,2,
ftf,Yin & Yang,yin-yang,2026-09-01,3,
ftf,Yuletide Gift,yuletide-gift,2026-09-01,1,
ftf,Gamelan Panggul Set,,2026-09-01,3,
ftf,Irish Harp Set,,2026-09-01,2,
ftf,Smash Bros Set,,2026-09-01,1,
ftf,Autumn Lamp Set,,2026-09-01,0,
ftf,Autumn Crops Set,,2026-09-01,4,
ftf,Beach Boat Set,,2026-09-01,3,
ftf,Zombie Hand Set,,2026-09-01,1,
ftf,Cold Heart,,2026-09-01,1,
ftf,Dark Bone Crusher Set,,2026-09-01,3,
ftf,Sand Castle Set,,2026-09-01,7,
ftf,Magical Voodoo Set,,2026-09-01,1,
ftf,Cherry Blossom,,2026-09-01,0,
ftf,Silver Star,,2026-09-01,1,
ftf,Pristine Chocolatery Set,,2026-09-01,4,
ftf,Red Panda Set,,2026-09-01,0,
ftf,Leprechaun Boot Set,,2026-09-01,2,
ftf,Lunar Witch Broom Set,,2026-09-01,4,
ftf,Kraken's Ambush Set,,2026-09-01,1,
ftf,Veridian Cactus Set,,2026-09-01,10,
ftf,Strawberry Moo Plushie Set,,2026-09-01,0,
ftf,Candy Cane Jar Set,,2026-09-01,4,
ftf,Jade Chest Set,,2026-09-01,1,
ftf,2026 Set,,2026-09-01,3,
ftf,Santa's Reindeer Set,,2026-09-01,3,
ftf,Love Potion,,2026-09-01,0,
ftf,Winter Breeze Set,,2026-09-01,4,
ftf,Paranormal Candle,,2026-09-01,1,
ftf,Honey Cheesecake Set,,2026-09-01,10,
ftf,Fudge Bunny Set,,2026-09-01,1,
ftf,Princess Palace Set,,2026-09-01,2,
ftf,Pearl Piercer Set,,2026-09-01,14,
ftf,Theatrical Spotlight Set,,2026-09-01,5,
ftf,Alchemist Hunter Set,,2026-09-01,3,
ftf,Grilled Skewers Set,,2026-09-01,3,
ftf,Lily of The Valley Set,,2026-09-01,15,
ftf,Cursed Circus Tent Set,,2026-09-01,4,
ftf,Friendly Ghosts Set,,2026-09-01,1,
ftf,Duck Bike Set,,2026-09-01,18,
ftf,Icecream Mix Set,,2026-09-01,20,
ftf,Tombstone Bash Set,,2026-09-01,2,
ftf,Classic Set,,2026-09-01,2,
ftf,Twisted Passion Set,,2026-09-01,2,
ftf,Toasted Marshmallow Set,,2026-09-01,4,
ftf,Honey Suckle,,2026-09-01,3,
ftf,Strawberry Moo Plushie,,2026-09-01,0,
ftf,Malicious Treat Set,,2026-09-01,2,
ftf,Paranormal Hot Balloon Set,,2026-09-01,0,
ftf,Soulless Theater Set,,2026-09-01,9,
ftf,BBQ Grill Set,,2026-09-01,11,
ftf,Lovely Heart Set,,2026-09-01,2,
ftf,Pumpkin Slice Set,,2026-09-01,15,
ftf,Luxury Projector Set,,2026-09-01,2,
ftf,Jingle Bells Set,,2026-09-01,5,
ftf,Sakura Perfume,,2026-09-01,1,
ftf,Galaxy Clouds Set,,2026-09-01,2,
ftf,Midnight Light Set,,2026-09-01,0,
ftf,Jellybean Cake Set,,2026-09-01,1,
ftf,Love Shot Set,,2026-09-01,2,
ftf,Ancestral Trident Set,,2026-09-01,4,
ftf,Cherry Blossom Tree Set,,2026-09-01,27,
ftf,Grim Galleon Set,,2026-09-01,3,
ftf,Cozy Cocoa Set,,2026-09-01,3,
ftf,Devilish Candle Set,,2026-09-01,16,
ftf,Pink Star Wrap Set,,2026-09-01,1,
ftf,S'mores,,2026-09-01,3,
ftf,Peppermint Set,,2026-09-01,1,
ftf,Gothic Bouquet Set,,2026-09-01,24,
ftf,Lonely Heart Set,,2026-09-01,9,
ftf,Choco Dip Set,,2026-09-01,8,
ftf,Lilium Bush Set,,2026-09-01,3,
ftf,Ruby Chest Set,,2026-09-01,1,
ftf,Phosphor Jellyfish Set,,2026-09-01,10,
ftf,Ancient Portal Set,,2026-09-01,4,
ftf,Mystical Trident Set,,2026-09-01,8,
ftf,Grape Barrel Set,,2026-09-01,5,
ftf,Frosted Frequency Set,,2026-09-01,2,
ftf,Strawberry Garden Set,,2026-09-01,6,
ftf,Enchanted Circus Tent Set,,2026-09-01,3,
ftf,Unicorn Starlight Set,,2026-09-01,1,
ftf,Pegasus Blade Set,,2026-09-01,23,
ftf,Flamingo,,2026-09-01,3,
ftf,Acidic Potions Set,,2026-09-01,3,
ftf,Sweethearts Store Set,,2026-09-01,5,
ftf,Dayflower Set,,2026-09-01,2,
ftf,Lovesick Bow Set,,2026-09-01,19,
ftf,Flesh Set,,2026-09-01,3,
ftf,Piñata Set,,2026-09-01,2,
ftf,S'mores Set,,2026-09-01,1,
ftf,Sakura Parasol Set,,2026-09-01,70,
ftf,Chilly Sweet's Vend Set,,2026-09-01,7,
ftf,Greenhouse Set,,2026-09-01,4,
ftf,Sweet Snowcone Set,,2026-09-01,1,
ftf,Fall Foliage Set,,2026-09-01,0,
ftf,Chromatic Phoenix Set,,2026-09-01,2,
ftf,Merry Music Box Set,,2026-09-01,2,
ftf,Book of Fortunes Set,,2026-09-01,5,
ftf,Party Balloons Set,,2026-09-01,15,
ftf,Bubbly Gun Set,,2026-09-01,37,
ftf,Warlock Hunter Set,,2026-09-01,4,
ftf,Celestial Witch Broom Set,,2026-09-01,4,
ftf,Bottled Mariner Set,,2026-09-01,15,
ftf,Cozy Cookie,,2026-09-01,1,
ftf,Frostbite Set,,2026-09-01,0,
ftf,Chromatic Spark,,2026-09-01,1,
ftf,Owl Tree Set,,2026-09-01,4,
ftf,Candy Egg Set,,2026-09-01,1,
ftf,Permafrost Axe Set,,2026-09-01,2,
ftf,Phosphor Fish,,2026-09-01,1,
ftf,Lonely Ring,,2026-09-01,0,
ftf,Black Light Madness Set,,2026-09-01,2,
ftf,Lemon,,2026-09-01,0,
ftf,Joyful Stamp,,2026-09-01,1,
ftf,Antique Piano Set,,2026-09-01,11,
ftf,Moonlit Butterflies Set,,2026-09-01,4,
ftf,Twilight Shell,,2026-09-01,2,
ftf,Pharaoh Sarcophagus Set,,2026-09-01,3,
ftf,Obsidian Crucifix,,2026-09-01,0,
ftf,Yin & Yang Set,,2026-09-01,5,
ftf,Spookpumpkin Pie Set,,2026-09-01,0,
ftf,Dragon Puppet Set,,2026-09-01,7,
ftf,Coffin Set,,2026-09-01,1,
ftf,Dark Mansion Set,,2026-09-01,1,
ftf,Zombie Brain,,2026-09-01,1,
ftf,Ladybug,,2026-09-01,0,
ftf,Pirate Set,,2026-09-01,1,
ftf,Sunlit Butterflies Set,,2026-09-01,1,
ftf,Watermelon Set,,2026-09-01,1,
ftf,Cranberry Barrel Set,,2026-09-01,1,
ftf,Dark Ghost,,2026-09-01,1,
ftf,Bloodthirst Axe Set,,2026-09-01,1,
ftf,Spooky Brew Set,,2026-09-01,12,
ftf,Golden,,2026-09-01,1,
ftf,Cherry Pie Set,,2026-09-01,1,
ftf,Sprinkles Set,,2026-09-01,0,
ftf,Psycho’s Axe Set,,2026-09-01,3,
ftf,Easter Chick Set,,2026-09-01,1,
ftf,Paint Canvas Set,,2026-09-01,4,
ftf,Vanillaberry Cake Set,,2026-09-01,2,
ftf,Light Bone Crusher Set,,2026-09-01,2,
ftf,Spraying Can Set,,2026-09-01,3,
ftf,Hot Cocoa Set,,2026-09-01,1,
ftf,Marine Anchor Set,,2026-09-01,5,
ftf,Lemonade Jar Set,,2026-09-01,3,
ftf,Vanilla Brownie Set,,2026-09-01,1,
ftf,Bloodline Bat Set,,2026-09-01,3,
ftf,Ragebringer Set,,2026-09-01,0,
ftf,Flamingo Lake Set,,2026-09-01,5,
ftf,Festive Fruitcake Set,,2026-09-01,3,
ftf,Radiant Shell,,2026-09-01,1,
ftf,Winter Swirl Set,,2026-09-01,3,
ftf,Fiery Phoenix Set,,2026-09-01,4,
ftf,Honey Hive Tree Set,,2026-09-01,7,
ftf,Firefly Jar,,2026-09-01,2,
ftf,Fall Wheelbarrow Set,,2026-09-01,2,
ftf,Snowboarder Penguin Set,,2026-09-01,3,
ftf,8th Anniversary Set,,2026-09-01,2,
ftf,Concrete,,2026-09-01,1,
ftf,Jade Viper Set,,2026-09-01,1,
ftf,Sour Snowcone Set,,2026-09-01,2,
ftf,Deathberry,,2026-09-01,1,
ftf,Ice Cream Pot Set,,2026-09-01,2,
ftf,Forbidden Fortress Set,,2026-09-01,0,
ftf,Ube Roll Set,,2026-09-01,2,
ftf,5 Billion Set,,2026-09-01,5,
ftf,Flourished Fountain Set,,2026-09-01,1,
ftf,Chocolate Egg,,2026-09-01,1,
ftf,Cuddly Bunny Set,,2026-09-01,9,
ftf,Bubbly Wand Set,,2026-09-01,23,
ftf,Duck,,2026-09-01,3,
ftf,Deathberry Pie Set,,2026-09-01,2,
ftf,Autumn Tent Set,,2026-09-01,1,
ftf,Xeno Set,,2026-09-01,1,
ftf,Nuclear Waste Set,,2026-09-01,3,
ftf,Solar Witch Broom Set,,2026-09-01,4,
ftf,6th Anniversary,6th-anniversary,2026-09-02,1,
ftf,Ancestral Trident,ancestral-trident,2026-09-02,0,
ftf,Autumn Crops,autumn-crops,2026-09-02,2,
ftf,BBQ Grill,bbq-grill,2026-09-02,1,
ftf,Bitter Lemonade Basket,bitter-lemonade-basket,2026-09-02,2,
ftf,Blue Nutcracker,blue-nutcracker,2026-09-02,1,
ftf,Book of Fortunes,book-of-fortunes,2026-09-02,2,
ftf,Broken Mirror,broken-mirror,2026-09-02,0,
ftf,Bubbly Gun,bubbly-gun,2026-09-02,1,
ftf,Candy Cane Jar,candy-cane-jar,2026-09-02,1,
ftf,Candy Corn,candy-corn,2026-09-02,2,
ftf,Celestial Witch Broom,celestial-witch-broom,2026-09-02,3,
ftf,Chilly Sweets' Vend,chilly-sweets-vend,2026-09-02,1,
ftf,Christmas Cracker,christmas-cracker,2026-09-02,1,
ftf,Confetti,confetti,2026-09-02,1,
ftf,Cotton Candy,cotton-candy,2026-09-02,0,
ftf,Eye of Blizzaria,eye-of-blizzaria,2026-09-02,1,
ftf,Fairy Tale Book,fairy-tale-book,2026-09-02,7,
ftf,Fall Wheelbarrow,fall-wheelbarrow,2026-09-02,1,
ftf,Festive Fruitcake,festive-fruitcake,2026-09-02,3,
ftf,Fiery Phoenix,fiery-phoenix,2026-09-02,0,
ftf,Fish Tank,fish-tank,2026-09-02,2,
ftf,Flamingo Lake,flamingo-lake,2026-09-02,1,
ftf,Frosty's Mallet,frostys-mallet,2026-09-02,1,
ftf,Ghost,ghost,2026-09-02,2,
ftf,Gothic Bouquet,gothic-bouquet,2026-09-02,2,
ftf,Heat Core,heat-core,2026-09-02,1,
ftf,Ice Cream Pot,ice-cream-pot,2026-09-02,1,
ftf,Jade Statue,jade-statue,2026-09-02,2,
ftf,Lil' Tree,lil-tree,2026-09-02,3,
ftf,Lily of The Valley,lily-of-the-valley,2026-09-02,4,
ftf,Lovely Heart,lovely-heart,2026-09-02,1,
ftf,Magical Portal,magical-portal,2026-09-02,1,
ftf,Malicious Treat,malicious-treat,2026-09-02,0,
ftf,Midnight Sky,midnight-sky,2026-09-02,1,
ftf,Moon Staff,moon-staff,2026-09-02,2,
ftf,Moonlit Butterflies,moonlit-butterflies,2026-09-02,3,
ftf,Nightbloom,nightbloom,2026-09-02,2,
ftf,Paint Canvas,paint-canvas,2026-09-02,2,
ftf,Party Balloons,party-balloons,2026-09-02,1,
ftf,Piñata,pi-ata,2026-09-02,0,
ftf,Sakura Parasol,sakura-parasol,2026-09-02,3,
ftf,Snow Globe,snow-globe,2026-09-02,1,
ftf,Snowboarder Penguin,snowboarder-penguin,2026-09-02,2,
ftf,Sour Snowcone,sour-snowcone,2026-09-02,3,
ftf,Sour Treats,sour-treats,2026-09-02,1,
ftf,Spiteful Treat,spiteful-treat,2026-09-02,0,
ftf,Sunlit Butterflies,sunlit-butterflies,2026-09-02,3,
ftf,Sweet Treats,sweet-treats,2026-09-02,1,
ftf,Teddy Bear Present,teddy-bear-present,2026-09-02,1,
ftf,Tropical Drink,tropical-drink,2026-09-02,2,
ftf,Unicorn Starlight,unicorn-starlight,2026-09-02,1,
ftf,Vintage TV,vintage-tv,2026-09-02,1,
ftf,Watering Can,watering-can,2026-09-02,3,
ftf,Woodland Staff,woodland-staff,2026-09-02,2,
ftf,Zombie Brain Jar,zombie-brain-jar,2026-09-02,0,
ftf,Winter Swirl Set,,2026-09-02,2,
ftf,Cherry Pie Set,,2026-09-02,2,
ftf,Bitter Lemonade Basket Set,,2026-09-02,3,
ftf,Light Ghost,,2026-09-02,3,
ftf,Lime Mocktail Set,,2026-09-02,3,
ftf,Fairy Tale Book Set,,2026-09-02,4,
ftf,Twisted Passion Set,,2026-09-02,3,
ftf,Firefly Jar,,2026-09-02,3,
ftf,Easter Basket Set,,2026-09-02,4,
ftf,Summer Pattern Set,,2026-09-02,12,
ftf,Love Shot Set,,2026-09-02,1,
ftf,Greenhouse Set,,2026-09-02,6,
ftf,Dragon Puppet Set,,2026-09-02,6,
ftf,Classic Set,,2026-09-02,6,
ftf,Festive Fruitcake Set,,2026-09-02,5,
ftf,7th Anniversary Set,,2026-09-02,3,
ftf,Pumpkin Slice Set,,2026-09-02,13,
ftf,Spookpumpkin Pie Set,,2026-09-02,3,
ftf,Autumn Crops Set,,2026-09-02,5,
ftf,Peppermint Set,,2026-09-02,2,
ftf,Batwing Basher Set,,2026-09-02,10,
ftf,5 Billion Set,,2026-09-02,4,
ftf,VIP Ban Hammer Set,,2026-09-02,2,
ftf,Sakura Parasol Set,,2026-09-02,51,
ftf,Painting Roll Set,,2026-09-02,5,
ftf,Kraken's Ambush Set,,2026-09-02,2,
ftf,Coastal Lighthouse Set,,2026-09-02,3,
ftf,Honey Cheesecake Set,,2026-09-02,11,
ftf,Pearl Piercer Set,,2026-09-02,8,
ftf,Tombstone Bash Set,,2026-09-02,3,
ftf,Toasted Marshmallow Set,,2026-09-02,2,
ftf,Honey Suckle,,2026-09-02,2,
ftf,Theatrical Spotlight Set,,2026-09-02,8,
ftf,Devilborn Set,,2026-09-02,6,
ftf,Bomb Bash Set,,2026-09-02,2,
ftf,Coffin Set,,2026-09-02,3,
ftf,2021 Set,,2026-09-02,2,
ftf,Energetic Poison Set,,2026-09-02,2,
ftf,Grandfather Clock Set,,2026-09-02,3,
ftf,Paint Canvas Set,,2026-09-02,2,
ftf,Bloodthirst Axe Set,,2026-09-02,3,
ftf,Jollyday Batter Set,,2026-09-02,3,
ftf,Festive Pinecone Set,,2026-09-02,2,
ftf,Vanilla Brownie Set,,2026-09-02,2,
ftf,Tropical Drink Set,,2026-09-02,5,
ftf,Fiery Phoenix Set,,2026-09-02,6,
ftf,2022 Set,,2026-09-02,3,
ftf,8th Anniversary Set,,2026-09-02,1,
ftf,Sakura Set,,2026-09-02,12,
ftf,Cornucopia Set,,2026-09-02,3,
ftf,Deathberry Pie Set,,2026-09-02,1,
ftf,Lovely Heart Set,,2026-09-02,3,
ftf,BBQ Grill Set,,2026-09-02,8,
ftf,Coconut Set,,2026-09-02,8,
ftf,Watermelon Set,,2026-09-02,2,
ftf,Phantom Light Set,,2026-09-02,3,
ftf,Strawberry Jelly Basket Set,,2026-09-02,3,
ftf,Galaxy Clouds Set,,2026-09-02,3,
ftf,Ancestral Trident Set,,2026-09-02,9,
ftf,Bleak Ink Set,,2026-09-02,3,
ftf,Blue Star Wrap Set,,2026-09-02,0,
ftf,Stratis Set,,2026-09-02,0,
ftf,Choco Dip Set,,2026-09-02,7,
ftf,Flesh Set,,2026-09-02,2,
ftf,Bloodline Bat Set,,2026-09-02,1,
ftf,Starborne Reverie Set,,2026-09-02,1,
ftf,Cranberry Barrel Set,,2026-09-02,0,
ftf,Cookies N’ Milk Set,,2026-09-02,0,
ftf,Music Sheet Set,,2026-09-02,1,
ftf,Flamingo Car Set,,2026-09-02,16,
ftf,Candy Corn Set,,2026-09-02,1,
ftf,Circus Cage Set,,2026-09-02,3,
ftf,Owl Tree Set,,2026-09-02,5,
ftf,Porcelain Set,,2026-09-02,2,
ftf,Autumn Scarecrow Set,,2026-09-02,2,
ftf,Spooky Brew Set,,2026-09-02,13,
ftf,Icecream Mix Set,,2026-09-02,28,
ftf,Blizzard Set,,2026-09-02,1,
ftf,Fiery Spark,,2026-09-02,0,
ftf,Arts and Crafts Set,,2026-09-02,1,
ftf,Graffiti Set,,2026-09-02,2,
ftf,Acidic Mixture,,2026-09-02,1,
ftf,Water Droplet,,2026-09-02,0,
ftf,Santa’s Letter Set,,2026-09-02,1,
ftf,Dark Mansion Set,,2026-09-02,6,
ftf,Garden Snail Set,,2026-09-02,0,
ftf,Marine Anchor Set,,2026-09-02,6,
ftf,Flamingo Lake Set,,2026-09-02,9,
ftf,Veggie Eater Gopher Set,,2026-09-02,1,
ftf,Midnight Light Set,,2026-09-02,1,
ftf,Fungal Thumper Set,,2026-09-02,2,
ftf,Flamingo,,2026-09-02,1,
ftf,Pink Star Wrap Set,,2026-09-02,0,
ftf,Lilium Bush Set,,2026-09-02,2,
ftf,Acidic Potions Set,,2026-09-02,2,
ftf,Bubbly Gun Set,,2026-09-02,30,
ftf,Book of Fortunes Set,,2026-09-02,9,
ftf,Lovesick Bow Set,,2026-09-02,18,
ftf,Fall Harvester Set,,2026-09-02,2,
ftf,Blueberry Jam Basket Set,,2026-09-02,2,
ftf,Lily of The Valley Set,,2026-09-02,24,
ftf,Sand Castle Set,,2026-09-02,1,
ftf,Sunset Beach Set,,2026-09-02,1,
ftf,Camera Set,,2026-09-02,1,
ftf,Cursed Voodoo Set,,2026-09-02,1,
ftf,Cuddly Bunny Set,,2026-09-02,5,
ftf,Cherry Blossom Tree Set,,2026-09-02,16,
ftf,Gothic Bouquet Set,,2026-09-02,26,
ftf,Lunar Witch Broom Set,,2026-09-02,2,
ftf,Gumball Machine Set,,2026-09-02,1,
ftf,Grilled Skewers Set,,2026-09-02,5,
ftf,J*b Application Set,,2026-09-02,2,
ftf,Sprinkles Set,,2026-09-02,1,
ftf,Bleeding Heart Set,,2026-09-02,7,
ftf,Unicorn Starlight Set,,2026-09-02,2,
ftf,Phosphor Jellyfish Set,,2026-09-02,11,
ftf,Water Gun Set,,2026-09-02,2,
ftf,Permafrost Axe Set,,2026-09-02,3,
ftf,Movie Reel Set,,2026-09-02,2,
ftf,Grape Barrel Set,,2026-09-02,2,
ftf,Strawberry Garden Set,,2026-09-02,4,
ftf,Bubbly Wand Set,,2026-09-02,22,
ftf,Pegasus Blade Set,,2026-09-02,31,
ftf,Snowboarder Penguin Set,,2026-09-02,2,
ftf,Starry Sky Set,,2026-09-02,0,
ftf,Ice Sleigh Set,,2026-09-02,3,
ftf,Hollow Scythe Set,,2026-09-02,7,
ftf,Psycho’s Chainsaw Set,,2026-09-02,8,
ftf,Bottled Mariner Set,,2026-09-02,16,
ftf,Duck Bike Set,,2026-09-02,19,
ftf,Sweethearts Store Set,,2026-09-02,7,
ftf,Hot Cocoa Set,,2026-09-02,0,
ftf,Vintage TV Set,,2026-09-02,4,
ftf,Santa's Reindeer Set,,2026-09-02,2,
ftf,Year of the Horse Set,,2026-09-02,4,
ftf,Cherry Blossom,,2026-09-02,1,
ftf,Shroomy Smasher Set,,2026-09-02,3,
ftf,Pristine Chocolatery Set,,2026-09-02,3,
ftf,4th Anniversary Set,,2026-09-02,2,
ftf,Dave Pumpkins Set,,2026-09-02,1,
ftf,Ancient Portal Set,,2026-09-02,3,
ftf,Lunar Scepter Set,,2026-09-02,2,
ftf,Chilly Sweet's Vend Set,,2026-09-02,10,
ftf,Flourished Fountain Set,,2026-09-02,2,
ftf,Fudge Bunny Set,,2026-09-02,2,
ftf,Santa Chimney Set,,2026-09-02,4,
ftf,Party Balloons Set,,2026-09-02,24,
ftf,Veridian Cactus Set,,2026-09-02,13,
ftf,Yin & Yang Set,,2026-09-02,6,
ftf,Jellybean Cake Set,,2026-09-02,0,
ftf,Portrait Wall Set,,2026-09-02,2,
ftf,Cursed Painting Set,,2026-09-02,2,
ftf,Antique Piano Set,,2026-09-02,8,
ftf,Dayflower Set,,2026-09-02,1,
ftf,Summer Plaid Set,,2026-09-02,2,
ftf,Nightbloom Set,,2026-09-02,3,
ftf,Roasted Turkey Set,,2026-09-02,2,
ftf,Bubble Bottle,,2026-09-02,1,
ftf,Cursed Circus Tent Set,,2026-09-02,3,
ftf,Duck,,2026-09-02,2,
ftf,Autumn Tent Set,,2026-09-02,3,
ftf,Ice Cream Pot Set,,2026-09-02,5,
ftf,Festive Candelabra Set,,2026-09-02,2,
ftf,Jello Dessert Set,,2026-09-02,1,
ftf,Crystal Ball,,2026-09-02,1,
ftf,2023 Set,,2026-09-02,1,
ftf,Caramel Roll Set,,2026-09-02,3,
ftf,Orange Mocktail Set,,2026-09-02,2,
ftf,Love Potion,,2026-09-02,1,
ftf,Strawberry Moo Plushie Set,,2026-09-02,5,
ftf,Beast Cola,,2026-09-02,1,
ftf,Psycho’s Axe,,2026-09-02,1,
ftf,Moonlit Butterflies Set,,2026-09-02,2,
ftf,Piñata Set,,2026-09-02,3,
ftf,Jade Statue Set,,2026-09-02,6,
ftf,Spraying Can Set,,2026-09-02,9,
ftf,Woodland Staff Set,,2026-09-02,11,
ftf,Psycho’s Chainsaw,,2026-09-02,2,
ftf,Cozy Cocoa Set,,2026-09-02,2,
ftf,Devilish Candle Set,,2026-09-02,14,
ftf,Mystical Trident Set,,2026-09-02,10,
ftf,Psycho’s Axe Set,,2026-09-02,0,
ftf,Leprechaun Boot Set,,2026-09-02,3,
ftf,Snowman Set,,2026-09-02,2,
ftf,Dark Bone Crusher Set,,2026-09-02,5,
ftf,Magical Voodoo Set,,2026-09-02,0,
ftf,Poinsettia,,2026-09-02,0,
ftf,Blood Droplet,,2026-09-02,0,
ftf,Cheese,,2026-09-02,1,
ftf,Popsicle Set,,2026-09-02,2,
ftf,Ancient Trident Set,,2026-09-02,11,
ftf,Seashore Shells Set,,2026-09-02,1,
ftf,Night Snail Set,,2026-09-02,1,
ftf,Twilight Shell,,2026-09-02,1,
ftf,Chromatic Phoenix Set,,2026-09-02,4,
ftf,Lemonade Jar Set,,2026-09-02,2,
ftf,Moon Staff Set,,2026-09-02,8,
ftf,Haunted Circus Tent Set,,2026-09-02,2,
ftf,Sour Snowcone Set,,2026-09-02,1,
ftf,Ghost Set,,2026-09-02,5,
ftf,Jade Viper Set,,2026-09-02,3,
ftf,Analog Horror,analog-horror,2026-09-03,2,
ftf,Autumn Crops,autumn-crops,2026-09-03,1,
ftf,Barn,barn,2026-09-03,1,
ftf,BBQ Grill,bbq-grill,2026-09-03,2,
ftf,Bitter Lemonade Basket,bitter-lemonade-basket,2026-09-03,1,
ftf,Blizzard,blizzard,2026-09-03,0,
ftf,Blue Nutcracker,blue-nutcracker,2026-09-03,2,
ftf,Candy Corn,candy-corn,2026-09-03,3,
ftf,Celestial Witch Broom,celestial-witch-broom,2026-09-03,2,
ftf,Chromatic Phoenix,chromatic-phoenix,2026-09-03,1,
ftf,Clown,clown,2026-09-03,1,
ftf,Cornucopia,cornucopia,2026-09-03,1,
ftf,Cozy Cocoa,cozy-cocoa,2026-09-03,1,
ftf,Festive Fruitcake,festive-fruitcake,2026-09-03,1,
ftf,Fish Tank,fish-tank,2026-09-03,3,
ftf,Flamingo Lake,flamingo-lake,2026-09-03,2,
ftf,Friendly Ghosts,friendly-ghosts,2026-09-03,1,
ftf,Fudge Bunny,fudge-bunny,2026-09-03,1,
ftf,Ghost,ghost,2026-09-03,3,
ftf,Gothic Bouquet,gothic-bouquet,2026-09-03,1,
ftf,Gumball Machine,gumball-machine,2026-09-03,1,
ftf,Haunted Circus Tent,haunted-circus-tent,2026-09-03,1,
ftf,Igloo,igloo,2026-09-03,2,
ftf,Jello Dessert,jello-dessert,2026-09-03,2,
ftf,Jingle Bells,jingle-bells,2026-09-03,3,
ftf,Lil' Tree,lil-tree,2026-09-03,1,
ftf,Lily of The Valley,lily-of-the-valley,2026-09-03,3,
ftf,Malicious Treat,malicious-treat,2026-09-03,1,
ftf,Midnight Light,midnight-light,2026-09-03,1,
ftf,Nightbloom,nightbloom,2026-09-03,1,
ftf,Owl Tree,owl-tree,2026-09-03,1,
ftf,Paint Canvas,paint-canvas,2026-09-03,1,
ftf,Painting Roll,painting-roll,2026-09-03,1,
ftf,Party Balloons,party-balloons,2026-09-03,3,
ftf,Phosphor Jellyfish,phosphor-jellyfish,2026-09-03,2,
ftf,Piñata,pi-ata,2026-09-03,2,
ftf,Polar Bear Present,polar-bear-present,2026-09-03,2,
ftf,Rudolph's Nose,rudolphs-nose,2026-09-03,2,
ftf,Secret Santa,secret-santa,2026-09-03,1,
ftf,Snowboarder Penguin,snowboarder-penguin,2026-09-03,4,
ftf,Sour Snowcone,sour-snowcone,2026-09-03,1,
ftf,Starborne Reverie,starborne-reverie,2026-09-03,2,
ftf,Strawberry Garden,strawberry-garden,2026-09-03,0,
ftf,Summer Pattern,summer-pattern,2026-09-03,3,
ftf,Sunlit Butterflies,sunlit-butterflies,2026-09-03,1,
ftf,Sweethearts Store,sweethearts-store,2026-09-03,2,
ftf,Unchained Beast,unchained-beast,2026-09-03,1,
ftf,Velvet Webs,velvet-webs,2026-09-03,1,
ftf,Watering Can,watering-can,2026-09-03,1,
ftf,Yin & Yang,yin-yang,2026-09-03,2,
ftf,Zombie Brain Jar,zombie-brain-jar,2026-09-03,1,
ftf,Zombie Hand,zombie-hand,2026-09-03,1,
ftf,Flamingo Lake Set,,2026-09-03,7,
ftf,Radiant Shell,,2026-09-03,2,
ftf,Marine Anchor Set,,2026-09-03,4,
ftf,Bamboo Set,,2026-09-03,2,
ftf,Dark Mansion Set,,2026-09-03,2,
ftf,Magical Portal Set,,2026-09-03,1,
ftf,Winter Breeze Set,,2026-09-03,3,
ftf,Festive Fruitcake Set,,2026-09-03,4,
ftf,Autumn Scarecrow Set,,2026-09-03,3,
ftf,Pumpkin Slice Set,,2026-09-03,18,
ftf,Crystal Ball,,2026-09-03,0,
ftf,Autumn Tent Set,,2026-09-03,4,
ftf,Graffiti Set,,2026-09-03,1,
ftf,Twisted Passion Set,,2026-09-03,4,
ftf,Caramel Roll Set,,2026-09-03,2,
ftf,Twilight Shell,,2026-09-03,2,
ftf,Icecream Mix Set,,2026-09-03,32,
ftf,Spooky Brew Set,,2026-09-03,11,
ftf,Chromatic Phoenix Set,,2026-09-03,11,
ftf,Ruby Chest Set,,2026-09-03,2,
ftf,Strawberry Moo Plushie Set,,2026-09-03,2,
ftf,Porcelain Set,,2026-09-03,1,
ftf,Circus Cage Set,,2026-09-03,4,
ftf,Candy Corn Set,,2026-09-03,2,
ftf,Flamingo Car Set,,2026-09-03,13,
ftf,Greenhouse Set,,2026-09-03,8,
ftf,Fish Tank Set,,2026-09-03,4,
ftf,Gingerbread House Set,,2026-09-03,1,
ftf,Pink Star Wrap Set,,2026-09-03,1,
ftf,Woodland Staff Set,,2026-09-03,13,
ftf,Phosphor Fish,,2026-09-03,2,
ftf,Coffin Set,,2026-09-03,1,
ftf,Snowman Set,,2026-09-03,1,
ftf,North Star,,2026-09-03,0,
ftf,Piñata Set,,2026-09-03,6,
ftf,Hot Pink,,2026-09-03,1,
ftf,Leprechaun Boot Set,,2026-09-03,1,
ftf,Glacial Turbine,,2026-09-03,1,
ftf,Cranberry Barrel Set,,2026-09-03,2,
ftf,Jade Statue Set,,2026-09-03,7,
ftf,Sweet Snowcone Set,,2026-09-03,0,
ftf,Summer Sun,,2026-09-03,1,
ftf,Spraying Can Set,,2026-09-03,7,
ftf,5th Anniversary Set,,2026-09-03,1,
ftf,Starborne Reverie Set,,2026-09-03,2,
ftf,Bloodline Bat Set,,2026-09-03,2,
ftf,Enchanted Circus Tent Set,,2026-09-03,4,
ftf,Lonely Heart Set,,2026-09-03,10,
ftf,Frosted Frequency Set,,2026-09-03,1,
ftf,Tropical Drink Set,,2026-09-03,3,
ftf,Easter Basket Set,,2026-09-03,2,
ftf,Moon Staff Set,,2026-09-03,7,
ftf,Cozy Cocoa Set,,2026-09-03,5,
ftf,Choco Dip Set,,2026-09-03,13,
ftf,Leprechaun Hat,,2026-09-03,1,
ftf,Firefly Jar,,2026-09-03,2,
ftf,Hot Miami,,2026-09-03,1,
ftf,Bleak Ink Set,,2026-09-03,6,
ftf,Devilish Candle Set,,2026-09-03,23,
ftf,Deathberry Pie Set,,2026-09-03,0,
ftf,Strawberry Jelly Basket Set,,2026-09-03,4,
ftf,S'mores,,2026-09-03,1,
ftf,Clown Set,,2026-09-03,1,
ftf,Shroomy Smasher Set,,2026-09-03,2,
ftf,BBQ Grill Set,,2026-09-03,9,
ftf,Lovely Heart Set,,2026-09-03,2,
ftf,Painting Bucket,,2026-09-03,2,
ftf,Halloween Night Set,,2026-09-03,2,
ftf,Mystical Trident Set,,2026-09-03,5,
ftf,Psycho’s Axe Set,,2026-09-03,1,
ftf,Fairy Tale Book Set,,2026-09-03,7,
ftf,Sakura Set,,2026-09-03,13,
ftf,Fiery Phoenix Set,,2026-09-03,5,
ftf,Deathberry,,2026-09-03,2,
ftf,Fall Wheelbarrow Set,,2026-09-03,1,
ftf,Honey Hive Tree Set,,2026-09-03,5,
ftf,Winter Swirl Set,,2026-09-03,1,
ftf,2022 Set,,2026-09-03,2,
ftf,Coconut Set,,2026-09-03,3,
ftf,Owl Tree Set,,2026-09-03,2,
ftf,Light Bone Crusher Set,,2026-09-03,3,
ftf,Permafrost Axe Set,,2026-09-03,4,
ftf,Water Gun Set,,2026-09-03,4,
ftf,Fudge Bunny Set,,2026-09-03,3,
ftf,Sweethearts Store Set,,2026-09-03,9,
ftf,Ancient Trident Set,,2026-09-03,8,
ftf,Veridian Cactus Set,,2026-09-03,10,
ftf,Unicorn Starlight Set,,2026-09-03,3,
ftf,Stellar Saucer,,2026-09-03,1,
ftf,Bleeding Heart Set,,2026-09-03,6,
ftf,Malicious Treat Set,,2026-09-03,3,
ftf,Grapes,,2026-09-03,1,
ftf,Gothic Bouquet Set,,2026-09-03,31,
ftf,Merry Music Box Set,,2026-09-03,5,
ftf,Jellybean Cake Set,,2026-09-03,1,
ftf,Grilled Skewers Set,,2026-09-03,4,
ftf,Queen of Hearts Set,,2026-09-03,1,
ftf,Lunar Scepter Set,,2026-09-03,5,
ftf,Spiteful Treat Set,,2026-09-03,1,
ftf,Lunar Witch Broom Set,,2026-09-03,4,
ftf,Gumball Machine Set,,2026-09-03,4,
ftf,Antique Piano Set,,2026-09-03,6,
ftf,Celestial Witch Broom Set,,2026-09-03,2,
ftf,7th Anniversary Set,,2026-09-03,1,
ftf,Lovesick Bow Set,,2026-09-03,25,
ftf,Jello Dessert Set,,2026-09-03,2,
ftf,Frost Shard,,2026-09-03,2,
ftf,Cuddly Bunny Set,,2026-09-03,1,
ftf,Dayflower Set,,2026-09-03,3,
ftf,Nightbloom Set,,2026-09-03,6,
ftf,Lily of The Valley Set,,2026-09-03,20,
ftf,Sour Snowcone Set,,2026-09-03,6,
ftf,Roasted Turkey Set,,2026-09-03,4,
ftf,Warlock Hunter Set,,2026-09-03,6,
ftf,Sunlit Butterflies Set,,2026-09-03,0,
ftf,Fall Harvester Set,,2026-09-03,1,
ftf,Book of Fortunes Set,,2026-09-03,5,
ftf,Zombie Hand Set,,2026-09-03,0,
ftf,Cursed Circus Tent Set,,2026-09-03,4,
ftf,Blue Nutcracker Set,,2026-09-03,3,
ftf,Lilium Bush Set,,2026-09-03,0,
ftf,Strawberry Garden Set,,2026-09-03,5,
ftf,Pharaoh Sarcophagus Set,,2026-09-03,2,
ftf,Fungal Thumper Set,,2026-09-03,3,
ftf,Midnight Light Set,,2026-09-03,3,
ftf,Bubbly Gun Set,,2026-09-03,31,
ftf,Bottled Mariner Set,,2026-09-03,13,
ftf,Lion Dance Set,,2026-09-03,2,
ftf,Veggie Eater Gopher Set,,2026-09-03,2,
ftf,Nuclear Waste Set,,2026-09-03,1,
ftf,Forbidden Fortress Set,,2026-09-03,1,
ftf,Classic Set,,2026-09-03,11,
ftf,Phosphor Jellyfish Set,,2026-09-03,16,
ftf,Toasted Marshmallow Set,,2026-09-03,0,
ftf,Alchemist Hunter Set,,2026-09-03,4,
ftf,Pearl Piercer Set,,2026-09-03,15,
ftf,Yin & Yang Set,,2026-09-03,2,
ftf,Tombstone Bash Set,,2026-09-03,2,
ftf,Princess Palace Set,,2026-09-03,1,
ftf,Coastal Lighthouse Set,,2026-09-03,2,
ftf,Painting Roll Set,,2026-09-03,6,
ftf,Magical Voodoo Set,,2026-09-03,2,
ftf,Bitter Lemonade Basket Set,,2026-09-03,4,
ftf,Lemonade Jar Set,,2026-09-03,3,
ftf,Unchained Beast Set,,2026-09-03,5,
ftf,Fireflies Set,,2026-09-03,2,
ftf,Batwing Basher Set,,2026-09-03,15,
ftf,Paranormal Hot Balloon Set,,2026-09-03,3,
ftf,Lime Slice,,2026-09-03,1,
ftf,Rubber Ducky,,2026-09-03,1,
ftf,Beast Plushie Set,,2026-09-03,0,
ftf,Blade of Thorns Set,,2026-09-03,2,
ftf,Krampus Chimney Set,,2026-09-03,1,
ftf,Beach Boat Set,,2026-09-03,4,
ftf,Cash Set,,2026-09-03,2,
ftf,Autumn Lamp Set,,2026-09-03,1,
ftf,Santa's Sleigh Set,,2026-09-03,1,
ftf,Elf Box Set,,2026-09-03,1,
ftf,Gamelan Panggul Set,,2026-09-03,4,
ftf,Pot O' Gold Set,,2026-09-03,2,
ftf,Solar Witch Broom Set,,2026-09-03,2,
ftf,Ginger Cookies Set,,2026-09-03,1,
ftf,Autumn Crops Set,,2026-09-03,3,
ftf,Zombie Bone,,2026-09-03,0,
ftf,Watermelon Set,,2026-09-03,3,
ftf,Vintage TV Set,,2026-09-03,3,
ftf,Strawberry,,2026-09-03,0,
ftf,Hot Cocoa Set,,2026-09-03,1,
ftf,Ragebringer Set,,2026-09-03,2,
ftf,Acidic Potions Set,,2026-09-03,4,
ftf,Ice Cream Pot Set,,2026-09-03,7,
ftf,Duck Bike Set,,2026-09-03,20,
ftf,Ancient Portal Set,,2026-09-03,4,
ftf,Cursed Painting Set,,2026-09-03,1,
ftf,Psycho’s Chainsaw Set,,2026-09-03,16,
ftf,Pharaoh Chalice,,2026-09-03,1,
ftf,VIP,,2026-09-03,1,
ftf,Spookpumpkin Pie Set,,2026-09-03,1,
ftf,Haunted Circus Tent Set,,2026-09-03,3,
ftf,Chilly Sweet's Vend Set,,2026-09-03,6,
ftf,Hollow Scythe Set,,2026-09-03,10,
ftf,Ice Sleigh Set,,2026-09-03,1,
ftf,Ghost Set,,2026-09-03,2,
ftf,Sand Castle Set,,2026-09-03,3,
ftf,Snowboarder Penguin Set,,2026-09-03,1,
ftf,Eye of Blizzaria Set,,2026-09-03,0,
ftf,Grape Barrel Set,,2026-09-03,3,
ftf,Santa Chimney Set,,2026-09-03,3,
ftf,Peppermint Set,,2026-09-03,3,
ftf,Festive Pinecone Set,,2026-09-03,3,
ftf,Bloodthirst Axe Set,,2026-09-03,4,
ftf,Vanillaberry Cake Set,,2026-09-03,4,
ftf,Ube Roll Set,,2026-09-03,4,
ftf,Paint Canvas Set,,2026-09-03,3,
ftf,Jade Viper Set,,2026-09-03,1,
ftf,Energetic Poison Set,,2026-09-03,1,
ftf,Year of the Horse Set,,2026-09-03,2,
ftf,Grandfather Clock Set,,2026-09-03,1,
ftf,Dark Bone Crusher Set,,2026-09-03,6,
ftf,Golden Firework Set,,2026-09-03,2,
ftf,Lucky Top Hat Set,,2026-09-03,2,
ftf,Soulless Theater Set,,2026-09-03,10,
ftf,Sakura Parasol Set,,2026-09-03,38,
ftf,Bomb Bash Set,,2026-09-03,1,
ftf,Devilborn Set,,2026-09-03,7,
ftf,3rd Anniversary,3rd-anniversary,2026-09-04,3,
ftf,Analog Horror,analog-horror,2026-09-04,1,
ftf,Aurora,aurora,2026-09-04,2,
ftf,Autumn Crops,autumn-crops,2026-09-04,2,
ftf,BBQ Grill,bbq-grill,2026-09-04,3,
ftf,Blue Star Wrap,blue-star-wrap,2026-09-04,2,
ftf,Book of Fortunes,book-of-fortunes,2026-09-04,3,
ftf,Bubbly Gun,bubbly-gun,2026-09-04,2,
ftf,Candy Cane Jar,candy-cane-jar,2026-09-04,2,
ftf,Candy Corn,candy-corn,2026-09-04,1,
ftf,Celestial Witch Broom,celestial-witch-broom,2026-09-04,3,
ftf,Cherry Pie,cherry-pie,2026-09-04,1,
ftf,Chromatic Phoenix,chromatic-phoenix,2026-09-04,2,
ftf,Classic,classic,2026-09-04,2,
ftf,Cold Star,cold-star,2026-09-04,1,
ftf,Cotton Candy,cotton-candy,2026-09-04,1,
ftf,Cozy Cocoa,cozy-cocoa,2026-09-04,2,
ftf,Cursed Voodoo,cursed-voodoo,2026-09-04,3,
ftf,Duck Bike,duck-bike,2026-09-04,3,
ftf,Festive Fruitcake,festive-fruitcake,2026-09-04,3,
ftf,Festive Pinecone,festive-pinecone,2026-09-04,2,
ftf,Festive Train,festive-train,2026-09-04,2,
ftf,Fish Tank,fish-tank,2026-09-04,4,
ftf,Frostbite,frostbite,2026-09-04,1,
ftf,Galaxy Clouds,galaxy-clouds,2026-09-04,2,
ftf,Ghost,ghost,2026-09-04,1,
ftf,Green Knitted,green-knitted,2026-09-04,0,
ftf,Haunted Circus Tent,haunted-circus-tent,2026-09-04,2,
ftf,Icecream Mix,icecream-mix,2026-09-04,1,
ftf,Jade Statue,jade-statue,2026-09-04,1,
ftf,Leaves N' Acorns,leaves-n-acorns,2026-09-04,1,
ftf,Leprechaun Boot,leprechaun-boot,2026-09-04,2,
ftf,Lil' Tree,lil-tree,2026-09-04,4,
ftf,Lovesick Bow,lovesick-bow,2026-09-04,2,
ftf,Midnight Sky,midnight-sky,2026-09-04,0,
ftf,Moon Staff,moon-staff,2026-09-04,3,
ftf,Nightbloom,nightbloom,2026-09-04,2,
ftf,Nightmare Coal,nightmare-coal,2026-09-04,1,
ftf,Owl Tree,owl-tree,2026-09-04,2,
ftf,Party Balloons,party-balloons,2026-09-04,1,
ftf,Piñata,pi-ata,2026-09-04,1,
ftf,Polar Bear Present,polar-bear-present,2026-09-04,1,
ftf,Princess Palace,princess-palace,2026-09-04,1,
ftf,Sakura Parasol,sakura-parasol,2026-09-04,2,
ftf,Snow Globe,snow-globe,2026-09-04,2,
ftf,Snowman Box,snowman-box,2026-09-04,1,
ftf,Sour Snowcone,sour-snowcone,2026-09-04,2,
ftf,Spring World,spring-world,2026-09-04,2,
ftf,Strawberry Garden,strawberry-garden,2026-09-04,1,
ftf,Strawberry Jelly Basket,strawberry-jelly-basket,2026-09-04,2,
ftf,Summer Pattern,summer-pattern,2026-09-04,2,
ftf,Sunlit Butterflies,sunlit-butterflies,2026-09-04,3,
ftf,Sweethearts Store,sweethearts-store,2026-09-04,1,
ftf,Tropical Drink,tropical-drink,2026-09-04,1,
ftf,Watering Can,watering-can,2026-09-04,4,
ftf,Woodland Staff,woodland-staff,2026-09-04,1,
ftf,Yeti,yeti,2026-09-04,1,
ftf,Theatrical Spotlight Set,,2026-09-04,7,
ftf,Owl Tree Set,,2026-09-04,4,
ftf,Acidic Potions Set,,2026-09-04,3,
ftf,2021 Set,,2026-09-04,1,
ftf,Bubbly Gun Set,,2026-09-04,34,
ftf,2022 Set,,2026-09-04,3,
ftf,Year of the Horse Set,,2026-09-04,3,
ftf,Batwing Basher Set,,2026-09-04,16,
ftf,Snowboarder Penguin Set,,2026-09-04,3,
ftf,Bubble Bottle,,2026-09-04,2,
ftf,Orange Mocktail Set,,2026-09-04,1,
ftf,Fall Wheelbarrow Set,,2026-09-04,3,
ftf,Fireflies Set,,2026-09-04,1,
ftf,Lemonade Jar Set,,2026-09-04,2,
ftf,2026 Set,,2026-09-04,5,
ftf,Honey Cheesecake Set,,2026-09-04,12,
ftf,Pearl Piercer Set,,2026-09-04,17,
ftf,Friendly Ghosts Set,,2026-09-04,2,
ftf,Toasted Marshmallow Set,,2026-09-04,1,
ftf,Lunar Witch Hat,,2026-09-04,2,
ftf,Reptile Skin Set,,2026-09-04,0,
ftf,Paint Canvas Set,,2026-09-04,4,
ftf,Energetic Poison Set,,2026-09-04,2,
ftf,Storm Surge Set,,2026-09-04,2,
ftf,Spring World Set,,2026-09-04,7,
ftf,Coconut Set,,2026-09-04,2,
ftf,Soulless Theater Set,,2026-09-04,5,
ftf,Sakura Set,,2026-09-04,11,
ftf,Painting Roll Set,,2026-09-04,5,
ftf,Lovely Heart Set,,2026-09-04,4,
ftf,BBQ Grill Set,,2026-09-04,7,
ftf,Gingerbread House Set,,2026-09-04,3,
ftf,Ancestral Trident Set,,2026-09-04,4,
ftf,Choco Dip Set,,2026-09-04,11,
ftf,Frosted Frequency Set,,2026-09-04,4,
ftf,Candy Corn Set,,2026-09-04,1,
ftf,Leprechaun Hat,,2026-09-04,2,
ftf,Bottled Mariner Set,,2026-09-04,9,
ftf,Cranberry Barrel Set,,2026-09-04,3,
ftf,Festive Stocking,,2026-09-04,2,
ftf,Frozen Fortress Set,,2026-09-04,1,
ftf,Gothic Bouquet Set,,2026-09-04,25,
ftf,Data Chip,,2026-09-04,1,
ftf,Lonely Heart Set,,2026-09-04,7,
ftf,Phosphor Fish,,2026-09-04,0,
ftf,Sour Candy Set,,2026-09-04,1,
ftf,Circus Cage Set,,2026-09-04,5,
ftf,8th Anniversary Set,,2026-09-04,3,
ftf,Rudolph,,2026-09-04,1,
ftf,Icecream Mix Set,,2026-09-04,35,
ftf,Bamboo Set,,2026-09-04,1,
ftf,Overseer Set,,2026-09-04,1,
ftf,Autumn Plaid Set,,2026-09-04,1,
ftf,Radiant Shell,,2026-09-04,1,
ftf,Lily of The Valley Set,,2026-09-04,15,
ftf,Midnight Light Set,,2026-09-04,2,
ftf,Zombie Hand Set,,2026-09-04,3,
ftf,1 Billion Set,,2026-09-04,1,
ftf,Blueberry Jam Basket Set,,2026-09-04,4,
ftf,Jello Dessert Set,,2026-09-04,3,
ftf,Cherry Blossom Tree Set,,2026-09-04,21,
ftf,Nuclear Waste Set,,2026-09-04,3,
ftf,Caramel Roll Set,,2026-09-04,0,
ftf,Gumball Machine Set,,2026-09-04,5,
ftf,Bloodthirst Axe Set,,2026-09-04,2,
ftf,J*b Application Set,,2026-09-04,1,
ftf,Bleeding Heart Set,,2026-09-04,8,
ftf,Flourished Fountain Set,,2026-09-04,3,
ftf,Permafrost Axe Set,,2026-09-04,2,
ftf,Bubbly Wand Set,,2026-09-04,17,
ftf,Eye of Blizzaria Set,,2026-09-04,4,
ftf,Sand Castle Set,,2026-09-04,2,
ftf,Ice Sleigh Set,,2026-09-04,2,
ftf,Mycelium Mallet Set,,2026-09-04,2,
ftf,Black Light Madness Set,,2026-09-04,3,
ftf,Duck Bike Set,,2026-09-04,14,
ftf,Ice Cream Pot Set,,2026-09-04,6,
ftf,Shroomy Smasher Set,,2026-09-04,4,
ftf,Santa's Reindeer Set,,2026-09-04,3,
ftf,Pristine Chocolatery Set,,2026-09-04,4,
ftf,Gothic Rose,,2026-09-04,1,
ftf,Ancient Portal Set,,2026-09-04,5,
ftf,Party Balloons Set,,2026-09-04,22,
ftf,Firefly Jar,,2026-09-04,3,
ftf,Summer Plaid Set,,2026-09-04,0,
ftf,Psycho’s Chainsaw Set,,2026-09-04,9,
ftf,Roasted Turkey Set,,2026-09-04,3,
ftf,Fudge Bunny Set,,2026-09-04,5,
ftf,Jade Statue Set,,2026-09-04,6,
ftf,Duck,,2026-09-04,1,
ftf,Jingle Bells Set,,2026-09-04,7,
ftf,Crystal Ball,,2026-09-04,2,
ftf,Festive Candelabra Set,,2026-09-04,1,
ftf,Festive Fruitcake Set,,2026-09-04,3,
ftf,2023 Set,,2026-09-04,2,
ftf,Strawberry Moo Plushie Set,,2026-09-04,3,
ftf,Leprechaun Boot Set,,2026-09-04,4,
ftf,Spraying Can Set,,2026-09-04,4,
ftf,Devilish Candle Set,,2026-09-04,18,
ftf,Santa Boot Set,,2026-09-04,2,
ftf,Pumpkin Slice Set,,2026-09-04,19,
ftf,Honey Hive Tree Set,,2026-09-04,9,
ftf,1337 MLG PRO,,2026-09-04,2,
ftf,Alchemist Hunter Set,,2026-09-04,3,
ftf,Lucky Top Hat Set,,2026-09-04,3,
ftf,Yin & Yang Set,,2026-09-04,1,
ftf,Tropical Drink Set,,2026-09-04,2,
ftf,Ectoplasm Set,,2026-09-04,2,
ftf,Popsicle Set,,2026-09-04,1,
ftf,Pumpkin Jack,,2026-09-04,2,
ftf,Ancient Trident Set,,2026-09-04,6,
ftf,Twilight Shell,,2026-09-04,3,
ftf,Light Bone Crusher Set,,2026-09-04,4,
ftf,Nightbloom Set,,2026-09-04,1,
ftf,Mystical Trident Set,,2026-09-04,8,
ftf,Malicious Treat Set,,2026-09-04,1,
ftf,Fairy Tale Book Set,,2026-09-04,4,
ftf,Easter Basket Set,,2026-09-04,4,
ftf,7th Anniversary Set,,2026-09-04,2,
ftf,Pegasus Blade Set,,2026-09-04,29,
ftf,Warlock Hunter Set,,2026-09-04,4,
ftf,Deathberry Pie Set,,2026-09-04,2,
ftf,Autumn Crops Set,,2026-09-04,5,
ftf,Peppermint Set,,2026-09-04,2,
ftf,Twisted Passion Set,,2026-09-04,5,
ftf,Greenhouse Set,,2026-09-04,2,
ftf,Moon Staff Set,,2026-09-04,8,
ftf,Summer Pattern Set,,2026-09-04,8,
ftf,Dragon Puppet Set,,2026-09-04,4,
ftf,Sour Snowcone Set,,2026-09-04,2,
ftf,Blade of Thorns Set,,2026-09-04,3,
ftf,Stack of Presents Set,,2026-09-04,2,
ftf,Classic Set,,2026-09-04,13,
ftf,Dark Bone Crusher Set,,2026-09-04,11,
ftf,Ube Roll Set,,2026-09-04,1,
ftf,Deathberry,,2026-09-04,1,
ftf,S'mores,,2026-09-04,2,
ftf,Bleak Ink Set,,2026-09-04,5,
ftf,Luxury Projector Set,,2026-09-04,1,
ftf,Cursed Circus Tent Set,,2026-09-04,7,
ftf,Lovesick Bow Set,,2026-09-04,33,
ftf,Antique Piano Set,,2026-09-04,9,
ftf,Lunar Scepter Set,,2026-09-04,2,
ftf,Cotton Candy Set,,2026-09-04,1,
ftf,Veridian Cactus Set,,2026-09-04,6,
ftf,Ghost Set,,2026-09-04,6,
ftf,Solar Witch Broom Set,,2026-09-04,6,
ftf,Moonlit Butterflies Set,,2026-09-04,3,
ftf,Gamelan Panggul Set,,2026-09-04,1,
ftf,Woodland Staff Set,,2026-09-04,8,
ftf,Watermelon Set,,2026-09-04,1,
ftf,Hollow Scythe Set,,2026-09-04,9,
ftf,Psycho’s Axe Set,,2026-09-04,0,
ftf,Water Gun Set,,2026-09-04,3,
ftf,Unicorn Starlight Set,,2026-09-04,2,
ftf,Sprinkles Set,,2026-09-04,0,
ftf,Lunar Witch Broom Set,,2026-09-04,5,
ftf,Cuddly Bunny Set,,2026-09-04,3,
ftf,Celestial Witch Broom Set,,2026-09-04,6,
ftf,Starborne Reverie Set,,2026-09-04,4,
ftf,Fall Harvester Set,,2026-09-04,2,
ftf,Lilium Bush Set,,2026-09-04,1,
ftf,Red Nutcracker Set,,2026-09-04,3,
ftf,Pharaoh Sarcophagus Set,,2026-09-04,5,
ftf,Bubbles,,2026-09-04,5,
ftf,Fungal Thumper Set,,2026-09-04,4,
ftf,Flamingo Lake Set,,2026-09-04,4,
ftf,Marine Anchor Set,,2026-09-04,2,
ftf,Bloodline Bat Set,,2026-09-04,4,
ftf,Winter Breeze Set,,2026-09-04,5,
ftf,Autumn Scarecrow Set,,2026-09-04,2,
ftf,Flamingo Car Set,,2026-09-04,10,
ftf,Fish Tank Set,,2026-09-04,5,
ftf,Sakura Parasol Set,,2026-09-04,42,
ftf,Chromatic Phoenix Set,,2026-09-04,5,
ftf,Flesh Set,,2026-09-04,0,
ftf,Vanillaberry Cake Set,,2026-09-04,3,
ftf,Vanilla Brownie Set,,2026-09-04,1,
ftf,Jollyday Batter Set,,2026-09-04,5,
ftf,Devilborn Set,,2026-09-04,6,
ftf,Coastal Lighthouse Set,,2026-09-04,3,
ftf,VIP Ban Hammer Set,,2026-09-04,4,
ftf,Sunlit Butterflies Set,,2026-09-04,1,
ftf,Grim Galleon Set,,2026-09-04,1,
ftf,Beach Boat Set,,2026-09-04,3,
ftf,Chilly Sweet's Vend Set,,2026-09-04,13,
ftf,Sweethearts Store Set,,2026-09-04,8,
ftf,Snowman Set,,2026-09-04,2,
ftf,Phosphor Jellyfish Set,,2026-09-04,12,
ftf,3rd Anniversary,3rd-anniversary,2026-09-05,1,
ftf,8th Anniversary,8th-anniversary,2026-09-05,1,
ftf,Aurora,aurora,2026-09-05,1,
ftf,Autumn Crops,autumn-crops,2026-09-05,1,
ftf,BBQ Grill,bbq-grill,2026-09-05,1,
ftf,Beach Boat,beach-boat,2026-09-05,1,
ftf,Bewitched,bewitched,2026-09-05,1,
ftf,Bio Core,bio-core,2026-09-05,3,
ftf,Blue Nutcracker,blue-nutcracker,2026-09-05,3,
ftf,Bones,bones,2026-09-05,1,
ftf,Book of Fortunes,book-of-fortunes,2026-09-05,4,
ftf,Candy Cane Jar,candy-cane-jar,2026-09-05,1,
ftf,Celestial Witch Broom,celestial-witch-broom,2026-09-05,1,
ftf,Chromatic Phoenix,chromatic-phoenix,2026-09-05,1,
ftf,Classic,classic,2026-09-05,1,
ftf,Coffin,coffin,2026-09-05,3,
ftf,Corruption,corruption,2026-09-05,3,
ftf,Cozy Cocoa,cozy-cocoa,2026-09-05,1,
ftf,Cursed Voodoo,cursed-voodoo,2026-09-05,1,
ftf,Dayflower,dayflower,2026-09-05,2,
ftf,Enchanted Circus Tent,enchanted-circus-tent,2026-09-05,0,
ftf,Eye of Blizzaria,eye-of-blizzaria,2026-09-05,2,
ftf,Fairy Tale Book,fairy-tale-book,2026-09-05,8,
ftf,Festive Candelabra,festive-candelabra,2026-09-05,2,
ftf,Festive Fruitcake,festive-fruitcake,2026-09-05,2,
ftf,Festive Lights,festive-lights,2026-09-05,1,
ftf,Fish Tank,fish-tank,2026-09-05,3,
ftf,Flamingo Lake,flamingo-lake,2026-09-05,1,
ftf,Frosty's Mallet,frostys-mallet,2026-09-05,2,
ftf,Garden Snail,garden-snail,2026-09-05,1,
ftf,Ghost,ghost,2026-09-05,2,
ftf,Gothic Bouquet,gothic-bouquet,2026-09-05,3,
ftf,Green Knitted,green-knitted,2026-09-05,1,
ftf,Haunted Circus Tent,haunted-circus-tent,2026-09-05,3,
ftf,Heat Core,heat-core,2026-09-05,3,
ftf,Holiday Hotline,holiday-hotline,2026-09-05,1,
ftf,Honey Hive Tree,honey-hive-tree,2026-09-05,2,
ftf,Igloo,igloo,2026-09-05,1,
ftf,Jade Statue,jade-statue,2026-09-05,2,
ftf,Krampus Chimney,krampus-chimney,2026-09-05,2,
ftf,Leprechaun Boot,leprechaun-boot,2026-09-05,1,
ftf,Lil Frosty,lil-frosty,2026-09-05,1,
ftf,Lil' Tree,lil-tree,2026-09-05,2,
ftf,Lily of The Valley,lily-of-the-valley,2026-09-05,1,
ftf,Lime Mocktail,lime-mocktail,2026-09-05,1,
ftf,Midnight Light,midnight-light,2026-09-05,0,
ftf,Midnight Sky,midnight-sky,2026-09-05,1,
ftf,Moonlit Butterflies,moonlit-butterflies,2026-09-05,2,
ftf,Mystical Night,mystical-night,2026-09-05,1,
ftf,Neapolitan,neapolitan,2026-09-05,1,
ftf,Nebula,nebula,2026-09-05,2,
ftf,Nightbloom,nightbloom,2026-09-05,1,
ftf,Peppermint,peppermint,2026-09-05,2,
ftf,Permafrost Axe,permafrost-axe,2026-09-05,2,
ftf,Phosphor Jellyfish,phosphor-jellyfish,2026-09-05,1,
ftf,Plasma Core,plasma-core,2026-09-05,2,
ftf,Popsicle,popsicle,2026-09-05,0,
ftf,Rudolph's Nose,rudolphs-nose,2026-09-05,1,
ftf,Santa Chimney,santa-chimney,2026-09-05,1,
ftf,Shroomy Smasher,shroomy-smasher,2026-09-05,1,
ftf,Snow Globe,snow-globe,2026-09-05,1,
ftf,Snowboarder Penguin,snowboarder-penguin,2026-09-05,2,
ftf,Snowy Night Wrap,snowy-night-wrap,2026-09-05,1,
ftf,Sour Snowcone,sour-snowcone,2026-09-05,1,
ftf,Spiteful Treat,spiteful-treat,2026-09-05,1,
ftf,Spooky Brew,spooky-brew,2026-09-05,1,
ftf,Starborne Reverie,starborne-reverie,2026-09-05,1,
ftf,Starry Sky,starry-sky,2026-09-05,1,
ftf,Summer Pattern,summer-pattern,2026-09-05,1,
ftf,Sunlit Butterflies,sunlit-butterflies,2026-09-05,2,
ftf,Sweet Snowcone,sweet-snowcone,2026-09-05,2,
ftf,Sweethearts Store,sweethearts-store,2026-09-05,2,
ftf,Toasted Marshmallow,toasted-marshmallow,2026-09-05,2,
ftf,Tulips,tulips,2026-09-05,1,
ftf,Underwater Ocean,underwater-ocean,2026-09-05,1,
ftf,Veridian Cactus,veridian-cactus,2026-09-05,0,
ftf,Watering Can,watering-can,2026-09-05,2,
ftf,Winter Sky,winter-sky,2026-09-05,1,
ftf,Yin & Yang,yin-yang,2026-09-05,1,
ftf,Zombie Hand,zombie-hand,2026-09-05,2,
ftf,Lucky Top Hat Set,,2026-09-05,4,
ftf,Winter Wind Set,,2026-09-05,0,
ftf,Alchemist Hunter Set,,2026-09-05,4,
ftf,Dark Bone Crusher Set,,2026-09-05,5,
ftf,Sakura Set,,2026-09-05,9,
ftf,Veggie Eater Gopher Set,,2026-09-05,1,
ftf,Honey Pot,,2026-09-05,1,
ftf,1337 MLG PRO,,2026-09-05,1,
ftf,Pumpkin Pie,,2026-09-05,2,
ftf,Halloween Night Set,,2026-09-05,1,
ftf,Painting Roll Set,,2026-09-05,3,
ftf,Fiery Phoenix Set,,2026-09-05,3,
ftf,BBQ Grill Set,,2026-09-05,5,
ftf,Gingerbread House Set,,2026-09-05,2,
ftf,Clown Set,,2026-09-05,2,
ftf,Galaxy Clouds Set,,2026-09-05,1,
ftf,Blue Star Wrap Set,,2026-09-05,1,
ftf,Candy Corn Set,,2026-09-05,2,
ftf,2022 Set,,2026-09-05,1,
ftf,Year of the Horse Set,,2026-09-05,5,
ftf,Bottled Mariner Set,,2026-09-05,14,
ftf,Leprechaun Hat,,2026-09-05,1,
ftf,Cranberry Barrel Set,,2026-09-05,1,
ftf,Haunted Jester Hat,,2026-09-05,0,
ftf,Haunted Circus Tent Set,,2026-09-05,4,
ftf,Frostbite Set,,2026-09-05,1,
ftf,Lonely Heart Set,,2026-09-05,11,
ftf,Phosphor Fish,,2026-09-05,1,
ftf,Phantom Light Set,,2026-09-05,2,
ftf,Fish Tank Set,,2026-09-05,3,
ftf,Cornucopia Set,,2026-09-05,1,
ftf,Flamingo Car Set,,2026-09-05,15,
ftf,Icecream Mix Set,,2026-09-05,34,
ftf,8th Anniversary Set,,2026-09-05,1,
ftf,Enchanted Circus Tent Set,,2026-09-05,1,
ftf,Soulless Theater Set,,2026-09-05,6,
ftf,Lily of The Valley Set,,2026-09-05,17,
ftf,Water Droplet,,2026-09-05,1,
ftf,Dark Mansion Set,,2026-09-05,0,
ftf,Pumpkin Slice Set,,2026-09-05,15,
ftf,Holiday Espresso,,2026-09-05,0,
ftf,Dark Skull,,2026-09-05,0,
ftf,Ancestral Trident Set,,2026-09-05,7,
ftf,Theatrical Spotlight Set,,2026-09-05,6,
ftf,Cursed Circus Tent Set,,2026-09-05,4,
ftf,Marine Anchor Set,,2026-09-05,5,
ftf,Festive Tree,,2026-09-05,1,
ftf,Magical Dragonfly,,2026-09-05,1,
ftf,S'mores,,2026-09-05,1,
ftf,Bamboo Set,,2026-09-05,2,
ftf,Strawberry Jelly Basket Set,,2026-09-05,6,
ftf,Bubbly Gun Set,,2026-09-05,39,
ftf,Flamingo Lake Set,,2026-09-05,9,
ftf,Midnight Light Set,,2026-09-05,1,
ftf,8 Ball Set,,2026-09-05,1,
ftf,Fungal Thumper Set,,2026-09-05,7,
ftf,Cozy Cocoa Set,,2026-09-05,3,
ftf,Sakura Parasol Set,,2026-09-05,49,
ftf,Sweet Train Set,,2026-09-05,0,
ftf,Bubbles,,2026-09-05,3,
ftf,Luxury Projector Set,,2026-09-05,3,
ftf,Devilish Candle Set,,2026-09-05,36,
ftf,Fairy Tale Book Set,,2026-09-05,2,
ftf,Spraying Can Set,,2026-09-05,2,
ftf,Painting Bucket,,2026-09-05,1,
ftf,Honey Hive Tree Set,,2026-09-05,7,
ftf,Leprechaun Boot Set,,2026-09-05,1,
ftf,Woodland Staff Set,,2026-09-05,11,
ftf,Celestial Witch Broom Set,,2026-09-05,5,
ftf,Pixie Dust,,2026-09-05,1,
ftf,Piñata Set,,2026-09-05,4,
ftf,Winter Train Set,,2026-09-05,0,
ftf,Strawberry Garden Set,,2026-09-05,7,
ftf,Sweethearts Store Set,,2026-09-05,7,
ftf,Scarlet Firework Set,,2026-09-05,2,
ftf,Neapolitan Set,,2026-09-05,1,
ftf,Psycho’s Chainsaw Set,,2026-09-05,8,
ftf,Vampiric Corset Set,,2026-09-05,0,
ftf,Nighty Bat,,2026-09-05,0,
ftf,Book of Fortunes Set,,2026-09-05,2,
ftf,Bloodline Broom,,2026-09-05,1,
ftf,Paint Palette,,2026-09-05,1,
ftf,Strawberry Moo Plushie Set,,2026-09-05,2,
ftf,Fudge Bunny Set,,2026-09-05,1,
ftf,Fall Harvester Set,,2026-09-05,4,
ftf,Frosted Espresso,,2026-09-05,1,
ftf,Jingle Bells Set,,2026-09-05,3,
ftf,Cherry Blossom Tree Set,,2026-09-05,18,
ftf,Jello Dessert Set,,2026-09-05,2,
ftf,Pearl Piercer Set,,2026-09-05,18,
ftf,Festive Candelabra Set,,2026-09-05,0,
ftf,Cuddly Bunny Set,,2026-09-05,5,
ftf,Nuclear Waste Set,,2026-09-05,2,
ftf,Sour Treats Set,,2026-09-05,2,
ftf,Gumball Machine Set,,2026-09-05,2,
ftf,Lunar Witch Broom Set,,2026-09-05,3,
ftf,Bloodthirst Axe Set,,2026-09-05,3,
ftf,Frosted Frequency Set,,2026-09-05,1,
ftf,Bleeding Heart Set,,2026-09-05,5,
ftf,Flourished Fountain Set,,2026-09-05,7,
ftf,Winter Glove,,2026-09-05,1,
ftf,Permafrost Axe Set,,2026-09-05,5,
ftf,Bloodline Bat Set,,2026-09-05,3,
ftf,Eye of Blizzaria Set,,2026-09-05,5,
ftf,Movie Reel Set,,2026-09-05,1,
ftf,Unicorn Starlight Set,,2026-09-05,1,
ftf,Sand Castle Set,,2026-09-05,1,
ftf,Lilium Bush Set,,2026-09-05,2,
ftf,Ice Sleigh Set,,2026-09-05,1,
ftf,Strawberries Set,,2026-09-05,1,
ftf,Sunlit Butterflies Set,,2026-09-05,4,
ftf,Lovely Heart Set,,2026-09-05,3,
ftf,Crystal Ball,,2026-09-05,0,
ftf,Psycho’s Axe Set,,2026-09-05,2,
ftf,Bubbly Wand Set,,2026-09-05,20,
ftf,Choco Dip Set,,2026-09-05,6,
ftf,Black Light Madness Set,,2026-09-05,1,
ftf,Duck Bike Set,,2026-09-05,18,
ftf,Pegasus Blade Set,,2026-09-05,39,
ftf,Ragebringer Set,,2026-09-05,3,
ftf,Santa's Sleigh Set,,2026-09-05,0,
ftf,Deathberry,,2026-09-05,2,
ftf,Ice Cream Pot Set,,2026-09-05,3,
ftf,Jade Statue Set,,2026-09-05,9,
ftf,Chilly Sweet's Vend Set,,2026-09-05,8,
ftf,Watermelon Set,,2026-09-05,2,
ftf,Vintage TV Set,,2026-09-05,4,
ftf,Roasted Turkey Set,,2026-09-05,4,
ftf,Santa's Reindeer Set,,2026-09-05,2,
ftf,Gothic Bouquet Set,,2026-09-05,29,
ftf,Ancient Key,,2026-09-05,1,
ftf,Ancient Portal Set,,2026-09-05,3,
ftf,Yuletide Gift Set,,2026-09-05,0,
ftf,Santa Boot Set,,2026-09-05,1,
ftf,Pot O' Gold Set,,2026-09-05,1,
ftf,Lovesick Bow Set,,2026-09-05,35,
ftf,Pristine Chocolatery Set,,2026-09-05,3,
ftf,Summer Plaid Set,,2026-09-05,1,
ftf,Antique Piano Set,,2026-09-05,5,
ftf,Toasted Marshmallow Set,,2026-09-05,3,
ftf,Autumn Lamp Set,,2026-09-05,2,
ftf,Gamelan Panggul Set,,2026-09-05,4,
ftf,Owl Tree Set,,2026-09-05,1,
ftf,Moonlit Butterflies Set,,2026-09-05,5,
ftf,Solar Witch Broom Set,,2026-09-05,1,
ftf,Witch Hunter Set,,2026-09-05,7,
ftf,Dayflower Set,,2026-09-05,7,
ftf,Santa Chimney Set,,2026-09-05,2,
ftf,Party Balloons Set,,2026-09-05,20,
ftf,Mycelium Mallet Set,,2026-09-05,3,
ftf,Veridian Cactus Set,,2026-09-05,10,
ftf,Ghost Set,,2026-09-05,2,
ftf,Firefly Jar,,2026-09-05,1,
ftf,Chromatic Phoenix Set,,2026-09-05,6,
ftf,Jellybean Cake Set,,2026-09-05,0,
ftf,Lunar Scepter Set,,2026-09-05,5,
ftf,Cotton Candy Set,,2026-09-05,4,
ftf,Shroomy Smasher Set,,2026-09-05,2,
ftf,Nebula Set,,2026-09-05,2,
ftf,Bloodshot,,2026-09-05,0,
ftf,Lime Mocktail Set,,2026-09-05,1,
ftf,Gingerdolph Set,,2026-09-05,2,
ftf,Watering Can Set,,2026-09-05,5,
ftf,Beach Boat Set,,2026-09-05,6,
ftf,Light Ghost,,2026-09-05,1,
ftf,Wild Owl,,2026-09-05,0,
ftf,Paranormal Hot Balloon Set,,2026-09-05,4,
ftf,Moon Staff Set,,2026-09-05,6,
ftf,Twisted Passion Set,,2026-09-05,10,
ftf,Bleak Ink Set,,2026-09-05,4,
ftf,Nightbloom Set,,2026-09-05,5,
ftf,Autumn Tent Set,,2026-09-05,3,
ftf,Malicious Treat Set,,2026-09-05,4,
ftf,7th Anniversary Set,,2026-09-05,1,
ftf,Greenhouse Set,,2026-09-05,4,
ftf,Bitter Lemonade Basket Set,,2026-09-05,6,
ftf,Portrait Wall Set,,2026-09-05,1,
ftf,Cranberries,,2026-09-05,0,
ftf,Cherry Pie Set,,2026-09-05,1,
ftf,Diamond Set,,2026-09-05,1,
ftf,Spring Plaid Set,,2026-09-05,1,
ftf,Megaphone,,2026-09-05,1,
ftf,Lunarfly,,2026-09-05,0,
ftf,Warlock Hunter Set,,2026-09-05,5,
ftf,Barren Broadcast Set,,2026-09-05,2,
ftf,Fortune House Set,,2026-09-05,1,
ftf,Lion Dance Set,,2026-09-05,1,
ftf,Merry Music Box Set,,2026-09-05,4,
ftf,Autumn Crops Set,,2026-09-05,4,
ftf,Mystical Trident Set,,2026-09-05,6,
ftf,Jade Viper Set,,2026-09-05,2,
ftf,OOF,,2026-09-05,1,
ftf,Acidic Potions Set,,2026-09-05,1,
ftf,Lilypads Set,,2026-09-05,1,
ftf,Coastal Lighthouse Set,,2026-09-05,5,
ftf,Light Bone Crusher Set,,2026-09-05,3,
ftf,Snowboarder Penguin Set,,2026-09-05,6,
ftf,Blade of Thorns Set,,2026-09-05,2,
ftf,Chocolate Mint Set,,2026-09-05,1,
ftf,Kraken's Ambush Set,,2026-09-05,5,
ftf,Christmas Lights Set,,2026-09-05,2,
ftf,Princess Palace Set,,2026-09-05,2,
ftf,Spookpumpkin Pie Set,,2026-09-05,0,
ftf,Twilight Shell,,2026-09-05,2,
ftf,2026 Set,,2026-09-05,2,
ftf,Honey Cheesecake Set,,2026-09-05,13,
ftf,Night Snail Set,,2026-09-05,0,
ftf,Frost Shard,,2026-09-05,1,
ftf,Sweet Snowcone Set,,2026-09-05,1,
ftf,5 Billion Set,,2026-09-05,2,
ftf,Lunar Witch Hat,,2026-09-05,1,
ftf,Analog Horror Set,,2026-09-05,1,
ftf,Devilborn Set,,2026-09-05,10,
ftf,Honey Suckle,,2026-09-05,1,
ftf,Gothic Rose,,2026-09-05,2,
ftf,Jollyday Batter Set,,2026-09-05,3,
ftf,Reptile Skin Set,,2026-09-05,1,
ftf,Ancient Trident Set,,2026-09-05,13,
ftf,Paint Canvas Set,,2026-09-05,3,
ftf,Phosphor Fish Gemstone,,2026-09-05,1,
ftf,Fall Wheelbarrow Set,,2026-09-05,6,
ftf,Classic Set,,2026-09-05,11,
ftf,Unchained Beast Set,,2026-09-05,4,
ftf,Tropical Drink Set,,2026-09-05,7,
ftf,Energetic Poison Set,,2026-09-05,1,
ftf,Magical Voodoo Set,,2026-09-05,3,
ftf,Frankenstein's Brain,,2026-09-05,1,
ftf,Redcliff,,2026-09-05,1,
ftf,Black,,2026-09-05,1,
ftf,Grandfather Clock Set,,2026-09-05,2,
ftf,Dragon Puppet Set,,2026-09-05,5,
ftf,Tombstone Bash Set,,2026-09-05,4,
ftf,Candy Cane Jar Set,,2026-09-05,1,
ftf,Blue Nutcracker Set,,2026-09-05,1,
ftf,Festive Pinecone Set,,2026-09-05,1,
ftf,Coconut Set,,2026-09-05,6,
ftf,Mothership Set,,2026-09-05,5,
ftf,Fall Foliage Set,,2026-09-05,1,
ftf,Golden Firework Set,,2026-09-05,1,
ftf,Antique Piano,antique-piano,2026-09-06,2,
ftf,BBQ Grill,bbq-grill,2026-09-06,2,
ftf,Bleak Ink,bleak-ink,2026-09-06,1,
ftf,Blue Nutcracker,blue-nutcracker,2026-09-06,2,
ftf,Blue Star Wrap,blue-star-wrap,2026-09-06,4,
ftf,Book of Fortunes,book-of-fortunes,2026-09-06,5,
ftf,Celestial Witch Broom,celestial-witch-broom,2026-09-06,2,
ftf,Cursed Voodoo,cursed-voodoo,2026-09-06,2,
ftf,Dayflower,dayflower,2026-09-06,1,
ftf,Fish Tank,fish-tank,2026-09-06,2,
ftf,Forbidden Fortress,forbidden-fortress,2026-09-06,0,
ftf,Frosty's Mallet,frostys-mallet,2026-09-06,1,
ftf,Galaxy Clouds,galaxy-clouds,2026-09-06,1,
ftf,Gothic Bouquet,gothic-bouquet,2026-09-06,2,
ftf,Haunted Circus Tent,haunted-circus-tent,2026-09-06,2,
ftf,Jade Statue,jade-statue,2026-09-06,1,
ftf,Magical Voodoo,magical-voodoo,2026-09-06,1,
ftf,Moon Staff,moon-staff,2026-09-06,4,
ftf,Nightmare Shadow,nightmare-shadow,2026-09-06,1,
ftf,Party Balloons,party-balloons,2026-09-06,3,
ftf,Permafrost Axe,permafrost-axe,2026-09-06,1,
ftf,Phosphor Jellyfish,phosphor-jellyfish,2026-09-06,2,
ftf,Polar Bear Present,polar-bear-present,2026-09-06,2,
ftf,Princess Palace,princess-palace,2026-09-06,2,
ftf,Sakura Parasol,sakura-parasol,2026-09-06,3,
ftf,Strawberry Garden,strawberry-garden,2026-09-06,2,
ftf,Watering Can,watering-can,2026-09-06,3,
ftf,Zombie Hand,zombie-hand,2026-09-06,1,
ftf,Pumpkin Slice Set,,2026-09-06,14,
ftf,Book of Fortunes Set,,2026-09-06,1,
ftf,Summer Pattern Set,,2026-09-06,5,
ftf,Gingerdolph Set,,2026-09-06,1,
ftf,Cotton Candy Set,,2026-09-06,5,
ftf,Bloodline Bat Set,,2026-09-06,2,
ftf,Lunar Scepter Set,,2026-09-06,8,
ftf,Moon Staff Set,,2026-09-06,8,
ftf,Paranormal Hot Balloon Set,,2026-09-06,3,
ftf,Snowboarder Penguin Set,,2026-09-06,4,
ftf,Bleak Ink Set,,2026-09-06,6,
ftf,Easter Basket Set,,2026-09-06,5,
ftf,Ghost Set,,2026-09-06,5,
ftf,Mycelium Mallet Set,,2026-09-06,5,
ftf,Spiteful Treat Set,,2026-09-06,2,
ftf,Veridian Cactus Set,,2026-09-06,9,
ftf,Soulless Theater Set,,2026-09-06,7,
ftf,Malicious Treat Set,,2026-09-06,3,
ftf,Party Balloons Set,,2026-09-06,23,
ftf,Greenhouse Set,,2026-09-06,3,
ftf,Devilish Candle Set,,2026-09-06,32,
ftf,Bitter Lemonade Basket Set,,2026-09-06,5,
ftf,Sunlit Butterflies Set,,2026-09-06,3,
ftf,Ruby Chest Set,,2026-09-06,4,
ftf,Witch Hunter Set,,2026-09-06,8,
ftf,Jade Chest Set,,2026-09-06,2,
ftf,Owl Tree Set,,2026-09-06,2,
ftf,Piñata Set,,2026-09-06,5,
ftf,Jade Statue Set,,2026-09-06,7,
ftf,Blade of Thorns Set,,2026-09-06,3,
ftf,Christmas Lights Set,,2026-09-06,1,
ftf,Lemonade Jar Set,,2026-09-06,1,
ftf,Strawberry Jelly Basket Set,,2026-09-06,5,
ftf,Ragebringer Set,,2026-09-06,4,
ftf,Hollow Scythe Set,,2026-09-06,10,
ftf,Pegasus Blade Set,,2026-09-06,40,
ftf,Duck Bike Set,,2026-09-06,15,
ftf,Theatrical Spotlight Set,,2026-09-06,5,
ftf,Sakura Set,,2026-09-06,6,
ftf,Bubbly Wand Set,,2026-09-06,17,
ftf,Tombstone Bash Set,,2026-09-06,2,
ftf,Psycho’s Axe Set,,2026-09-06,4,
ftf,Devilborn Set,,2026-09-06,11,
ftf,Fall Harvester Set,,2026-09-06,2,
ftf,Woodland Staff Set,,2026-09-06,10,
ftf,Paint Canvas Set,,2026-09-06,4,
ftf,Fall Wheelbarrow Set,,2026-09-06,4,
ftf,Classic Set,,2026-09-06,10,
ftf,Grape Barrel Set,,2026-09-06,1,
ftf,Unchained Beast Set,,2026-09-06,3,
ftf,Eye of Blizzaria Set,,2026-09-06,4,
ftf,Lunar Witch Broom Set,,2026-09-06,4,
ftf,Permafrost Axe Set,,2026-09-06,4,
ftf,Energetic Poison Set,,2026-09-06,3,
ftf,Twisted Passion Set,,2026-09-06,9,
ftf,Nightbloom Set,,2026-09-06,7,
ftf,Phosphor Jellyfish Set,,2026-09-06,16,
ftf,Bleeding Heart Set,,2026-09-06,6,
ftf,Festive Pinecone Set,,2026-09-06,2,
ftf,Frosted Frequency Set,,2026-09-06,2,
ftf,Coconut Set,,2026-09-06,3,
ftf,Joyful Mailbox Set,,2026-09-06,0,
ftf,Dark Bone Crusher Set,,2026-09-06,2,
ftf,Alchemist Hunter Set,,2026-09-06,6,
ftf,Gumball Machine Set,,2026-09-06,3,
ftf,Ube Roll Set,,2026-09-06,2,
ftf,Sour Treats Set,,2026-09-06,1,
ftf,Sakura Parasol Set,,2026-09-06,54,
ftf,Gingerbread House Set,,2026-09-06,1,
ftf,Flourished Fountain Set,,2026-09-06,6,
ftf,Bottled Mariner Set,,2026-09-06,12,
ftf,Jello Dessert Set,,2026-09-06,1,
ftf,Vanillaberry Cake Set,,2026-09-06,4,
ftf,Cherry Blossom Tree Set,,2026-09-06,25,
ftf,Light Bone Crusher Set,,2026-09-06,2,
ftf,Year of the Horse Set,,2026-09-06,4,
ftf,Blueberry Jam Basket Set,,2026-09-06,3,
ftf,Jingle Bells Set,,2026-09-06,4,
ftf,Strawberry Moo Plushie Set,,2026-09-06,3,
ftf,Coffin Set,,2026-09-06,2,
ftf,Cranberry Barrel Set,,2026-09-06,2,
ftf,Lilium Bush Set,,2026-09-06,3,
ftf,Psycho’s Chainsaw Set,,2026-09-06,7,
ftf,Phosphor Fish,,2026-09-06,2,
ftf,Zombie Hand Set,,2026-09-06,2,
ftf,Strawberry Milk,,2026-09-06,1,
ftf,Icecream Mix Set,,2026-09-06,32,
ftf,Phantom Light Set,,2026-09-06,6,
ftf,Sweethearts Store Set,,2026-09-06,8,
ftf,Antique Piano Set,,2026-09-06,9,
ftf,Celestial Witch Broom Set,,2026-09-06,4,
ftf,Fruit Punch Set,,2026-09-06,1,
ftf,Batwing Basher Set,,2026-09-06,12,
ftf,Pharaoh Sarcophagus Set,,2026-09-06,3,
ftf,Flamingo Car Set,,2026-09-06,12,
ftf,Fish Tank Set,,2026-09-06,4,
ftf,Circus Cage Set,,2026-09-06,4,
ftf,Fungal Thumper Set,,2026-09-06,5,
ftf,Autumn Scarecrow Set,,2026-09-06,3,
ftf,Bubbly Gun Set,,2026-09-06,33,
ftf,Chromatic Phoenix Set,,2026-09-06,7,
ftf,Flamingo Lake Set,,2026-09-06,5,
ftf,Lily of The Valley Set,,2026-09-06,18,
ftf,Ancient Trident Set,,2026-09-06,14,
ftf,Choco Dip Set,,2026-09-06,5,
ftf,Haunted Circus Tent Set,,2026-09-06,3,
ftf,Dark Mansion Set,,2026-09-06,2,
ftf,Cursed Circus Tent Set,,2026-09-06,5,
ftf,Ancestral Trident Set,,2026-09-06,9,
ftf,Winter Breeze Set,,2026-09-06,4,
ftf,Gamelan Panggul Set,,2026-09-06,5,
ftf,Warlock Hunter Set,,2026-09-06,6,
ftf,Snowman Set,,2026-09-06,1,
ftf,Barren Broadcast Set,,2026-09-06,1,
ftf,Autumn Lamp Set,,2026-09-06,3,
ftf,5 Billion Set,,2026-09-06,1,
ftf,Peppermint Set,,2026-09-06,1,
ftf,Irish Harp Set,,2026-09-06,1,
ftf,Lovesick Bow Set,,2026-09-06,31,
ftf,Deathberry Pie Set,,2026-09-06,1,
ftf,Mystical Trident Set,,2026-09-06,10,
ftf,Cherry Blossom,,2026-09-06,2,
ftf,Holiday Hotline Set,,2026-09-06,2,
ftf,Spooky Brew Set,,2026-09-06,12,
ftf,VIP Ban Hammer Set,,2026-09-06,3,
ftf,Dragon Puppet Set,,2026-09-06,7,
ftf,2022,2022,2026-09-07,1,0
ftf,2026,2026,2026-09-07,2,0
ftf,3rd Anniversary,3rd-anniversary,2026-09-07,2,
ftf,5 Billion,5-billion,2026-09-07,3,0
ftf,7th Anniversary,7th-anniversary,2026-09-07,1,0
ftf,8th Anniversary,8th-anniversary,2026-09-07,2,0
ftf,Acidic Potions,acidic-potions,2026-09-07,1,1
ftf,Alchemist Hunter,alchemist-hunter,2026-09-07,6,1
ftf,Analog Horror,analog-horror,2026-09-07,1,1
ftf,Ancestral Trident,ancestral-trident,2026-09-07,8,0
ftf,Ancient Portal,ancient-portal,2026-09-07,3,0
ftf,Ancient Trident,ancient-trident,2026-09-07,7,0
ftf,Antique Piano,antique-piano,2026-09-07,8,6
ftf,Arts and Crafts,arts-and-crafts,2026-09-07,2,
ftf,Aurora,aurora,2026-09-07,2,0
ftf,Aurora Abolisher,aurora-abolisher,2026-09-07,3,0
ftf,Autumn Crops,autumn-crops,2026-09-07,6,0
ftf,Autumn Lamp,autumn-lamp,2026-09-07,1,0
ftf,Autumn Scarecrow,autumn-scarecrow,2026-09-07,1,0
ftf,Autumn Tent,autumn-tent,2026-09-07,3,0
ftf,Backrooms,backrooms,2026-09-07,0,1
ftf,Bamboo,bamboo,2026-09-07,2,0
ftf,Barren Broadcast,barren-broadcast,2026-09-07,2,0
ftf,Batwing Basher,batwing-basher,2026-09-07,7,3
ftf,BBQ Grill,bbq-grill,2026-09-07,5,0
ftf,Beach Boat,beach-boat,2026-09-07,6,0
ftf,Bio Core,bio-core,2026-09-07,1,
ftf,Bitter Lemonade Basket,bitter-lemonade-basket,2026-09-07,5,0
ftf,Black Cat,black-cat,2026-09-07,0,1
ftf,Black Light Madness,black-light-madness,2026-09-07,1,0
ftf,Blade of Thorns,blade-of-thorns,2026-09-07,2,0
ftf,Bleak Ink,bleak-ink,2026-09-07,5,3
ftf,Bleeding Heart,bleeding-heart,2026-09-07,6,1
ftf,Bloodline Bat,bloodline-bat,2026-09-07,5,0
ftf,Bloodthirst Axe,bloodthirst-axe,2026-09-07,1,0
ftf,Blue Flax,blue-flax,2026-09-07,0,1
ftf,Blue Nutcracker,blue-nutcracker,2026-09-07,0,1
ftf,Blue Star Wrap,blue-star-wrap,2026-09-07,1,
ftf,Blueberry Jam Basket,blueberry-jam-basket,2026-09-07,3,0
ftf,Bones,bones,2026-09-07,2,
ftf,Book of Fortunes,book-of-fortunes,2026-09-07,4,0
ftf,Bottled Mariner,bottled-mariner,2026-09-07,14,0
ftf,Bubble Wand,bubble-wand,2026-09-07,20,0
ftf,Bubbly Gun,bubbly-gun,2026-09-07,1,0
ftf,Candy Cane Jar,candy-cane-jar,2026-09-07,1,0
ftf,Candy Corn,candy-corn,2026-09-07,2,0
ftf,Caramel Roll,caramel-roll,2026-09-07,3,0
ftf,Celestial Witch Broom,celestial-witch-broom,2026-09-07,1,0
ftf,Cherry Blossom Tree,cherry-blossom-tree,2026-09-07,17,0
ftf,Cherry Pie,cherry-pie,2026-09-07,1,0
ftf,Chilly Sweets' Vend,chilly-sweets-vend,2026-09-07,7,1
ftf,Choco Dip,choco-dip,2026-09-07,10,0
ftf,Chocolate Mint,chocolate-mint,2026-09-07,1,0
ftf,Christmas Cracker,christmas-cracker,2026-09-07,1,0
ftf,Christmas Lights,christmas-lights,2026-09-07,2,0
ftf,Chromatic Phoenix,chromatic-phoenix,2026-09-07,9,0
ftf,Cinnamon Latte,cinnamon-latte,2026-09-07,0,1
ftf,Circus Cage,circus-cage,2026-09-07,4,1
ftf,Classic,classic,2026-09-07,2,2
ftf,Clown,clown,2026-09-07,0,1
ftf,Clownfish,clownfish,2026-09-07,2,0
ftf,Coastal Lighthouse,coastal-lighthouse,2026-09-07,4,0
ftf,Cocoa Machine,cocoa-machine,2026-09-07,1,0
ftf,Coconut,coconut,2026-09-07,5,0
ftf,Coffin,coffin,2026-09-07,1,0
ftf,Cornucopia,cornucopia,2026-09-07,2,0
ftf,Cotton Candy,cotton-candy,2026-09-07,3,0
ftf,Cozy Cocoa,cozy-cocoa,2026-09-07,4,0
ftf,Cranberry Barrel,cranberry-barrel,2026-09-07,1,0
ftf,Cuddly Bunny,cuddly-bunny,2026-09-07,5,1
ftf,Cursed Circus Tent,cursed-circus-tent,2026-09-07,3,0
ftf,Cursed Painting,cursed-painting,2026-09-07,1,0
ftf,Cursed Voodoo,cursed-voodoo,2026-09-07,1,0
ftf,Dark Bone Crusher,dark-bone-crusher,2026-09-07,5,2
ftf,Dark Mansion,dark-mansion,2026-09-07,4,2
ftf,Dayflower,dayflower,2026-09-07,4,0
ftf,Deathberry Pie,deathberry-pie,2026-09-07,2,1
ftf,Devilborn,devilborn,2026-09-07,2,0
ftf,Devilish Candle,devilish-candle,2026-09-07,32,4
ftf,Doomthrust,doomthrust,2026-09-07,1,0
ftf,Dracula's Castle,draculas-castle,2026-09-07,1,0
ftf,Dragon Puppet,dragon-puppet,2026-09-07,9,0
ftf,Duck Bike,duck-bike,2026-09-07,16,0
ftf,Easter Basket,easter-basket,2026-09-07,3,0
ftf,Easter Chick,easter-chick,2026-09-07,2,0
ftf,Ectoplasm,ectoplasm,2026-09-07,2,0
ftf,Eggnog,eggnog,2026-09-07,0,1
ftf,Elf Box,elf-box,2026-09-07,1,0
ftf,Elf's Mallet,elfs-mallet,2026-09-07,2,
ftf,Enchanted Circus Tent,enchanted-circus-tent,2026-09-07,3,1
ftf,Eye of Blizzaria,eye-of-blizzaria,2026-09-07,4,0
ftf,Fairy Tale Book,fairy-tale-book,2026-09-07,5,3
ftf,Fall Harvester,fall-harvester,2026-09-07,3,0
ftf,Fall Wheelbarrow,fall-wheelbarrow,2026-09-07,4,0
ftf,Festive Candelabra,festive-candelabra,2026-09-07,1,0
ftf,Festive Dots Wrap,festive-dots-wrap,2026-09-07,2,
ftf,Festive Fruitcake,festive-fruitcake,2026-09-07,5,0
ftf,Festive Pinecone,festive-pinecone,2026-09-07,1,0
ftf,Fiery Phoenix,fiery-phoenix,2026-09-07,3,0
ftf,Fish Tank,fish-tank,2026-09-07,3,1
ftf,Flamingo Car,flamingo-car,2026-09-07,13,1
ftf,Flamingo Lake,flamingo-lake,2026-09-07,6,0
ftf,Flourished Fountain,flourished-fountain,2026-09-07,5,1
ftf,Forbidden Fortress,forbidden-fortress,2026-09-07,1,1
ftf,Frankenstein's Brain Jar,frankensteins-brain-jar,2026-09-07,2,1
ftf,Friendly Ghosts,friendly-ghosts,2026-09-07,1,0
ftf,Frostbite,frostbite,2026-09-07,2,2
ftf,Frosted Frequency,frosted-frequency,2026-09-07,3,0
ftf,Frosty's Mallet,frostys-mallet,2026-09-07,3,
ftf,Frozen Fortress,frozen-fortress,2026-09-07,1,0
ftf,Fudge Bunny,fudge-bunny,2026-09-07,2,0
ftf,Fungal Thumper,fungal-thumper,2026-09-07,4,0
ftf,Galaxy Clouds,galaxy-clouds,2026-09-07,2,0
ftf,Gamelan Panggul,gamelan-panggul,2026-09-07,5,0
ftf,Ghost,ghost,2026-09-07,4,0
ftf,Gingerbread House,gingerbread-house,2026-09-07,2,1
ftf,Gingerdolph,gingerdolph,2026-09-07,1,0
ftf,Glowy Bush,glowy-bush,2026-09-07,1,0
ftf,Golden Firework,golden-firework,2026-09-07,1,0
ftf,Gothic Bouquet,gothic-bouquet,2026-09-07,3,4
ftf,Grandfather Clock,grandfather-clock,2026-09-07,1,1
ftf,Grape Barrel,grape-barrel,2026-09-07,3,0
ftf,Greenhouse,greenhouse,2026-09-07,5,0
ftf,Grilled Skewers,grilled-skewers,2026-09-07,1,0
ftf,Grim Galleon,grim-galleon,2026-09-07,2,0
ftf,Gumball Machine,gumball-machine,2026-09-07,4,1
ftf,Haunted Circus Tent,haunted-circus-tent,2026-09-07,1,0
ftf,Heat Core,heat-core,2026-09-07,1,
ftf,Holiday Hotline,holiday-hotline,2026-09-07,1,0
ftf,Hollow Scythe,hollow-scythe,2026-09-07,6,3
ftf,Honey Cheesecake,honey-cheesecake,2026-09-07,10,2
ftf,Honey Hive Tree,honey-hive-tree,2026-09-07,6,0
ftf,Hot Cocoa,hot-cocoa,2026-09-07,1,0
ftf,Ice Core,ice-core,2026-09-07,2,
ftf,Ice Cream Pot,ice-cream-pot,2026-09-07,3,0
ftf,Ice Sleigh,ice-sleigh,2026-09-07,2,0
ftf,Icecream Mix,icecream-mix,2026-09-07,21,0
ftf,Irish Harp,irish-harp,2026-09-07,3,0
ftf,Jade Chest,jade-chest,2026-09-07,1,0
ftf,Jade Statue,jade-statue,2026-09-07,6,0
ftf,Jade Viper,jade-viper,2026-09-07,2,0
ftf,Jello Dessert,jello-dessert,2026-09-07,3,
ftf,Jellybean Cake,jellybean-cake,2026-09-07,2,0
ftf,Jingle Bells,jingle-bells,2026-09-07,2,0
ftf,Jollyday Batter,jollyday-batter,2026-09-07,4,0
ftf,Kraken's Ambush,krakens-ambush,2026-09-07,4,0
ftf,Krampus Chimney,krampus-chimney,2026-09-07,1,0
ftf,Lemonade Jar,lemonade-jar,2026-09-07,2,0
ftf,Leprechaun Boot,leprechaun-boot,2026-09-07,2,0
ftf,Light Bone Crusher,light-bone-crusher,2026-09-07,1,0
ftf,Lil' Devil,lil-devil,2026-09-07,1,0
ftf,Lilium Bush,lilium-bush,2026-09-07,2,0
ftf,Lily of The Valley,lily-of-the-valley,2026-09-07,17,0
ftf,Lime Mocktail,lime-mocktail,2026-09-07,2,0
ftf,Lion Dance,lion-dance,2026-09-07,1,0
ftf,Lonely Heart,lonely-heart,2026-09-07,12,1
ftf,Lovely Heart,lovely-heart,2026-09-07,2,0
ftf,Lovesick Bow,lovesick-bow,2026-09-07,25,4
ftf,Lucky Top Hat,lucky-top-hat,2026-09-07,4,0
ftf,Lunar Scepter,lunar-scepter,2026-09-07,2,0
ftf,Lunar Witch Broom,lunar-witch-broom,2026-09-07,5,0
ftf,Luxury Projector,luxury-projector,2026-09-07,2,0
ftf,Magic Mushroom,magic-mushroom,2026-09-07,0,1
ftf,Magical Spider,magical-spider,2026-09-07,1,0
ftf,Magical Voodoo,magical-voodoo,2026-09-07,1,0
ftf,Malicious Treat,malicious-treat,2026-09-07,2,0
ftf,Marine Anchor,marine-anchor,2026-09-07,5,0
ftf,Merry Music Box,merry-music-box,2026-09-07,6,1
ftf,Midnight Light,midnight-light,2026-09-07,1,0
ftf,Moon Staff,moon-staff,2026-09-07,3,1
ftf,Moonlit Butterflies,moonlit-butterflies,2026-09-07,3,0
ftf,Mothership,mothership,2026-09-07,2,0
ftf,Movie Reel,movie-reel,2026-09-07,1,0
ftf,Mycelium Mallet,mycelium-mallet,2026-09-07,1,0
ftf,Mystical Trident,mystical-trident,2026-09-07,2,0
ftf,Neapolitan,neapolitan,2026-09-07,1,1
ftf,Nightbloom,nightbloom,2026-09-07,5,0
ftf,Nightmare Shadow,nightmare-shadow,2026-09-07,2,
ftf,Orange Mocktail,orange-mocktail,2026-09-07,2,0
ftf,Owl Tree,owl-tree,2026-09-07,5,0
ftf,Paint Canvas,paint-canvas,2026-09-07,2,2
ftf,Painting Roll,painting-roll,2026-09-07,1,0
ftf,Paranormal Hot Balloon,paranormal-hot-balloon,2026-09-07,1,0
ftf,Party Balloons,party-balloons,2026-09-07,19,3
ftf,Pearl Piercer,pearl-piercer,2026-09-07,19,3
ftf,Pegasus Blade,pegasus-blade,2026-09-07,0,2
ftf,Peppermint,peppermint,2026-09-07,1,0
ftf,Peppermint Bark,peppermint-bark,2026-09-07,0,
ftf,Permafrost Axe,permafrost-axe,2026-09-07,5,0
ftf,Phantom Light,phantom-light,2026-09-07,2,1
ftf,Pharaoh Sarcophagus,pharaoh-sarcophagus,2026-09-07,3,0
ftf,Phosphor Jellyfish,phosphor-jellyfish,2026-09-07,13,1
ftf,Piñata,pi-ata,2026-09-07,5,0
ftf,Plasma Core,plasma-core,2026-09-07,1,
ftf,Portrait Wall,portrait-wall,2026-09-07,1,0
ftf,Pot O' Gold,pot-o-gold,2026-09-07,1,0
ftf,Pristine Chocolatery,pristine-chocolatery,2026-09-07,2,1
ftf,Psycho's Axe,psychos-axe,2026-09-07,3,0
ftf,Psycho's Chainsaw,psychos-chainsaw,2026-09-07,7,4
ftf,Pumpkin Slice,pumpkin-slice,2026-09-07,21,0
ftf,Ragebringer,ragebringer,2026-09-07,3,0
ftf,Red Nutcracker,red-nutcracker,2026-09-07,3,0
ftf,Red Velvet,red-velvet,2026-09-07,1,0
ftf,Roasted Turkey,roasted-turkey,2026-09-07,2,0
ftf,Ruby Chest,ruby-chest,2026-09-07,2,0
ftf,Rudolph's Nose,rudolphs-nose,2026-09-07,4,
ftf,Sakura,sakura,2026-09-07,11,0
ftf,Sakura Parasol,sakura-parasol,2026-09-07,2,3
ftf,Sand Castle,sand-castle,2026-09-07,2,0
ftf,Santa Boot,santa-boot,2026-09-07,1,0
ftf,Santa Chimney,santa-chimney,2026-09-07,1,0
ftf,Santa's Mallet,santas-mallet,2026-09-07,2,
ftf,Santa's Reindeer,santas-reindeer,2026-09-07,1,0
ftf,Scareapple Pie,scareapple-pie,2026-09-07,2,1
ftf,Scarecrow Patches,scarecrow-patches,2026-09-07,1,1
ftf,Scarlet Firework,scarlet-firework,2026-09-07,1,0
ftf,Seashore Shells,seashore-shells,2026-09-07,1,0
ftf,Shroomy Smasher,shroomy-smasher,2026-09-07,1,0
ftf,Snowboarder Penguin,snowboarder-penguin,2026-09-07,1,0
ftf,Snowing,snowing,2026-09-07,2,
ftf,Snowman,snowman,2026-09-07,2,1
ftf,Snowman Box,snowman-box,2026-09-07,2,0
ftf,Solar Witch Broom,solar-witch-broom,2026-09-07,3,0
ftf,Soulless Theater,soulless-theater,2026-09-07,11,1
ftf,Sour Candy,sour-candy,2026-09-07,1,0
ftf,Sour Snowcone,sour-snowcone,2026-09-07,2,0
ftf,Sour Treats,sour-treats,2026-09-07,1,0
ftf,Spiteful Treat,spiteful-treat,2026-09-07,1,0
ftf,Spookpumpkin Pie,spookpumpkin-pie,2026-09-07,2,0
ftf,Spooky Brew,spooky-brew,2026-09-07,9,1
ftf,Spooky Potion,spooky-potion,2026-09-07,2,0
ftf,Spraying Can,spraying-can,2026-09-07,4,0
ftf,Spring World,spring-world,2026-09-07,7,1
ftf,Sprinkles,sprinkles,2026-09-07,0,1
ftf,Starborne Reverie,starborne-reverie,2026-09-07,3,0
ftf,Stratis,stratis,2026-09-07,1,0
ftf,Strawberry Garden,strawberry-garden,2026-09-07,1,1
ftf,Strawberry Jelly Basket,strawberry-jelly-basket,2026-09-07,6,0
ftf,Summer Pattern,summer-pattern,2026-09-07,8,0
ftf,Summer Plaid,summer-plaid,2026-09-07,1,0
ftf,Sunflowers,sunflowers,2026-09-07,1,0
ftf,Sunlit Butterflies,sunlit-butterflies,2026-09-07,6,1
ftf,Sweet Snowcone,sweet-snowcone,2026-09-07,1,0
ftf,Sweet Train,sweet-train,2026-09-07,1,0
ftf,Sweethearts Store,sweethearts-store,2026-09-07,3,2
ftf,Teddy Bear Present,teddy-bear-present,2026-09-07,1,0
ftf,Theatrical Spotlight,theatrical-spotlight,2026-09-07,3,0
ftf,Toasted Marshmallow,toasted-marshmallow,2026-09-07,1,1
ftf,Tombstone Bash,tombstone-bash,2026-09-07,5,0
ftf,Toy Box,toy-box,2026-09-07,2,0
ftf,Toy Santa,toy-santa,2026-09-07,1,0
ftf,Tropical Drink,tropical-drink,2026-09-07,4,0
ftf,Tulips,tulips,2026-09-07,0,1
ftf,Twisted Passion,twisted-passion,2026-09-07,4,2
ftf,Ube Roll,ube-roll,2026-09-07,3,0
ftf,Unchained Beast,unchained-beast,2026-09-07,5,0
ftf,Unicorn Starlight,unicorn-starlight,2026-09-07,4,1
ftf,Vanillaberry Cake,vanillaberry-cake,2026-09-07,4,0
ftf,Veggie Eater Gopher,veggie-eater-gopher,2026-09-07,1,0
ftf,Veridian Cactus,veridian-cactus,2026-09-07,1,0
ftf,Vibrant Leaves,vibrant-leaves,2026-09-07,1,
ftf,Vintage TV,vintage-tv,2026-09-07,3,2
ftf,VIP Ban Hammer,vip-ban-hammer,2026-09-07,2,0
ftf,Warlock Hunter,warlock-hunter,2026-09-07,6,0
ftf,Water Gun,water-gun,2026-09-07,2,0
ftf,Watering Can,watering-can,2026-09-07,2,
ftf,Werewolf,werewolf,2026-09-07,1,0
ftf,White Knitted,white-knitted,2026-09-07,3,
ftf,Winter Breeze,winter-breeze,2026-09-07,4,2
ftf,Winter Swirl,winter-swirl,2026-09-07,1,0
ftf,Witch Hunter,witch-hunter,2026-09-07,8,0
ftf,Woodland Staff,woodland-staff,2026-09-07,2,1
ftf,Wreath,wreath,2026-09-07,2,
ftf,Year of the Horse,year-of-the-horse,2026-09-07,6,0
ftf,Yin & Yang,yin-yang,2026-09-07,2,0
ftf,Yule Log,yule-log,2026-09-07,1,0
ftf,Zombie Brain Jar,zombie-brain-jar,2026-09-07,0,1
ftf,Zombie Hand,zombie-hand,2026-09-07,3,1
ftf,Spooky Potion Set,,2026-09-07,2,
ftf,Chromatic Phoenix Set,,2026-09-07,9,
ftf,Antique Piano Set,,2026-09-07,8,
ftf,Lemonade Jar Set,,2026-09-07,2,
ftf,Galaxy Clouds Set,,2026-09-07,2,
ftf,Tropical Drink Set,,2026-09-07,4,
ftf,Fudge Bunny Set,,2026-09-07,2,
ftf,Woodland Staff Set,,2026-09-07,14,
ftf,Shroomy Smasher Set,,2026-09-07,1,
ftf,Soulless Theater Set,,2026-09-07,11,
ftf,Flourished Fountain Set,,2026-09-07,5,
ftf,Gothic Bouquet Set,,2026-09-07,18,
ftf,VIP Ban Hammer Set,,2026-09-07,2,
ftf,Twisted Passion Set,,2026-09-07,4,
ftf,Grandfather Clock Set,,2026-09-07,1,
ftf,Ancient Trident Set,,2026-09-07,7,
ftf,Mothership Set,,2026-09-07,3,
ftf,Bloodline Bat Set,,2026-09-07,5,
ftf,Unchained Beast Set,,2026-09-07,5,
ftf,Flamingo Car Set,,2026-09-07,13,
ftf,Autumn Scarecrow Set,,2026-09-07,1,
ftf,Lily of The Valley Set,,2026-09-07,17,
ftf,Dark Mansion Set,,2026-09-07,4,
ftf,Flamingo Lake Set,,2026-09-07,6,
ftf,Fall Harvester Set,,2026-09-07,3,
ftf,Spooky Brew Set,,2026-09-07,9,
ftf,Midnight Wisp,,2026-09-07,1,
ftf,Batwing Basher Set,,2026-09-07,7,
ftf,Lovesick Bow Set,,2026-09-07,25,
ftf,Lilium Bush Set,,2026-09-07,2,
ftf,Pegasus Blade Set,,2026-09-07,36,
ftf,Lovely Heart Set,,2026-09-07,2,
ftf,Cursed Circus Tent Set,,2026-09-07,3,
ftf,Bleak Ink Set,,2026-09-07,5,
ftf,Coastal Lighthouse Set,,2026-09-07,4,
ftf,Pumpkin Slice Set,,2026-09-07,21,
ftf,Leprechaun Boot Set,,2026-09-07,2,
ftf,Strawberry Moo Plushie Set,,2026-09-07,1,
ftf,Strawberry Jelly Basket Set,,2026-09-07,6,
ftf,Jade Statue Set,,2026-09-07,6,
ftf,Honey Hive Tree Set,,2026-09-07,6,
ftf,Mycelium Mallet Set,,2026-09-07,1,
ftf,Sakura Parasol Set,,2026-09-07,35,
ftf,Pristine Chocolatery Set,,2026-09-07,2,
ftf,Irish Harp Set,,2026-09-07,3,
ftf,Ragebringer Set,,2026-09-07,3,
ftf,Duck Bike Set,,2026-09-07,16,
ftf,Sand Castle Set,,2026-09-07,2,
ftf,Grape Barrel Set,,2026-09-07,3,
ftf,Frosted Frequency Set,,2026-09-07,3,
ftf,Bloodthirst Axe Set,,2026-09-07,1,
ftf,Gumball Machine Set,,2026-09-07,4,
ftf,Cherry Blossom Tree Set,,2026-09-07,17,
ftf,Scarlet Firework Set,,2026-09-07,1,
ftf,Strawberry Garden Set,,2026-09-07,5,
ftf,Radiant Shell,,2026-09-07,2,
ftf,Icecream Mix Set,,2026-09-07,21,
ftf,Bottled Mariner Set,,2026-09-07,14,
ftf,Paint Canvas Set,,2026-09-07,2,
ftf,Toasted Marshmallow Set,,2026-09-07,1,
ftf,Phantom Light Set,,2026-09-07,2,
ftf,Pearl Piercer Set,,2026-09-07,19,
ftf,Sweet Train Set,,2026-09-07,1,
ftf,5 Billion Set,,2026-09-07,3,
ftf,Barren Broadcast Set,,2026-09-07,2,
ftf,Fairy Tale Book Set,,2026-09-07,3,
ftf,Cornucopia Set,,2026-09-07,2,
ftf,Holiday Hotline Set,,2026-09-07,1,
ftf,Phosphor Jellyfish Set,,2026-09-07,13,
ftf,Tombstone Bash Set,,2026-09-07,5,
ftf,Bubbly Gun Set,,2026-09-07,40,
ftf,Chilly Sweet's Vend Set,,2026-09-07,7,
ftf,Snowman Set,,2026-09-07,2,
ftf,Book of Fortunes Set,,2026-09-07,6,
ftf,Haunted Circus Tent Set,,2026-09-07,2,
ftf,Sweet Snowcone Set,,2026-09-07,5,
ftf,Sweethearts Store Set,,2026-09-07,9,
ftf,Theatrical Spotlight Set,,2026-09-07,3,
ftf,Year of the Horse Set,,2026-09-07,6,
ftf,Grim Galleon Set,,2026-09-07,2,
ftf,Coffin Set,,2026-09-07,1,
ftf,Sunlit Butterflies Set,,2026-09-07,6,
ftf,Orange Mocktail Set,,2026-09-07,2,
ftf,Owl Tree Set,,2026-09-07,5,
ftf,8th Anniversary Set,,2026-09-07,2,
ftf,OOF,,2026-09-07,2,
ftf,Clownfish Set,,2026-09-07,2,
ftf,Snowboarder Penguin Set,,2026-09-07,7,
ftf,Kraken's Ambush Set,,2026-09-07,4,
ftf,Scareapple Pie Set,,2026-09-07,2,
ftf,Spookpumpkin Pie Set,,2026-09-07,2,
ftf,Honey Cheesecake Set,,2026-09-07,10,
ftf,Coconut Set,,2026-09-07,5,
ftf,Summer Pattern Set,,2026-09-07,8,
ftf,Gingerbread House Set,,2026-09-07,2,
ftf,Clown Set,,2026-09-07,0,
ftf,Cranberry Barrel Set,,2026-09-07,1,
ftf,Lonely Heart Set,,2026-09-07,12,
ftf,Choco Dip Set,,2026-09-07,10,
ftf,Sour Snowcone Set,,2026-09-07,1,
ftf,Spookpumpkin,,2026-09-07,0,
ftf,Caramel Roll Set,,2026-09-07,1,
ftf,Grilled Skewers Set,,2026-09-07,1,
ftf,Bubbly Wand Set,,2026-09-07,20,
ftf,Zombie Bone,,2026-09-07,1,
ftf,Dayflower Set,,2026-09-07,4,
ftf,Party Balloons Set,,2026-09-07,19,
ftf,Roasted Turkey Set,,2026-09-07,2,
ftf,Jingle Bells Set,,2026-09-07,5,
ftf,Nightbloom Set,,2026-09-07,5,
ftf,Lunar Witch Broom Set,,2026-09-07,5,
ftf,Yin & Yang Set,,2026-09-07,2,
ftf,Christmas Lights Set,,2026-09-07,2,
ftf,Festive Candelabra Set,,2026-09-07,1,
ftf,Merry Music Box Set,,2026-09-07,6,
ftf,Deathberry Pie Set,,2026-09-07,3,
ftf,Autumn Crops Set,,2026-09-07,6,
ftf,Greenhouse Set,,2026-09-07,5,
ftf,Moon Staff Set,,2026-09-07,9,
ftf,Light Ghost,,2026-09-07,2,
ftf,Blue Flax Set,,2026-09-07,0,
ftf,Dragon Puppet Set,,2026-09-07,9,
ftf,Sunflowers Set,,2026-09-07,1,
ftf,Classic Set,,2026-09-07,8,
ftf,Magical Voodoo Set,,2026-09-07,1,
ftf,Dark Bone Crusher Set,,2026-09-07,5,
ftf,Cozy Cocoa Set,,2026-09-07,4,
ftf,Blade of Thorns Set,,2026-09-07,2,
ftf,Solar Witch Broom Set,,2026-09-07,3,
ftf,Celestial Witch Broom Set,,2026-09-07,5,
ftf,Jollyday Batter Set,,2026-09-07,4,
ftf,Enchanted Circus Tent Set,,2026-09-07,3,
ftf,Luxury Projector Set,,2026-09-07,2,
ftf,Ancestral Trident Set,,2026-09-07,8,
ftf,Festive Fruitcake Set,,2026-09-07,5,
ftf,Easter Basket Set,,2026-09-07,3,
ftf,Stratis Set,,2026-09-07,1,
ftf,Sakura Set,,2026-09-07,11,
ftf,Cotton Candy Set,,2026-09-07,3,
ftf,Easter Chick Set,,2026-09-07,2,
ftf,Gingerbread,,2026-09-07,2,
ftf,Devilborn Set,,2026-09-07,9,
ftf,Mooncore,,2026-09-07,0,
ftf,Fungal Thumper Set,,2026-09-07,4,
ftf,Ice Sleigh Set,,2026-09-07,2,
ftf,Starborne Reverie Set,,2026-09-07,3,
ftf,Water Gun Set,,2026-09-07,2,
ftf,Unicorn Starlight Set,,2026-09-07,4,
ftf,Magic Mushroom Set,,2026-09-07,0,
ftf,Psycho’s Axe Set,,2026-09-07,3,
ftf,Hollow Scythe Set,,2026-09-07,6,
ftf,Vintage TV Set,,2026-09-07,3,
ftf,Autumn Lamp Set,,2026-09-07,1,
ftf,Moonlit Butterflies Set,,2026-09-07,3,
ftf,Ghost Set,,2026-09-07,4,
ftf,Jellybean Cake Set,,2026-09-07,2,
ftf,Midnight Light Set,,2026-09-07,2,
ftf,Lunar Scepter Set,,2026-09-07,2,
ftf,Spiteful Treat Set,,2026-09-07,1,
ftf,1337 MLG PRO,,2026-09-07,2,
ftf,Spraying Can Set,,2026-09-07,4,
ftf,Santa Chimney Set,,2026-09-07,1,
ftf,Snowman Box Set,,2026-09-07,2,
ftf,Lime Mocktail Set,,2026-09-07,2,
ftf,Ruby Chest Set,,2026-09-07,2,
ftf,Jade Chest Set,,2026-09-07,1,
ftf,Ube Roll Set,,2026-09-07,3,
ftf,Paranormal Hot Balloon Set,,2026-09-07,1,
ftf,Malicious Treat Set,,2026-09-07,2,
ftf,Light Bone Crusher Set,,2026-09-07,1,
ftf,Blue Nutcracker Set,,2026-09-07,0,
ftf,Scarecrow Patches Set,,2026-09-07,1,
ftf,Permafrost Axe Set,,2026-09-07,5,
ftf,Lonely Ring,,2026-09-07,1,
ftf,Aurora Abolisher Set,,2026-09-07,3,
ftf,Forbidden Fortress Set,,2026-09-07,0,
ftf,Ladybug,,2026-09-07,1,
ftf,Festive Pinecone Set,,2026-09-07,1,
ftf,Painting Roll Set,,2026-09-07,1,
ftf,Friendly Ghosts Set,,2026-09-07,1,
ftf,Frostbite Set,,2026-09-07,0,
ftf,Santa's Reindeer Set,,2026-09-07,1,
ftf,Doomthrust Set,,2026-09-07,1,
ftf,Werewolf Set,,2026-09-07,1,
ftf,Bleeding Flower,,2026-09-07,1,
ftf,Sun Star,,2026-09-07,0,
ftf,Christmas Cracker Set,,2026-09-07,1,
ftf,Cocoa Machine Set,,2026-09-07,1,
ftf,Strange Element,,2026-09-07,1,
ftf,Pink n Purple,,2026-09-07,1,
ftf,Reflective,,2026-09-07,1,
ftf,Busy Bee,,2026-09-07,1,
ftf,2022,2022,2026-09-08,1,0
ftf,2nd Anniversary,2nd-anniversary,2026-09-08,1,0
ftf,3rd Anniversary,3rd-anniversary,2026-09-08,1,0
ftf,5 Billion,5-billion,2026-09-08,3,0
ftf,6th Anniversary,6th-anniversary,2026-09-08,2,0
ftf,8th Anniversary,8th-anniversary,2026-09-08,1,0
ftf,Acidic Potions,acidic-potions,2026-09-08,1,1
ftf,Alchemist Hunter,alchemist-hunter,2026-09-08,6,2
ftf,Analog Horror,analog-horror,2026-09-08,1,0
ftf,Ancestral Trident,ancestral-trident,2026-09-08,4,0
ftf,Ancient Portal,ancient-portal,2026-09-08,3,0
ftf,Ancient Trident,ancient-trident,2026-09-08,6,1
ftf,Antique Piano,antique-piano,2026-09-08,1,3
ftf,Aurora,aurora,2026-09-08,1,
ftf,Autumn Crops,autumn-crops,2026-09-08,2,0
ftf,Autumn Scarecrow,autumn-scarecrow,2026-09-08,2,1
ftf,Autumn Tent,autumn-tent,2026-09-08,2,1
ftf,Barren Broadcast,barren-broadcast,2026-09-08,2,0
ftf,Batwing Basher,batwing-basher,2026-09-08,2,6
ftf,BBQ Grill,bbq-grill,2026-09-08,6,0
ftf,Beach Boat,beach-boat,2026-09-08,4,0
ftf,Bewitched,bewitched,2026-09-08,0,
ftf,Bio Core,bio-core,2026-09-08,3,
ftf,Bitter Lemonade Basket,bitter-lemonade-basket,2026-09-08,4,1
ftf,Black Light Madness,black-light-madness,2026-09-08,1,0
ftf,Blade of Thorns,blade-of-thorns,2026-09-08,0,2
ftf,Bleak Ink,bleak-ink,2026-09-08,3,0
ftf,Bleeding Heart,bleeding-heart,2026-09-08,3,0
ftf,Blizzard,blizzard,2026-09-08,1,0
ftf,Bloodline Bat,bloodline-bat,2026-09-08,3,0
ftf,Bloodthirst Axe,bloodthirst-axe,2026-09-08,2,0
ftf,Blueberry Jam Basket,blueberry-jam-basket,2026-09-08,3,3
ftf,Bones,bones,2026-09-08,1,
ftf,Book of Fortunes,book-of-fortunes,2026-09-08,3,0
ftf,Bottled Mariner,bottled-mariner,2026-09-08,17,0
ftf,Bubble Wand,bubble-wand,2026-09-08,23,0
ftf,Bubbly Gun,bubbly-gun,2026-09-08,39,0
ftf,Candy Cane Jar,candy-cane-jar,2026-09-08,1,1
ftf,Candy Corn,candy-corn,2026-09-08,4,
ftf,Caramel Roll,caramel-roll,2026-09-08,0,2
ftf,Celestial Witch Broom,celestial-witch-broom,2026-09-08,1,0
ftf,Cherry Blossom Tree,cherry-blossom-tree,2026-09-08,21,0
ftf,Cherry Pie,cherry-pie,2026-09-08,3,0
ftf,Chilly Sweets' Vend,chilly-sweets-vend,2026-09-08,6,1
ftf,Choco Dip,choco-dip,2026-09-08,0,2
ftf,Chocolate Mint,chocolate-mint,2026-09-08,1,0
ftf,Chocolate Treats,chocolate-treats,2026-09-08,2,
ftf,Christmas Lights,christmas-lights,2026-09-08,2,0
ftf,Chromatic Phoenix,chromatic-phoenix,2026-09-08,6,0
ftf,Cinder Gift,cinder-gift,2026-09-08,1,
ftf,Cinnamon Latte,cinnamon-latte,2026-09-08,1,0
ftf,Circus Cage,circus-cage,2026-09-08,3,0
ftf,Classic,classic,2026-09-08,0,0
ftf,Clownfish,clownfish,2026-09-08,1,0
ftf,Coastal Lighthouse,coastal-lighthouse,2026-09-08,3,1
ftf,Cocoa Machine,cocoa-machine,2026-09-08,1,0
ftf,Coconut,coconut,2026-09-08,6,0
ftf,Coffin,coffin,2026-09-08,1,2
ftf,Cold Star,cold-star,2026-09-08,2,
ftf,Confetti,confetti,2026-09-08,0,1
ftf,Cornucopia,cornucopia,2026-09-08,1,0
ftf,Corruption,corruption,2026-09-08,2,
ftf,Cotton Candy,cotton-candy,2026-09-08,2,2
ftf,Cozy Cocoa,cozy-cocoa,2026-09-08,2,0
ftf,Cranberry Barrel,cranberry-barrel,2026-09-08,0,1
ftf,Cuddly Bunny,cuddly-bunny,2026-09-08,5,1
ftf,Cursed Circus Tent,cursed-circus-tent,2026-09-08,2,1
ftf,Cursed Painting,cursed-painting,2026-09-08,2,0
ftf,Daisies,daisies,2026-09-08,0,1
ftf,Dark Bone Crusher,dark-bone-crusher,2026-09-08,7,1
ftf,Dark Mansion,dark-mansion,2026-09-08,0,1
ftf,Dave Pumpkins,dave-pumpkins,2026-09-08,1,0
ftf,Dayflower,dayflower,2026-09-08,4,3
ftf,Deathberry Pie,deathberry-pie,2026-09-08,2,2
ftf,Devilborn,devilborn,2026-09-08,6,0
ftf,Devilish Candle,devilish-candle,2026-09-08,1,5
ftf,Dracula's Castle,draculas-castle,2026-09-08,1,0
ftf,Dragon Puppet,dragon-puppet,2026-09-08,8,0
ftf,Duck Bike,duck-bike,2026-09-08,16,0
ftf,Easter Basket,easter-basket,2026-09-08,2,1
ftf,Easter Chick,easter-chick,2026-09-08,3,1
ftf,Ectoplasm,ectoplasm,2026-09-08,3,0
ftf,Elf Box,elf-box,2026-09-08,1,0
ftf,Enchanted Circus Tent,enchanted-circus-tent,2026-09-08,3,1
ftf,Energetic Poison,energetic-poison,2026-09-08,2,0
ftf,Eye of Blizzaria,eye-of-blizzaria,2026-09-08,2,0
ftf,Fairy Tale Book,fairy-tale-book,2026-09-08,4,1
ftf,Fall Harvester,fall-harvester,2026-09-08,1,0
ftf,Fall Wheelbarrow,fall-wheelbarrow,2026-09-08,2,0
ftf,Festive Candelabra,festive-candelabra,2026-09-08,1,0
ftf,Festive Dots Wrap,festive-dots-wrap,2026-09-08,1,0
ftf,Festive Fruitcake,festive-fruitcake,2026-09-08,3,0
ftf,Festive Pinecone,festive-pinecone,2026-09-08,1,0
ftf,Festive Train,festive-train,2026-09-08,1,0
ftf,Fiery Phoenix,fiery-phoenix,2026-09-08,3,1
ftf,Fireflies,fireflies,2026-09-08,1,0
ftf,Fish Tank,fish-tank,2026-09-08,1,1
ftf,Flamingo Car,flamingo-car,2026-09-08,15,0
ftf,Flamingo Lake,flamingo-lake,2026-09-08,9,0
ftf,Flourished Fountain,flourished-fountain,2026-09-08,2,0
ftf,Forbidden Fortress,forbidden-fortress,2026-09-08,1,1
ftf,Frankenstein's Brain Jar,frankensteins-brain-jar,2026-09-08,2,0
ftf,Frostbite,frostbite,2026-09-08,1,
ftf,Frosted Frequency,frosted-frequency,2026-09-08,1,1
ftf,Frosty's Mallet,frostys-mallet,2026-09-08,2,
ftf,Fruitcake,fruitcake,2026-09-08,2,
ftf,Fudge Bunny,fudge-bunny,2026-09-08,4,1
ftf,Fungal Thumper,fungal-thumper,2026-09-08,4,0
ftf,Galaxy Clouds,galaxy-clouds,2026-09-08,4,1
ftf,Gamelan Panggul,gamelan-panggul,2026-09-08,3,0
ftf,Ghost,ghost,2026-09-08,1,0
ftf,Gingerbread House,gingerbread-house,2026-09-08,1,0
ftf,Gingerdolph,gingerdolph,2026-09-08,2,0
ftf,Glowy Bush,glowy-bush,2026-09-08,1,1
ftf,Golden Firework,golden-firework,2026-09-08,2,0
ftf,Gothic Bouquet,gothic-bouquet,2026-09-08,2,0
ftf,Graffiti,graffiti,2026-09-08,1,0
ftf,Grandfather Clock,grandfather-clock,2026-09-08,1,2
ftf,Grape Barrel,grape-barrel,2026-09-08,1,0
ftf,Greenhouse,greenhouse,2026-09-08,5,0
ftf,Grilled Skewers,grilled-skewers,2026-09-08,5,0
ftf,Grim Galleon,grim-galleon,2026-09-08,2,1
ftf,Gumball Machine,gumball-machine,2026-09-08,5,1
ftf,Haunted Circus Tent,haunted-circus-tent,2026-09-08,1,1
ftf,Heat Core,heat-core,2026-09-08,3,0
ftf,Holiday Hotline,holiday-hotline,2026-09-08,1,0
ftf,Hollow Scythe,hollow-scythe,2026-09-08,6,3
ftf,Honey Cheesecake,honey-cheesecake,2026-09-08,9,0
ftf,Honey Hive Tree,honey-hive-tree,2026-09-08,5,1
ftf,Hot Cocoa,hot-cocoa,2026-09-08,1,0
ftf,Ice Cream Pot,ice-cream-pot,2026-09-08,5,1
ftf,Ice Sleigh,ice-sleigh,2026-09-08,1,0
ftf,Icecream Mix,icecream-mix,2026-09-08,30,1
ftf,Jade Chest,jade-chest,2026-09-08,1,0
ftf,Jade Statue,jade-statue,2026-09-08,3,1
ftf,Jade Viper,jade-viper,2026-09-08,4,0
ftf,Jello Dessert,jello-dessert,2026-09-08,2,1
ftf,Jellybean Cake,jellybean-cake,2026-09-08,1,1
ftf,Jingle Bells,jingle-bells,2026-09-08,1,0
ftf,Jollyday Batter,jollyday-batter,2026-09-08,0,3
ftf,Kraken's Ambush,krakens-ambush,2026-09-08,3,0
ftf,Krampus Chimney,krampus-chimney,2026-09-08,1,0
ftf,Lemonade Jar,lemonade-jar,2026-09-08,1,1
ftf,Leprechaun Boot,leprechaun-boot,2026-09-08,1,0
ftf,Light Bone Crusher,light-bone-crusher,2026-09-08,1,1
ftf,Lil' Devil,lil-devil,2026-09-08,1,1
ftf,Lil Frosty,lil-frosty,2026-09-08,2,
ftf,Lil' Tree,lil-tree,2026-09-08,1,
ftf,Lilium Bush,lilium-bush,2026-09-08,4,1
ftf,Lily of The Valley,lily-of-the-valley,2026-09-08,17,0
ftf,Lion Dance,lion-dance,2026-09-08,2,1
ftf,Lonely Heart,lonely-heart,2026-09-08,6,0
ftf,Lovesick Bow,lovesick-bow,2026-09-08,28,1
ftf,Lucky Top Hat,lucky-top-hat,2026-09-08,3,0
ftf,Lunar Scepter,lunar-scepter,2026-09-08,3,1
ftf,Lunar Witch Broom,lunar-witch-broom,2026-09-08,3,0
ftf,Luxury Projector,luxury-projector,2026-09-08,2,0
ftf,Magical Portal,magical-portal,2026-09-08,1,0
ftf,Magical Voodoo,magical-voodoo,2026-09-08,1,0
ftf,Malicious Treat,malicious-treat,2026-09-08,3,0
ftf,Marine Anchor,marine-anchor,2026-09-08,5,0
ftf,Merry Music Box,merry-music-box,2026-09-08,5,1
ftf,Midnight Light,midnight-light,2026-09-08,0,1
ftf,Midnight Pumpkin,midnight-pumpkin,2026-09-08,1,
ftf,Moon Staff,moon-staff,2026-09-08,7,0
ftf,Moonlit Butterflies,moonlit-butterflies,2026-09-08,4,1
ftf,Mothership,mothership,2026-09-08,1,2
ftf,Movie Reel,movie-reel,2026-09-08,1,0
ftf,Mycelium Mallet,mycelium-mallet,2026-09-08,3,0
ftf,Mystical Trident,mystical-trident,2026-09-08,6,2
ftf,Nebula,nebula,2026-09-08,3,
ftf,Night Snail,night-snail,2026-09-08,1,1
ftf,Nightbloom,nightbloom,2026-09-08,3,2
ftf,Orange Mocktail,orange-mocktail,2026-09-08,2,0
ftf,Owl Tree,owl-tree,2026-09-08,1,1
ftf,Painting Roll,painting-roll,2026-09-08,2,0
ftf,Paranormal Hot Balloon,paranormal-hot-balloon,2026-09-08,3,0
ftf,Party Balloons,party-balloons,2026-09-08,4,4
ftf,Pearl Piercer,pearl-piercer,2026-09-08,2,3
ftf,Pegasus Blade,pegasus-blade,2026-09-08,37,2
ftf,Peppermint,peppermint,2026-09-08,2,0
ftf,Permafrost Axe,permafrost-axe,2026-09-08,2,0
ftf,Phantom Light,phantom-light,2026-09-08,2,1
ftf,Pharaoh Sarcophagus,pharaoh-sarcophagus,2026-09-08,2,0
ftf,Phosphor Jellyfish,phosphor-jellyfish,2026-09-08,11,0
ftf,Piñata,pi-ata,2026-09-08,2,2
ftf,Pink Star Wrap,pink-star-wrap,2026-09-08,1,0
ftf,Plasma Core,plasma-core,2026-09-08,2,
ftf,Polar Bear Present,polar-bear-present,2026-09-08,1,
ftf,Portrait Wall,portrait-wall,2026-09-08,1,0
ftf,Pot O' Gold,pot-o-gold,2026-09-08,1,0
ftf,Pristine Chocolatery,pristine-chocolatery,2026-09-08,4,1
ftf,Psycho's Axe,psychos-axe,2026-09-08,5,3
ftf,Psycho's Chainsaw,psychos-chainsaw,2026-09-08,7,4
ftf,Pumpkin,pumpkin,2026-09-08,2,
ftf,Pumpkin Slice,pumpkin-slice,2026-09-08,23,1
ftf,Queen of Hearts,queen-of-hearts,2026-09-08,1,0
ftf,Ragebringer,ragebringer,2026-09-08,0,1
ftf,Red Nutcracker,red-nutcracker,2026-09-08,2,0
ftf,Red Panda,red-panda,2026-09-08,1,
ftf,Red Velvet,red-velvet,2026-09-08,1,
ftf,Reptile Skin,reptile-skin,2026-09-08,2,
ftf,Roasted Turkey,roasted-turkey,2026-09-08,2,0
ftf,Ruby Chest,ruby-chest,2026-09-08,3,0
ftf,Rudolph's Nose,rudolphs-nose,2026-09-08,3,
ftf,Sakura,sakura,2026-09-08,10,0
ftf,Sakura Parasol,sakura-parasol,2026-09-08,0,6
ftf,Sand Castle,sand-castle,2026-09-08,3,2
ftf,Santa Boot,santa-boot,2026-09-08,1,0
ftf,Santa Chimney,santa-chimney,2026-09-08,3,0
ftf,Santa's Reindeer,santas-reindeer,2026-09-08,0,3
ftf,Scareapple Pie,scareapple-pie,2026-09-08,2,1
ftf,Scarlet Firework,scarlet-firework,2026-09-08,1,0
ftf,Sea Monster,sea-monster,2026-09-08,1,0
ftf,Seashore Shells,seashore-shells,2026-09-08,1,0
ftf,Shroomy Smasher,shroomy-smasher,2026-09-08,2,0
ftf,Snowboarder Penguin,snowboarder-penguin,2026-09-08,4,0
ftf,Snowman,snowman,2026-09-08,1,1
ftf,Solar Witch Broom,solar-witch-broom,2026-09-08,3,0
ftf,Soulless Theater,soulless-theater,2026-09-08,7,2
ftf,Sour Candy,sour-candy,2026-09-08,1,0
ftf,Sour Snowcone,sour-snowcone,2026-09-08,4,0
ftf,Sour Treats,sour-treats,2026-09-08,0,1
ftf,Spiteful Treat,spiteful-treat,2026-09-08,1,0
ftf,Spookpumpkin Pie,spookpumpkin-pie,2026-09-08,1,1
ftf,Spooky Brew,spooky-brew,2026-09-08,12,1
ftf,Spooky Potion,spooky-potion,2026-09-08,1,0
ftf,Spraying Can,spraying-can,2026-09-08,3,0
ftf,Spring Plaid,spring-plaid,2026-09-08,0,2
ftf,Spring World,spring-world,2026-09-08,4,1
ftf,Sprinkles,sprinkles,2026-09-08,1,1
ftf,Starborne Reverie,starborne-reverie,2026-09-08,2,0
ftf,Storm Surge,storm-surge,2026-09-08,1,0
ftf,Stratis,stratis,2026-09-08,0,1
ftf,Strawberry Garden,strawberry-garden,2026-09-08,0,1
ftf,Strawberry Jelly Basket,strawberry-jelly-basket,2026-09-08,3,1
ftf,Summer Pattern,summer-pattern,2026-09-08,11,0
ftf,Summer Plaid,summer-plaid,2026-09-08,1,1
ftf,Sunflowers,sunflowers,2026-09-08,1,0
ftf,Sunlit Butterflies,sunlit-butterflies,2026-09-08,3,0
ftf,Sweet Snowcone,sweet-snowcone,2026-09-08,5,1
ftf,Sweethearts Store,sweethearts-store,2026-09-08,2,1
ftf,Theatrical Spotlight,theatrical-spotlight,2026-09-08,5,0
ftf,Toasted Marshmallow,toasted-marshmallow,2026-09-08,1,0
ftf,Tombstone Bash,tombstone-bash,2026-09-08,7,3
ftf,Toxic,toxic,2026-09-08,2,
ftf,Toy Box,toy-box,2026-09-08,3,0
ftf,Tropical Drink,tropical-drink,2026-09-08,5,0
ftf,Twisted Passion,twisted-passion,2026-09-08,7,3
ftf,Ube Roll,ube-roll,2026-09-08,0,1
ftf,Unchained Beast,unchained-beast,2026-09-08,4,1
ftf,Unicorn Starlight,unicorn-starlight,2026-09-08,3,0
ftf,Vanilla Brownie,vanilla-brownie,2026-09-08,1,0
ftf,Vanillaberry Cake,vanillaberry-cake,2026-09-08,4,1
ftf,Veggie Eater Gopher,veggie-eater-gopher,2026-09-08,1,0
ftf,Veridian Cactus,veridian-cactus,2026-09-08,5,0
ftf,Vintage TV,vintage-tv,2026-09-08,2,1
ftf,VIP Ban Hammer,vip-ban-hammer,2026-09-08,2,0
ftf,Warlock Hunter,warlock-hunter,2026-09-08,4,2
ftf,Water Gun,water-gun,2026-09-08,4,2
ftf,Watering Can,watering-can,2026-09-08,1,0
ftf,Werewolf,werewolf,2026-09-08,1,0
ftf,White Knitted,white-knitted,2026-09-08,2,
ftf,Winter Breeze,winter-breeze,2026-09-08,4,0
ftf,Winter Plaid,winter-plaid,2026-09-08,0,1
ftf,Witch Hunter,witch-hunter,2026-09-08,7,2
ftf,Woodland Staff,woodland-staff,2026-09-08,1,0
ftf,Wreath,wreath,2026-09-08,1,
ftf,Xeno,xeno,2026-09-08,1,0
ftf,Year of the Horse,year-of-the-horse,2026-09-08,2,1
ftf,Yeti,yeti,2026-09-08,1,0
ftf,Yin & Yang,yin-yang,2026-09-08,2,0
ftf,Yule Log,yule-log,2026-09-08,1,0
ftf,Zombie Hand,zombie-hand,2026-09-08,1,0
ftf,Santa Chimney Set,,2026-09-08,3,
ftf,Beach Boat Set,,2026-09-08,4,
ftf,Tropical Drink Set,,2026-09-08,5,
ftf,Flamingo Car Set,,2026-09-08,15,
ftf,Veridian Cactus Set,,2026-09-08,5,
ftf,Antique Piano Set,,2026-09-08,10,
ftf,Pegasus Blade Set,,2026-09-08,37,
ftf,Pumpkin Slice Set,,2026-09-08,23,
ftf,Devilish Candle Set,,2026-09-08,31,
ftf,Grape Barrel Set,,2026-09-08,1,
ftf,Cherry Blossom Tree Set,,2026-09-08,21,
ftf,Woodland Staff Set,,2026-09-08,9,
ftf,Sakura Parasol Set,,2026-09-08,58,
ftf,Icecream Mix Set,,2026-09-08,30,
ftf,Pearl Piercer Set,,2026-09-08,20,
ftf,Bubbly Gun Set,,2026-09-08,39,
ftf,Soulless Theater Set,,2026-09-08,7,
ftf,Dark Mansion Set,,2026-09-08,0,
ftf,Flamingo Lake Set,,2026-09-08,9,
ftf,Lovesick Bow Set,,2026-09-08,28,
ftf,Cursed Circus Tent Set,,2026-09-08,2,
ftf,Theatrical Spotlight Set,,2026-09-08,5,
ftf,Year of the Horse Set,,2026-09-08,2,
ftf,Witch Hunter Set,,2026-09-08,7,
ftf,Jade Statue Set,,2026-09-08,3,
ftf,Snowboarder Penguin Set,,2026-09-08,4,
ftf,Coconut Set,,2026-09-08,6,
ftf,Pristine Chocolatery Set,,2026-09-08,4,
ftf,Autumn Scarecrow Set,,2026-09-08,2,
ftf,Honey Cheesecake Set,,2026-09-08,9,
ftf,Sand Castle Set,,2026-09-08,3,
ftf,Zombie Hand Set,,2026-09-08,1,
ftf,Bleak Ink Set,,2026-09-08,3,
ftf,Piano Keys,,2026-09-08,0,
ftf,8th Anniversary Set,,2026-09-08,1,
ftf,Summer Pattern Set,,2026-09-08,11,
ftf,Bottled Mariner Set,,2026-09-08,17,
ftf,BBQ Grill Set,,2026-09-08,6,
ftf,Lonely Heart Set,,2026-09-08,6,
ftf,Grilled Skewers Set,,2026-09-08,5,
ftf,Bubbly Wand Set,,2026-09-08,23,
ftf,Party Balloons Set,,2026-09-08,20,
ftf,Classic Set,,2026-09-08,14,
ftf,Dark Bone Crusher Set,,2026-09-08,7,
ftf,Phosphor Jellyfish Set,,2026-09-08,11,
ftf,Tombstone Bash Set,,2026-09-08,7,
ftf,Ghost Set,,2026-09-08,6,
ftf,Gothic Bouquet Set,,2026-09-08,17,
ftf,Bloodline Bat Set,,2026-09-08,3,
ftf,Unchained Beast Set,,2026-09-08,4,
ftf,Spooky Brew Set,,2026-09-08,12,
ftf,Midnight Wisp,,2026-09-08,0,
ftf,Batwing Basher Set,,2026-09-08,8,
ftf,Chilly Sweet's Vend Set,,2026-09-08,6,
ftf,Merry Music Box Set,,2026-09-08,5,
ftf,Sweethearts Store Set,,2026-09-08,6,
ftf,Spring World Set,,2026-09-08,4,
ftf,Deathberry Pie Set,,2026-09-08,2,
ftf,Spookpumpkin Pie Set,,2026-09-08,1,
ftf,Autumn Crops Set,,2026-09-08,4,
ftf,Dragon Puppet Set,,2026-09-08,8,
ftf,Moon Staff Set,,2026-09-08,7,
ftf,Watering Can Set,,2026-09-08,1,
ftf,Coffin Set,,2026-09-08,4,
ftf,Snowman Set,,2026-09-08,1,
ftf,Sunlit Butterflies Set,,2026-09-08,3,
ftf,Cranberry Barrel Set,,2026-09-08,0,
ftf,Lemonade Jar Set,,2026-09-08,1,
ftf,Galaxy Clouds Set,,2026-09-08,3,
ftf,Kraken's Ambush Set,,2026-09-08,3,
ftf,Chromatic Phoenix Set,,2026-09-08,6,
ftf,Energetic Poison Set,,2026-09-08,2,
ftf,Storm Surge Set,,2026-09-08,1,
ftf,Gingerdolph Set,,2026-09-08,2,
ftf,Lucky Top Hat Set,,2026-09-08,3,
ftf,Honey Hive Tree Set,,2026-09-08,5,
ftf,Leprechaun Boot Set,,2026-09-08,1,
ftf,Mycelium Mallet Set,,2026-09-08,3,
ftf,Pharaoh Sarcophagus Set,,2026-09-08,2,
ftf,Eye of Blizzaria Set,,2026-09-08,2,
ftf,Spraying Can Set,,2026-09-08,3,
ftf,Stars & Stripes,,2026-09-08,2,
ftf,Permafrost Axe Set,,2026-09-08,2,
ftf,Gingerbread House Set,,2026-09-08,1,
ftf,Fish Tank Set,,2026-09-08,5,
ftf,Shroomy Smasher Set,,2026-09-08,2,
ftf,Ancient Trident Set,,2026-09-08,6,
ftf,Strawberry Jelly Basket Set,,2026-09-08,3,
ftf,Frosted Frequency Set,,2026-09-08,1,
ftf,Twisted Passion Set,,2026-09-08,7,
ftf,Bloodthirst Axe Set,,2026-09-08,2,
ftf,Fall Harvester Set,,2026-09-08,1,
ftf,Circus Cage Set,,2026-09-08,3,
ftf,Choco Dip Set,,2026-09-08,9,
ftf,Bleeding Heart Set,,2026-09-08,3,
ftf,Sour Snowcone Set,,2026-09-08,4,
ftf,Bitter Lemonade Basket Set,,2026-09-08,4,
ftf,Ice Cream Pot Set,,2026-09-08,5,
ftf,Sprinkles Set,,2026-09-08,1,
ftf,Unicorn Starlight Set,,2026-09-08,3,
ftf,Night Snail Set,,2026-09-08,1,
ftf,Psycho’s Axe Set,,2026-09-08,5,
ftf,Vintage TV Set,,2026-09-08,2,
ftf,Toy Box Set,,2026-09-08,3,
ftf,Jingle Bells Set,,2026-09-08,2,
ftf,Water Gun Set,,2026-09-08,4,
ftf,Nightbloom Set,,2026-09-08,3,
ftf,Haunted Circus Tent Set,,2026-09-08,1,
ftf,Fairy Tale Book Set,,2026-09-08,4,
ftf,Mystical Trident Set,,2026-09-08,6,
ftf,Cherry Pie Set,,2026-09-08,3,
ftf,Owl Tree Set,,2026-09-08,1,
ftf,Lunar Witch Broom Set,,2026-09-08,3,
ftf,Celestial Witch Broom Set,,2026-09-08,1,
ftf,Jollyday Batter Set,,2026-09-08,0,
ftf,Autumn Tent Set,,2026-09-08,2,
ftf,Lion Dance Set,,2026-09-08,2,
ftf,Peppermint Set,,2026-09-08,2,
ftf,Blade of Thorns Set,,2026-09-08,0,
ftf,Fudge Bunny Set,,2026-09-08,4,
ftf,Forbidden Fortress Set,,2026-09-08,1,
ftf,Cozy Cocoa Set,,2026-09-08,2,
ftf,Piñata Set,,2026-09-08,4,
ftf,Santa's Reindeer Set,,2026-09-08,0,
ftf,Nuclear Waste Set,,2026-09-08,1,
ftf,Golden Firework Set,,2026-09-08,2,
ftf,Love Potion,,2026-09-08,4,
ftf,Caramel Roll Set,,2026-09-08,0,
ftf,Prismatic Crystal,,2026-09-08,0,
ftf,Ragebringer Set,,2026-09-08,0,
ftf,Strawberry Moo Plushie Set,,2026-09-08,4,
ftf,Gothic Rose,,2026-09-08,0,
ftf,Festive Fruitcake Set,,2026-09-08,3,
ftf,Easter Basket Set,,2026-09-08,2,
ftf,Stratis Set,,2026-09-08,0,
ftf,Sakura Set,,2026-09-08,10,
ftf,Gingerbread,,2026-09-08,1,
ftf,Coastal Lighthouse Set,,2026-09-08,3,
ftf,Devilborn Set,,2026-09-08,6,
ftf,Red Squeaky,,2026-09-08,3,
ftf,8 Ball,,2026-09-08,2,
ftf,Cave Spider,,2026-09-08,2,
ftf,Pumpkin Jack,,2026-09-08,1,
ftf,Garden Star,,2026-09-08,1,
ftf,3rd Anniversary Set,,2026-09-08,1,
ftf,Star,,2026-09-08,1,
ftf,Lil' Spooky,,2026-09-08,1,
ftf,Red Nutcracker Set,,2026-09-08,2,
ftf,Ice Sleigh Set,,2026-09-08,1,
ftf,Lilium Bush Set,,2026-09-08,4,
ftf,Starborne Reverie Set,,2026-09-08,2,
ftf,Cursed Painting Set,,2026-09-08,2,
ftf,Grapes,,2026-09-08,0,
ftf,Spring Plaid Set,,2026-09-08,0,
ftf,Ectoplasm Set,,2026-09-08,3,
ftf,Painting Roll Set,,2026-09-08,2,
ftf,Jade Viper Set,,2026-09-08,4,
ftf,Devilish Flame,,2026-09-08,2,
ftf,Cinnamon Latte Set,,2026-09-08,1,
ftf,Spooky Potion Set,,2026-09-08,1,
ftf,Phosphor Fish,,2026-09-08,1,
ftf,Sour Treats Set,,2026-09-08,0,
ftf,Fall Wheelbarrow Set,,2026-09-08,2,
ftf,Blank Set,,2026-09-08,1,
ftf,Blue Squeaky,,2026-09-08,1,
ftf,Festive Dots Wrap Set,,2026-09-08,1,
ftf,Forest Camo,,2026-09-08,1,
ftf,Caution,,2026-09-08,1,
ftf,Ruby Pixel,,2026-09-08,1,
ftf,Scareapple,,2026-09-08,1,
ftf,Alien,,2026-09-08,0,
ftf,Daisies Set,,2026-09-08,0,
ftf,Gingerbread Man,,2026-09-08,0,
ftf,Gamelan Panggul Set,,2026-09-08,3,
ftf,Moonlit Butterflies Set,,2026-09-08,4,
ftf,Cornucopia Set,,2026-09-08,1,
ftf,Jellybean Cake Set,,2026-09-08,1,
ftf,Midnight Light Set,,2026-09-08,0,
ftf,Lunar Scepter Set,,2026-09-08,3,
ftf,Ancestral Trident Set,,2026-09-08,4,
ftf,Ube Roll Set,,2026-09-08,0,
ftf,Malicious Treat Set,,2026-09-08,3,
ftf,Ruby Chest Set,,2026-09-08,3,
ftf,Easter Chick Set,,2026-09-08,3,
ftf,Warlock Hunter Set,,2026-09-08,4,
ftf,Paranormal Hot Balloon Set,,2026-09-08,3,
ftf,Gumball Machine Set,,2026-09-08,5,
ftf,Moo Moo,,2026-09-08,3,
ftf,6th Anniversary Set,,2026-09-08,2,
ftf,Clownfish Set,,2026-09-08,1,
ftf,Redcliff,,2026-09-08,2,
ftf,Default Plushie,,2026-09-08,0,
ftf,Beast Plushie,,2026-09-08,0,
ftf,2022,2022,2026-09-09,1,0
ftf,2023,2023,2026-09-09,1,0
ftf,2024,2024,2026-09-09,1,0
ftf,2026,2026,2026-09-09,2,0
ftf,2nd Anniversary,2nd-anniversary,2026-09-09,1,0
ftf,3rd Anniversary,3rd-anniversary,2026-09-09,1,
ftf,5 Billion,5-billion,2026-09-09,2,0
ftf,6th Anniversary,6th-anniversary,2026-09-09,1,0
ftf,8th Anniversary,8th-anniversary,2026-09-09,1,0
ftf,9th Anniversary,9th-anniversary,2026-09-09,1,0
ftf,Alchemist Hunter,alchemist-hunter,2026-09-09,6,0
ftf,Analog Horror,analog-horror,2026-09-09,0,1
ftf,Ancestral Trident,ancestral-trident,2026-09-09,2,1
ftf,Ancient Portal,ancient-portal,2026-09-09,1,0
ftf,Ancient Trident,ancient-trident,2026-09-09,10,0
ftf,Antique Piano,antique-piano,2026-09-09,8,0
ftf,Aurora,aurora,2026-09-09,1,0
ftf,Autumn Crops,autumn-crops,2026-09-09,2,0
ftf,Autumn Scarecrow,autumn-scarecrow,2026-09-09,2,0
ftf,Autumn Tent,autumn-tent,2026-09-09,3,0
ftf,Barren Broadcast,barren-broadcast,2026-09-09,3,0
ftf,Batwing Basher,batwing-basher,2026-09-09,0,1
ftf,BBQ Grill,bbq-grill,2026-09-09,3,0
ftf,Beach Boat,beach-boat,2026-09-09,4,0
ftf,Bitter Lemonade Basket,bitter-lemonade-basket,2026-09-09,3,0
ftf,Black Light Madness,black-light-madness,2026-09-09,1,0
ftf,Blade of Thorns,blade-of-thorns,2026-09-09,1,0
ftf,Bleak Ink,bleak-ink,2026-09-09,4,0
ftf,Bleeding Heart,bleeding-heart,2026-09-09,4,0
ftf,Blizzard,blizzard,2026-09-09,1,0
ftf,Bloodline Bat,bloodline-bat,2026-09-09,1,0
ftf,Bloodthirst Axe,bloodthirst-axe,2026-09-09,2,0
ftf,Blue Flax,blue-flax,2026-09-09,1,0
ftf,Blue Nutcracker,blue-nutcracker,2026-09-09,1,1
ftf,Blue Star Wrap,blue-star-wrap,2026-09-09,3,
ftf,Blueberry Jam Basket,blueberry-jam-basket,2026-09-09,3,1
ftf,Book of Fortunes,book-of-fortunes,2026-09-09,1,0
ftf,Bottled Mariner,bottled-mariner,2026-09-09,7,0
ftf,Bubble Wand,bubble-wand,2026-09-09,13,0
ftf,Bubbly Gun,bubbly-gun,2026-09-09,28,0
ftf,Candy Cane Jar,candy-cane-jar,2026-09-09,1,0
ftf,Candy Corn,candy-corn,2026-09-09,2,0
ftf,Caramel Roll,caramel-roll,2026-09-09,1,2
ftf,Carnival Ride,carnival-ride,2026-09-09,2,0
ftf,Carousel,carousel,2026-09-09,7,17
ftf,Cash,cash,2026-09-09,1,0
ftf,Celestial Witch Broom,celestial-witch-broom,2026-09-09,3,1
ftf,Cherry Blossom Tree,cherry-blossom-tree,2026-09-09,18,0
ftf,Cherry Pie,cherry-pie,2026-09-09,1,0
ftf,Chilly Sweets' Vend,chilly-sweets-vend,2026-09-09,3,0
ftf,Choco Dip,choco-dip,2026-09-09,12,2
ftf,Chocolate Mint,chocolate-mint,2026-09-09,1,1
ftf,Chocolate Treats,chocolate-treats,2026-09-09,1,
ftf,Christmas Cracker,christmas-cracker,2026-09-09,0,1
ftf,Christmas Lights,christmas-lights,2026-09-09,2,0
ftf,Chromatic Phoenix,chromatic-phoenix,2026-09-09,7,1
ftf,Cinnamon Latte,cinnamon-latte,2026-09-09,1,0
ftf,Circus Cage,circus-cage,2026-09-09,0,0
ftf,Circus Pattern,circus-pattern,2026-09-09,1,0
ftf,Classic,classic,2026-09-09,14,0
ftf,Clownfish,clownfish,2026-09-09,1,0
ftf,Cocoa Machine,cocoa-machine,2026-09-09,1,0
ftf,Coconut,coconut,2026-09-09,1,0
ftf,Coffin,coffin,2026-09-09,2,0
ftf,Confetti,confetti,2026-09-09,1,0
ftf,Coral Reefs,coral-reefs,2026-09-09,1,0
ftf,Cranberry Barrel,cranberry-barrel,2026-09-09,1,0
ftf,Cuddly Bunny,cuddly-bunny,2026-09-09,4,0
ftf,Cursed Circus Tent,cursed-circus-tent,2026-09-09,4,1
ftf,Cursed Painting,cursed-painting,2026-09-09,2,0
ftf,Dark Bone Crusher,dark-bone-crusher,2026-09-09,12,0
ftf,Dark Mansion,dark-mansion,2026-09-09,4,2
ftf,Dayflower,dayflower,2026-09-09,0,0
ftf,Deathberry Pie,deathberry-pie,2026-09-09,3,1
ftf,Devilborn,devilborn,2026-09-09,10,1
ftf,Devilish Candle,devilish-candle,2026-09-09,27,1
ftf,Doomthrust,doomthrust,2026-09-09,1,1
ftf,Dragon Puppet,dragon-puppet,2026-09-09,5,0
ftf,Dragon's Scales,dragons-scales,2026-09-09,1,0
ftf,Duck Bike,duck-bike,2026-09-09,1,0
ftf,Easter Basket,easter-basket,2026-09-09,2,0
ftf,Easter Chick,easter-chick,2026-09-09,2,0
ftf,Ectoplasm,ectoplasm,2026-09-09,3,0
ftf,Elf Box,elf-box,2026-09-09,2,
ftf,Enchanted Circus Tent,enchanted-circus-tent,2026-09-09,2,1
ftf,Energetic Poison,energetic-poison,2026-09-09,2,0
ftf,Fairy Tale Book,fairy-tale-book,2026-09-09,1,0
ftf,Fall Harvester,fall-harvester,2026-09-09,1,0
ftf,Fall Wheelbarrow,fall-wheelbarrow,2026-09-09,2,0
ftf,Festive Candelabra,festive-candelabra,2026-09-09,2,0
ftf,Festive Dots Wrap,festive-dots-wrap,2026-09-09,1,
ftf,Festive Fruitcake,festive-fruitcake,2026-09-09,1,1
ftf,Festive Pinecone,festive-pinecone,2026-09-09,1,0
ftf,Festive Train,festive-train,2026-09-09,1,0
ftf,Fiery Phoenix,fiery-phoenix,2026-09-09,4,1
ftf,Fish Tank,fish-tank,2026-09-09,3,0
ftf,Flamingo Car,flamingo-car,2026-09-09,11,0
ftf,Flamingo Lake,flamingo-lake,2026-09-09,2,0
ftf,Flourished Fountain,flourished-fountain,2026-09-09,3,0
ftf,Forbidden Fortress,forbidden-fortress,2026-09-09,2,
ftf,Frankenstein's Brain Jar,frankensteins-brain-jar,2026-09-09,1,0
ftf,Friendly Ghosts,friendly-ghosts,2026-09-09,2,0
ftf,Frost Engine,frost-engine,2026-09-09,0,1
ftf,Frostbite,frostbite,2026-09-09,4,1
ftf,Frosted Frequency,frosted-frequency,2026-09-09,1,0
ftf,Frosty's Mallet,frostys-mallet,2026-09-09,1,
ftf,Fruit Punch,fruit-punch,2026-09-09,1,0
ftf,Fruitcake,fruitcake,2026-09-09,1,
ftf,Fudge Bunny,fudge-bunny,2026-09-09,2,0
ftf,Fungal Thumper,fungal-thumper,2026-09-09,1,0
ftf,Galaxy Clouds,galaxy-clouds,2026-09-09,1,0
ftf,Gamelan Panggul,gamelan-panggul,2026-09-09,2,0
ftf,Ghost,ghost,2026-09-09,5,1
ftf,Gingerbread House,gingerbread-house,2026-09-09,1,0
ftf,Gingerdolph,gingerdolph,2026-09-09,2,0
ftf,Glowy Bush,glowy-bush,2026-09-09,1,0
ftf,Golden Firework,golden-firework,2026-09-09,1,0
ftf,Gothic Bouquet,gothic-bouquet,2026-09-09,1,2
ftf,Grandfather Clock,grandfather-clock,2026-09-09,1,0
ftf,Grape Barrel,grape-barrel,2026-09-09,2,0
ftf,Green Bumper Car,green-bumper-car,2026-09-09,3,0
ftf,Greenhouse,greenhouse,2026-09-09,2,0
ftf,Grilled Skewers,grilled-skewers,2026-09-09,1,0
ftf,Gumball Machine,gumball-machine,2026-09-09,3,1
ftf,Haunted Circus Tent,haunted-circus-tent,2026-09-09,2,1
ftf,Heat Core,heat-core,2026-09-09,1,
ftf,Holiday Hotline,holiday-hotline,2026-09-09,1,0
ftf,Hollow Scythe,hollow-scythe,2026-09-09,6,0
ftf,Honey Cheesecake,honey-cheesecake,2026-09-09,8,0
ftf,Honey Hive Tree,honey-hive-tree,2026-09-09,9,1
ftf,Hot Cocoa,hot-cocoa,2026-09-09,3,1
ftf,Hotdog,hotdog,2026-09-09,7,0
ftf,Ice Core,ice-core,2026-09-09,1,
ftf,Ice Cream Pot,ice-cream-pot,2026-09-09,1,1
ftf,Ice Sleigh,ice-sleigh,2026-09-09,1,0
ftf,Icecream Mix,icecream-mix,2026-09-09,21,3
ftf,Irish Harp,irish-harp,2026-09-09,1,0
ftf,Jade Chest,jade-chest,2026-09-09,1,0
ftf,Jade Statue,jade-statue,2026-09-09,2,1
ftf,Jade Viper,jade-viper,2026-09-09,2,0
ftf,Jello Dessert,jello-dessert,2026-09-09,1,2
ftf,Jellybean Cake,jellybean-cake,2026-09-09,4,0
ftf,Jingle Bells,jingle-bells,2026-09-09,1,0
ftf,Job Application,job-application,2026-09-09,0,2
ftf,Jolly Crimson,jolly-crimson,2026-09-09,1,0
ftf,Jollyday Batter,jollyday-batter,2026-09-09,2,0
ftf,Joyful Mailbox,joyful-mailbox,2026-09-09,0,1
ftf,Kraken's Ambush,krakens-ambush,2026-09-09,2,0
ftf,Krampus Chimney,krampus-chimney,2026-09-09,1,0
ftf,Lemonade Jar,lemonade-jar,2026-09-09,2,1
ftf,Light Bone Crusher,light-bone-crusher,2026-09-09,4,0
ftf,Lil' Devil,lil-devil,2026-09-09,1,0
ftf,Lilium Bush,lilium-bush,2026-09-09,6,2
ftf,Lily of The Valley,lily-of-the-valley,2026-09-09,3,0
ftf,Lime Mocktail,lime-mocktail,2026-09-09,1,0
ftf,Lion Dance,lion-dance,2026-09-09,2,0
ftf,Lonely Heart,lonely-heart,2026-09-09,2,0
ftf,Lovely Heart,lovely-heart,2026-09-09,3,0
ftf,Lovesick Bow,lovesick-bow,2026-09-09,4,6
ftf,Lucky Top Hat,lucky-top-hat,2026-09-09,3,0
ftf,Lunar Scepter,lunar-scepter,2026-09-09,6,0
ftf,Lunar Witch Broom,lunar-witch-broom,2026-09-09,1,0
ftf,Luxury Projector,luxury-projector,2026-09-09,1,0
ftf,Magic Mushroom,magic-mushroom,2026-09-09,1,0
ftf,Magical Voodoo,magical-voodoo,2026-09-09,3,1
ftf,Malicious Treat,malicious-treat,2026-09-09,1,0
ftf,Marine Anchor,marine-anchor,2026-09-09,6,1
ftf,Merry Music Box,merry-music-box,2026-09-09,5,0
ftf,Midnight Light,midnight-light,2026-09-09,3,0
ftf,Midnight Sea,midnight-sea,2026-09-09,1,0
ftf,Moon Staff,moon-staff,2026-09-09,2,0
ftf,Moonlit Butterflies,moonlit-butterflies,2026-09-09,2,0
ftf,Mothership,mothership,2026-09-09,2,0
ftf,Mycelium Mallet,mycelium-mallet,2026-09-09,2,0
ftf,Mystical Trident,mystical-trident,2026-09-09,5,2
ftf,Nebula,nebula,2026-09-09,2,
ftf,Nightbloom,nightbloom,2026-09-09,5,0
ftf,Nightmare Shadow,nightmare-shadow,2026-09-09,3,
ftf,Orange Mocktail,orange-mocktail,2026-09-09,2,1
ftf,Owl Tree,owl-tree,2026-09-09,1,0
ftf,Paint Canvas,paint-canvas,2026-09-09,2,1
ftf,Painting Roll,painting-roll,2026-09-09,3,0
ftf,Paranormal Hot Balloon,paranormal-hot-balloon,2026-09-09,1,0
ftf,Party Balloons,party-balloons,2026-09-09,2,3
ftf,Pearl Piercer,pearl-piercer,2026-09-09,19,2
ftf,Pegasus Blade,pegasus-blade,2026-09-09,31,2
ftf,Permafrost Axe,permafrost-axe,2026-09-09,3,0
ftf,Phantom Light,phantom-light,2026-09-09,3,0
ftf,Pharaoh Sarcophagus,pharaoh-sarcophagus,2026-09-09,1,0
ftf,Phosphor Jellyfish,phosphor-jellyfish,2026-09-09,11,2
ftf,Piñata,pi-ata,2026-09-09,5,1
ftf,Pirate,pirate,2026-09-09,2,1
ftf,Pizza Slice,pizza-slice,2026-09-09,7,0
ftf,Polar Bear Present,polar-bear-present,2026-09-09,1,0
ftf,Popcorn N' Kernel,popcorn-n-kernel,2026-09-09,1,0
ftf,Popcorn Stand,popcorn-stand,2026-09-09,4,4
ftf,Pot O' Gold,pot-o-gold,2026-09-09,3,0
ftf,Pristine Chocolatery,pristine-chocolatery,2026-09-09,5,0
ftf,Psycho's Axe,psychos-axe,2026-09-09,7,1
ftf,Psycho's Chainsaw,psychos-chainsaw,2026-09-09,8,4
ftf,Pumpkin,pumpkin,2026-09-09,1,
ftf,Pumpkin Slice,pumpkin-slice,2026-09-09,1,0
ftf,Purple Bumper Car,purple-bumper-car,2026-09-09,6,0
ftf,Queen of Hearts,queen-of-hearts,2026-09-09,1,0
ftf,Ragebringer,ragebringer,2026-09-09,0,2
ftf,Red Nutcracker,red-nutcracker,2026-09-09,2,1
ftf,Red Panda,red-panda,2026-09-09,1,0
ftf,Reptile Skin,reptile-skin,2026-09-09,0,1
ftf,Roasted Turkey,roasted-turkey,2026-09-09,3,0
ftf,Ruby Chest,ruby-chest,2026-09-09,2,0
ftf,Rudolph's Nose,rudolphs-nose,2026-09-09,1,
ftf,Sakura,sakura,2026-09-09,15,0
ftf,Sakura Parasol,sakura-parasol,2026-09-09,3,6
ftf,Sand Castle,sand-castle,2026-09-09,3,1
ftf,Santa Boot,santa-boot,2026-09-09,1,1
ftf,Santa Chimney,santa-chimney,2026-09-09,2,0
ftf,Scareapple Pie,scareapple-pie,2026-09-09,1,0
ftf,Scarecrow Patches,scarecrow-patches,2026-09-09,1,0
ftf,Scarlet Firework,scarlet-firework,2026-09-09,1,0
ftf,Sea Monster,sea-monster,2026-09-09,1,0
ftf,Seashore Shells,seashore-shells,2026-09-09,1,0
ftf,Shroomy Smasher,shroomy-smasher,2026-09-09,4,0
ftf,Silly Clown,silly-clown,2026-09-09,5,0
ftf,Snowboarder Penguin,snowboarder-penguin,2026-09-09,5,0
ftf,Snowing,snowing,2026-09-09,1,
ftf,Snowman,snowman,2026-09-09,1,1
ftf,Snowy Forest,snowy-forest,2026-09-09,0,1
ftf,Solar Witch Broom,solar-witch-broom,2026-09-09,2,0
ftf,Soulless Theater,soulless-theater,2026-09-09,6,0
ftf,Sour Candy,sour-candy,2026-09-09,1,0
ftf,Sour Snowcone,sour-snowcone,2026-09-09,3,0
ftf,Sour Treats,sour-treats,2026-09-09,1,0
ftf,Spiteful Treat,spiteful-treat,2026-09-09,1,0
ftf,Spookpumpkin Pie,spookpumpkin-pie,2026-09-09,3,0
ftf,Spooky Bats,spooky-bats,2026-09-09,1,0
ftf,Spooky Brew,spooky-brew,2026-09-09,8,1
ftf,Spraying Can,spraying-can,2026-09-09,2,0
ftf,Spring Plaid,spring-plaid,2026-09-09,0,1
ftf,Spring World,spring-world,2026-09-09,6,0
ftf,Sprinkles,sprinkles,2026-09-09,1,0
ftf,Starborne Reverie,starborne-reverie,2026-09-09,1,0
ftf,Storm Surge,storm-surge,2026-09-09,1,0
ftf,Strawberries,strawberries,2026-09-09,0,1
ftf,Strawberry Garden,strawberry-garden,2026-09-09,11,2
ftf,Strawberry Jelly Basket,strawberry-jelly-basket,2026-09-09,1,1
ftf,Summer Pattern,summer-pattern,2026-09-09,2,0
ftf,Summer Plaid,summer-plaid,2026-09-09,0,1
ftf,Sunlit Butterflies,sunlit-butterflies,2026-09-09,4,0
ftf,Sweet Snowcone,sweet-snowcone,2026-09-09,3,0
ftf,Sweet Train,sweet-train,2026-09-09,2,0
ftf,Sweet Treats,sweet-treats,2026-09-09,3,0
ftf,Sweethearts Store,sweethearts-store,2026-09-09,1,1
ftf,Theatrical Spotlight,theatrical-spotlight,2026-09-09,3,1
ftf,Tidal Waves,tidal-waves,2026-09-09,1,0
ftf,Tomato Eater Gopher,tomato-eater-gopher,2026-09-09,1,0
ftf,Tombstone Bash,tombstone-bash,2026-09-09,4,0
ftf,Toy Box,toy-box,2026-09-09,2,0
ftf,Toy Elf,toy-elf,2026-09-09,1,1
ftf,Toy Santa,toy-santa,2026-09-09,0,1
ftf,Tropical Drink,tropical-drink,2026-09-09,2,1
ftf,Twisted Passion,twisted-passion,2026-09-09,6,0
ftf,Ube Roll,ube-roll,2026-09-09,2,2
ftf,Unchained Beast,unchained-beast,2026-09-09,3,1
ftf,Underwater Ocean,underwater-ocean,2026-09-09,1,0
ftf,Unicorn Starlight,unicorn-starlight,2026-09-09,4,1
ftf,Vanilla Brownie,vanilla-brownie,2026-09-09,1,0
ftf,Vanillaberry Cake,vanillaberry-cake,2026-09-09,4,0
ftf,Veggie Eater Gopher,veggie-eater-gopher,2026-09-09,2,0
ftf,Veridian Cactus,veridian-cactus,2026-09-09,3,0
ftf,Vintage TV,vintage-tv,2026-09-09,1,2
ftf,VIP Ban Hammer,vip-ban-hammer,2026-09-09,1,0
ftf,Warlock Hunter,warlock-hunter,2026-09-09,2,0
ftf,Water Gun,water-gun,2026-09-09,3,1
ftf,Watering Can,watering-can,2026-09-09,4,0
ftf,Winter Breeze,winter-breeze,2026-09-09,2,0
ftf,Winter Swirl,winter-swirl,2026-09-09,1,0
ftf,Winter Train,winter-train,2026-09-09,1,1
ftf,Witch Hunter,witch-hunter,2026-09-09,6,0
ftf,Woodland Staff,woodland-staff,2026-09-09,9,1
ftf,Year of the Horse,year-of-the-horse,2026-09-09,1,0
ftf,Yule Log,yule-log,2026-09-09,1,0
ftf,Yuletide Gift,yuletide-gift,2026-09-09,1,0
ftf,Zombie Hand,zombie-hand,2026-09-09,1,0
ftf,5 Billion Set,,2026-09-09,2,
ftf,Purple Bumper Car Set,,2026-09-09,6,
ftf,Easter Chick Set,,2026-09-09,2,
ftf,Gamelan Panggul Set,,2026-09-09,2,
ftf,Carousel Set,,2026-09-09,83,
ftf,Candy Corn Set,,2026-09-09,1,
ftf,Scareapple,,2026-09-09,0,
ftf,Veridian Cactus Set,,2026-09-09,3,
ftf,Garden Star,,2026-09-09,2,
ftf,Christmas Cracker Set,,2026-09-09,0,
ftf,Redcliff,,2026-09-09,1,
ftf,Circus Cage Set,,2026-09-09,4,
ftf,Cash Set,,2026-09-09,1,
ftf,Festive Candelabra Set,,2026-09-09,2,
ftf,Psycho’s Chainsaw Set,,2026-09-09,8,
ftf,Fortress Knight,,2026-09-09,1,
ftf,Winter Train Set,,2026-09-09,1,
ftf,Frostbite Set,,2026-09-09,1,
ftf,Analog Horror Set,,2026-09-09,0,
ftf,Sweet Train Set,,2026-09-09,2,
ftf,Lilium Bush Set,,2026-09-09,6,
ftf,Starborne Reverie Set,,2026-09-09,1,
ftf,Zombie Hand Set,,2026-09-09,2,
ftf,Jade Viper Set,,2026-09-09,2,
ftf,Fudge Bunny Set,,2026-09-09,2,
ftf,Blue Flax Set,,2026-09-09,1,
ftf,Red Panda Set,,2026-09-09,1,
ftf,Festive Fruitcake Set,,2026-09-09,2,
ftf,Yuletide Gift Set,,2026-09-09,1,
ftf,Sweet Treats Set,,2026-09-09,3,
ftf,Painting Roll Set,,2026-09-09,3,
ftf,Sweet Snowcone Set,,2026-09-09,3,
ftf,Cuddly Bunny Set,,2026-09-09,4,
ftf,Sour Treats Set,,2026-09-09,1,
ftf,Party Hat,,2026-09-09,2,
ftf,Dragon Puppet Set,,2026-09-09,5,
ftf,Cherry Pie Set,,2026-09-09,1,
ftf,Unicorn Starlight Set,,2026-09-09,4,
ftf,Magic Mushroom Set,,2026-09-09,1,
ftf,Strawberries Set,,2026-09-09,0,
ftf,Love Letter,,2026-09-09,1,
ftf,Circus Pattern Set,,2026-09-09,1,
ftf,Psycho’s Axe Set,,2026-09-09,7,
ftf,Cursed Painting Set,,2026-09-09,1,
ftf,Pumpkin Pie,,2026-09-09,1,
ftf,Concrete,,2026-09-09,2,
ftf,Cranberry Barrel Set,,2026-09-09,1,
ftf,Dark Mansion Set,,2026-09-09,4,
ftf,Jellybean Cake Set,,2026-09-09,4,
ftf,Luxury Projector Set,,2026-09-09,1,
ftf,Winter Breeze Set,,2026-09-09,2,
ftf,Vintage TV Set,,2026-09-09,1,
ftf,Grilled Skewers Set,,2026-09-09,1,
ftf,Magical Voodoo Set,,2026-09-09,3,
ftf,VIP Ban Hammer Set,,2026-09-09,1,
ftf,Tombstone Bash Set,,2026-09-09,4,
ftf,Sakura Perfume,,2026-09-09,2,
ftf,Ghost Set,,2026-09-09,5,
ftf,Sakura Set,,2026-09-09,15,
ftf,Honey Hive Tree Set,,2026-09-09,9,
ftf,Enchanted Circus Tent Set,,2026-09-09,2,
ftf,9th Anniversary Set,,2026-09-09,1,
ftf,Irish Harp Set,,2026-09-09,1,
ftf,Gumball Machine Set,,2026-09-09,3,
ftf,Toy Box Set,,2026-09-09,2,
ftf,Pizza Slice Set,,2026-09-09,7,
ftf,Barren Broadcast Set,,2026-09-09,3,
ftf,Frankenstein's Brain Jar Set,,2026-09-09,1,
ftf,Ancient Portal Set,,2026-09-09,1,
ftf,Antique Piano Set,,2026-09-09,8,
ftf,Fairy Tale Book Set,,2026-09-09,3,
ftf,Pirate Set,,2026-09-09,2,
ftf,Ruby Chest Set,,2026-09-09,2,
ftf,Mycelium Mallet Set,,2026-09-09,2,
ftf,Mystical Trident Set,,2026-09-09,5,
ftf,Ladybug Spots,,2026-09-09,2,
ftf,Hotdog Set,,2026-09-09,7,
ftf,Pharaoh Sarcophagus Set,,2026-09-09,1,
ftf,Snowflake,,2026-09-09,0,
ftf,Lunar Witch Broom Set,,2026-09-09,4,
ftf,Autumn Crops Set,,2026-09-09,2,
ftf,Deathberry Pie Set,,2026-09-09,3,
ftf,Golden Locket,,2026-09-09,1,
ftf,Devilish Flame,,2026-09-09,1,
ftf,Popcorn Stand Set,,2026-09-09,7,
ftf,Lunar Scepter Set,,2026-09-09,6,
ftf,Radiant Shell,,2026-09-09,1,
ftf,Lonely Heart Set,,2026-09-09,5,
ftf,Devilborn Set,,2026-09-09,10,
ftf,Fiery Phoenix Set,,2026-09-09,4,
ftf,Witch Hunter Set,,2026-09-09,6,
ftf,Confetti Set,,2026-09-09,1,
ftf,Fish Tank Set,,2026-09-09,2,
ftf,Devilish Candle Set,,2026-09-09,27,
ftf,Bubbly Gun Set,,2026-09-09,28,
ftf,Midnight Light Set,,2026-09-09,2,
ftf,Flourished Fountain Set,,2026-09-09,1,
ftf,Nightbloom Set,,2026-09-09,5,
ftf,Roasted Turkey Set,,2026-09-09,3,
ftf,Haunted Circus Tent Set,,2026-09-09,2,
ftf,Solar Witch Broom Set,,2026-09-09,2,
ftf,Jingle Bells Set,,2026-09-09,1,
ftf,Moonlit Butterflies Set,,2026-09-09,2,
ftf,Green Bumper Car Set,,2026-09-09,3,
ftf,Strawberry Moo Plushie Set,,2026-09-09,8,
ftf,2023 Set,,2026-09-09,1,
ftf,Carnival Ride Set,,2026-09-09,12,
ftf,Bubbly Wand Set,,2026-09-09,13,
ftf,Autumn Tent Set,,2026-09-09,3,
ftf,Love Potion,,2026-09-09,3,
ftf,Bitter Lemonade Basket Set,,2026-09-09,3,
ftf,Sour Snowcone Set,,2026-09-09,3,
ftf,Choco Dip Set,,2026-09-09,12,
ftf,Snowboarder Penguin Set,,2026-09-09,5,
ftf,Twisted Passion Set,,2026-09-09,6,
ftf,Ancient Trident Set,,2026-09-09,10,
ftf,Flamingo Car Set,,2026-09-09,11,
ftf,Strawberry Jelly Basket Set,,2026-09-09,8,
ftf,Shroomy Smasher Set,,2026-09-09,4,
ftf,Spooky Bats Set,,2026-09-09,1,
ftf,Scareapple Pie Set,,2026-09-09,1,
ftf,Lunar Witch Hat,,2026-09-09,2,
ftf,Bleak Ink Set,,2026-09-09,4,
ftf,Friendly Ghosts Set,,2026-09-09,2,
ftf,Summer Plaid Set,,2026-09-09,0,
ftf,Tidal Waves Set,,2026-09-09,1,
ftf,Coral Reefs Set,,2026-09-09,1,
ftf,Jollyday Batter Set,,2026-09-09,2,
ftf,Celestial Witch Broom Set,,2026-09-09,3,
ftf,Silly Clown Set,,2026-09-09,16,
ftf,Elf Hat,,2026-09-09,2,
ftf,Fungal Thumper Set,,2026-09-09,5,
ftf,Dayflower Set,,2026-09-09,3,
ftf,Permafrost Axe Set,,2026-09-09,3,
ftf,Mothership Set,,2026-09-09,2,
ftf,Strawberry Shortcake,,2026-09-09,1,
ftf,Snowy Forest Set,,2026-09-09,0,
ftf,Midnight Sea Set,,2026-09-09,1,
ftf,Golden Firework Set,,2026-09-09,1,
ftf,Spooky Brew Set,,2026-09-09,8,
ftf,Flamingo Lake Set,,2026-09-09,2,
ftf,Dark Bone Crusher Set,,2026-09-09,12,
ftf,Grape Barrel Set,,2026-09-09,2,
ftf,Ancestral Trident Set,,2026-09-09,2,
ftf,Lime Mocktail Set,,2026-09-09,1,
ftf,Psycho’s Chainsaw,,2026-09-09,1,
ftf,Sweethearts Store Set,,2026-09-09,9,
ftf,Gothic Bouquet Set,,2026-09-09,25,
ftf,Lovesick Bow Set,,2026-09-09,40,
ftf,Cherry Blossom Tree Set,,2026-09-09,18,
ftf,Frost Engine Set,,2026-09-09,0,
ftf,Water Gun Set,,2026-09-09,3,
ftf,Dark Bone Plushie,,2026-09-09,1,
ftf,Bloodline Bat Set,,2026-09-09,1,
ftf,Coconut Set,,2026-09-09,1,
ftf,Pristine Chocolatery Set,,2026-09-09,5,
ftf,Unchained Beast Set,,2026-09-09,3,
ftf,Lovely Heart Set,,2026-09-09,3,
ftf,Popcorn N' Kernel Set,,2026-09-09,1,
ftf,Book of Fortunes Set,,2026-09-09,7,
ftf,Cursed Circus Tent Set,,2026-09-09,4,
ftf,Soulless Theater Set,,2026-09-09,6,
ftf,BBQ Grill Set,,2026-09-09,3,
ftf,Tropical Drink Set,,2026-09-09,2,
ftf,Bottled Mariner Set,,2026-09-09,7,
ftf,Batwing Basher Set,,2026-09-09,11,
ftf,Phantom Light Set,,2026-09-09,3,
ftf,Party Balloons Set,,2026-09-09,17,
ftf,Chilly Sweet's Vend Set,,2026-09-09,3,
ftf,Blue Nutcracker Set,,2026-09-09,1,
ftf,Caramel Roll Set,,2026-09-09,1,
ftf,Malicious Treat Set,,2026-09-09,1,
ftf,Ube Roll Set,,2026-09-09,2,
ftf,Theatrical Spotlight Set,,2026-09-09,3,
ftf,Pearl Piercer Set,,2026-09-09,19,
ftf,S'mores,,2026-09-09,2,
ftf,Icecream Mix Set,,2026-09-09,21,
ftf,Summer Pattern Set,,2026-09-09,3,
ftf,Coffin Set,,2026-09-09,2,
ftf,Sunlit Butterflies Set,,2026-09-09,4,
ftf,Ice Cream Pot Set,,2026-09-09,1,
ftf,Bleeding Heart Set,,2026-09-09,4,
ftf,Spring World Set,,2026-09-09,6,
ftf,Lemonade Jar Set,,2026-09-09,2,
ftf,Underwater Ocean Set,,2026-09-09,1,
ftf,Galaxy Clouds Set,,2026-09-09,1,
ftf,6th Anniversary Set,,2026-09-09,1,
ftf,Greenhouse Set,,2026-09-09,2,
ftf,Toy Santa Set,,2026-09-09,0,
ftf,Kraken's Ambush Set,,2026-09-09,2,
ftf,Reptile Skin Set,,2026-09-09,0,
ftf,Warlock Hunter Set,,2026-09-09,2,
ftf,J*b Application Set,,2026-09-09,0,
ftf,Twilight Shell,,2026-09-09,1,
ftf,Year of the Horse Set,,2026-09-09,1,
ftf,8 Ball,,2026-09-09,1,
ftf,Pegasus Blade Set,,2026-09-09,31,
ftf,Pot O' Gold Set,,2026-09-09,3,
ftf,Lily of The Valley Set,,2026-09-09,13,
ftf,Piñata Set,,2026-09-09,5,
ftf,Light Bone Crusher Set,,2026-09-09,4,
ftf,Duck Bike Set,,2026-09-09,12,
ftf,Sakura Parasol Set,,2026-09-09,40,
ftf,Spookpumpkin Pie Set,,2026-09-09,3,
ftf,Honey Cheesecake Set,,2026-09-09,8,
ftf,Santa Chimney Set,,2026-09-09,2,
ftf,Spraying Can Set,,2026-09-09,2,
ftf,Paranormal Hot Balloon Set,,2026-09-09,1,
ftf,Strawberry Garden Set,,2026-09-09,11,
ftf,Moon Staff Set,,2026-09-09,11,
ftf,Tomato Eater Gopher Set,,2026-09-09,1,
ftf,Watering Can Set,,2026-09-09,2,
ftf,Blade of Thorns Set,,2026-09-09,1,
ftf,Pumpkin Slice Set,,2026-09-09,24,
ftf,Marine Anchor Set,,2026-09-09,6,
ftf,Veggie Eater Gopher Set,,2026-09-09,2,
ftf,Chromatic Phoenix Set,,2026-09-09,7,
ftf,Jade Statue Set,,2026-09-09,0,
ftf,2020,2020,2026-09-10,1,0
ftf,2021,2021,2026-09-10,1,0
ftf,2022,2022,2026-09-10,3,0
ftf,2023,2023,2026-09-10,2,0
ftf,2024,2024,2026-09-10,2,0
ftf,2025,2025,2026-09-10,1,0
ftf,2026,2026,2026-09-10,3,0
ftf,2nd Anniversary,2nd-anniversary,2026-09-10,4,0
ftf,3rd Anniversary,3rd-anniversary,2026-09-10,1,0
ftf,4th Anniversary,4th-anniversary,2026-09-10,2,0
ftf,5 Billion,5-billion,2026-09-10,4,0
ftf,6th Anniversary,6th-anniversary,2026-09-10,3,0
ftf,7th Anniversary,7th-anniversary,2026-09-10,1,0
ftf,8th Anniversary,8th-anniversary,2026-09-10,3,0
ftf,9th Anniversary,9th-anniversary,2026-09-10,4,0
ftf,Alchemist Hunter,alchemist-hunter,2026-09-10,3,0
ftf,Ancestral Trident,ancestral-trident,2026-09-10,4,1
ftf,Ancient Portal,ancient-portal,2026-09-10,1,0
ftf,Ancient Trident,ancient-trident,2026-09-10,4,0
ftf,Antique Piano,antique-piano,2026-09-10,6,1
ftf,Aurora,aurora,2026-09-10,1,0
ftf,Aurora Abolisher,aurora-abolisher,2026-09-10,1,0
ftf,Autumn Crops,autumn-crops,2026-09-10,1,0
ftf,Autumn Foliage,autumn-foliage,2026-09-10,1,0
ftf,Autumn Lamp,autumn-lamp,2026-09-10,1,0
ftf,Autumn Scarecrow,autumn-scarecrow,2026-09-10,1,0
ftf,Autumn Tent,autumn-tent,2026-09-10,1,0
ftf,Balloon Animals,balloon-animals,2026-09-10,2,0
ftf,Bamboo,bamboo,2026-09-10,1,0
ftf,Barn,barn,2026-09-10,2,0
ftf,Barren Broadcast,barren-broadcast,2026-09-10,1,0
ftf,Batwing Basher,batwing-basher,2026-09-10,11,2
ftf,BBQ Grill,bbq-grill,2026-09-10,1,0
ftf,Beach Boat,beach-boat,2026-09-10,3,0
ftf,Bio Core,bio-core,2026-09-10,1,
ftf,Bitter Lemonade Basket,bitter-lemonade-basket,2026-09-10,3,0
ftf,Black Light Madness,black-light-madness,2026-09-10,2,0
ftf,Blade of Thorns,blade-of-thorns,2026-09-10,2,0
ftf,Bleak Ink,bleak-ink,2026-09-10,3,0
ftf,Bleeding Heart,bleeding-heart,2026-09-10,2,0
ftf,Bloodline Bat,bloodline-bat,2026-09-10,5,0
ftf,Bloodthirst Axe,bloodthirst-axe,2026-09-10,4,0
ftf,Blue Flax,blue-flax,2026-09-10,1,0
ftf,Blue Nutcracker,blue-nutcracker,2026-09-10,0,1
ftf,Blue Star Wrap,blue-star-wrap,2026-09-10,2,
ftf,Blueberry Jam Basket,blueberry-jam-basket,2026-09-10,1,2
ftf,Book of Fortunes,book-of-fortunes,2026-09-10,3,0
ftf,Bottled Mariner,bottled-mariner,2026-09-10,14,0
ftf,Broken Mirror,broken-mirror,2026-09-10,1,0
ftf,Bubble Wand,bubble-wand,2026-09-10,17,0
ftf,Bubbly Gun,bubbly-gun,2026-09-10,21,1
ftf,Candy Cane Jar,candy-cane-jar,2026-09-10,1,0
ftf,Candy Corn,candy-corn,2026-09-10,1,0
ftf,Caramel Roll,caramel-roll,2026-09-10,1,2
ftf,Carnival Pier,carnival-pier,2026-09-10,2,0
ftf,Carnival Ride,carnival-ride,2026-09-10,1,0
ftf,Carousel,carousel,2026-09-10,3,6
ftf,Cash,cash,2026-09-10,1,0
ftf,Celestial Witch Broom,celestial-witch-broom,2026-09-10,2,1
ftf,Cherry Blossom Tree,cherry-blossom-tree,2026-09-10,12,1
ftf,Cherry Pie,cherry-pie,2026-09-10,1,0
ftf,Chilly Sweets' Vend,chilly-sweets-vend,2026-09-10,6,0
ftf,Choco Dip,choco-dip,2026-09-10,5,2
ftf,Chocolate Confetti,chocolate-confetti,2026-09-10,6,0
ftf,Christmas Cracker,christmas-cracker,2026-09-10,0,1
ftf,Chromatic Phoenix,chromatic-phoenix,2026-09-10,8,1
ftf,Cinnamon Latte,cinnamon-latte,2026-09-10,1,0
ftf,Circus Cage,circus-cage,2026-09-10,1,0
ftf,Circus Pattern,circus-pattern,2026-09-10,2,0
ftf,Classic,classic,2026-09-10,1,0
ftf,Clownfish,clownfish,2026-09-10,1,0
ftf,Coastal Lighthouse,coastal-lighthouse,2026-09-10,2,0
ftf,Coconut,coconut,2026-09-10,3,0
ftf,Coffin,coffin,2026-09-10,3,0
ftf,Confetti,confetti,2026-09-10,2,1
ftf,Coral Reefs,coral-reefs,2026-09-10,1,0
ftf,Cornucopia,cornucopia,2026-09-10,3,0
ftf,Corruption,corruption,2026-09-10,1,0
ftf,Cotton Candy,cotton-candy,2026-09-10,1,
ftf,Cranberry Barrel,cranberry-barrel,2026-09-10,1,0
ftf,Cuddly Bunny,cuddly-bunny,2026-09-10,5,2
ftf,Cursed Circus Tent,cursed-circus-tent,2026-09-10,2,1
ftf,Cursed Painting,cursed-painting,2026-09-10,1,0
ftf,Cursed Voodoo,cursed-voodoo,2026-09-10,1,0
ftf,Dark Bone Crusher,dark-bone-crusher,2026-09-10,6,0
ftf,Dark Mansion,dark-mansion,2026-09-10,1,1
ftf,Dave Pumpkins,dave-pumpkins,2026-09-10,2,0
ftf,Dayflower,dayflower,2026-09-10,4,0
ftf,Deathberry Pie,deathberry-pie,2026-09-10,1,1
ftf,Devilborn,devilborn,2026-09-10,7,3
ftf,Devilish Candle,devilish-candle,2026-09-10,26,3
ftf,Doomthrust,doomthrust,2026-09-10,1,1
ftf,Dracula's Castle,draculas-castle,2026-09-10,1,0
ftf,Dragon Puppet,dragon-puppet,2026-09-10,6,1
ftf,Dragon's Scales,dragons-scales,2026-09-10,1,0
ftf,Duck Bike,duck-bike,2026-09-10,18,0
ftf,Easter Chick,easter-chick,2026-09-10,1,0
ftf,Ectoplasm,ectoplasm,2026-09-10,2,0
ftf,Elf Box,elf-box,2026-09-10,1,0
ftf,Enchanted Circus Tent,enchanted-circus-tent,2026-09-10,2,1
ftf,Energetic Poison,energetic-poison,2026-09-10,1,0
ftf,Eye of Blizzaria,eye-of-blizzaria,2026-09-10,3,0
ftf,Fairy Tale Book,fairy-tale-book,2026-09-10,2,0
ftf,Fall Foliage,fall-foliage,2026-09-10,1,0
ftf,Fall Harvester,fall-harvester,2026-09-10,1,0
ftf,Fall Wheelbarrow,fall-wheelbarrow,2026-09-10,4,0
ftf,Festive Candelabra,festive-candelabra,2026-09-10,1,0
ftf,Festive Fruitcake,festive-fruitcake,2026-09-10,3,0
ftf,Festive Pinecone,festive-pinecone,2026-09-10,3,0
ftf,Festive Train,festive-train,2026-09-10,1,0
ftf,Fiery Phoenix,fiery-phoenix,2026-09-10,1,2
ftf,Fish Tank,fish-tank,2026-09-10,2,0
ftf,Flags,flags,2026-09-10,2,0
ftf,Flamingo Car,flamingo-car,2026-09-10,18,0
ftf,Flamingo Lake,flamingo-lake,2026-09-10,9,0
ftf,Flesh,flesh,2026-09-10,1,0
ftf,Flourished Fountain,flourished-fountain,2026-09-10,2,1
ftf,Frankenstein's Brain Jar,frankensteins-brain-jar,2026-09-10,1,0
ftf,Friendly Ghosts,friendly-ghosts,2026-09-10,1,0
ftf,Frost Engine,frost-engine,2026-09-10,0,1
ftf,Frostbite,frostbite,2026-09-10,2,1
ftf,Frosted Frequency,frosted-frequency,2026-09-10,3,0
ftf,Fudge Bunny,fudge-bunny,2026-09-10,3,0
ftf,Fungal Thumper,fungal-thumper,2026-09-10,1,0
ftf,Galaxy Clouds,galaxy-clouds,2026-09-10,2,1
ftf,Gamelan Panggul,gamelan-panggul,2026-09-10,1,0
ftf,Ghost,ghost,2026-09-10,3,0
ftf,Gingerbread House,gingerbread-house,2026-09-10,3,1
ftf,Glowy Bush,glowy-bush,2026-09-10,1,0
ftf,Golden Firework,golden-firework,2026-09-10,1,0
ftf,Gothic Bouquet,gothic-bouquet,2026-09-10,16,5
ftf,Grape Barrel,grape-barrel,2026-09-10,2,0
ftf,Green Bumper Car,green-bumper-car,2026-09-10,6,0
ftf,Green Peppermint,green-peppermint,2026-09-10,2,
ftf,Greenhouse,greenhouse,2026-09-10,3,0
ftf,Grilled Skewers,grilled-skewers,2026-09-10,2,0
ftf,Grim Galleon,grim-galleon,2026-09-10,0,1
ftf,Gumball Machine,gumball-machine,2026-09-10,2,1
ftf,Hamburger,hamburger,2026-09-10,2,0
ftf,Haunted Circus Tent,haunted-circus-tent,2026-09-10,2,2
ftf,Holiday Hotline,holiday-hotline,2026-09-10,1,0
ftf,Hollow Scythe,hollow-scythe,2026-09-10,5,1
ftf,Honey Cheesecake,honey-cheesecake,2026-09-10,7,0
ftf,Honey Hive Tree,honey-hive-tree,2026-09-10,8,0
ftf,Hot Cocoa,hot-cocoa,2026-09-10,0,1
ftf,Hotdog,hotdog,2026-09-10,10,0
ftf,Ice Cream Pot,ice-cream-pot,2026-09-10,3,0
ftf,Ice Sleigh,ice-sleigh,2026-09-10,1,0
ftf,Icecream Mix,icecream-mix,2026-09-10,14,4
ftf,Igloo,igloo,2026-09-10,1,0
ftf,Irish Harp,irish-harp,2026-09-10,2,0
ftf,Jade Statue,jade-statue,2026-09-10,1,0
ftf,Jade Viper,jade-viper,2026-09-10,1,0
ftf,Jello Dessert,jello-dessert,2026-09-10,1,0
ftf,Jellybean Cake,jellybean-cake,2026-09-10,2,0
ftf,Jingle Bells,jingle-bells,2026-09-10,2,0
ftf,Jolly Crimson,jolly-crimson,2026-09-10,1,0
ftf,Jollyday Batter,jollyday-batter,2026-09-10,3,1
ftf,Kraken's Ambush,krakens-ambush,2026-09-10,2,0
ftf,Krampus Chimney,krampus-chimney,2026-09-10,1,0
ftf,Lemonade Jar,lemonade-jar,2026-09-10,2,0
ftf,Leprechaun Boot,leprechaun-boot,2026-09-10,2,0
ftf,Light Bone Crusher,light-bone-crusher,2026-09-10,4,0
ftf,Lil' Devil,lil-devil,2026-09-10,1,0
ftf,Lil' Tree,lil-tree,2026-09-10,2,0
ftf,Lilium Bush,lilium-bush,2026-09-10,5,1
ftf,Lily of The Valley,lily-of-the-valley,2026-09-10,4,2
ftf,Lonely Heart,lonely-heart,2026-09-10,5,0
ftf,Lovely Heart,lovely-heart,2026-09-10,1,0
ftf,Lovesick Bow,lovesick-bow,2026-09-10,3,4
ftf,Lucky Top Hat,lucky-top-hat,2026-09-10,1,0
ftf,Lunar Scepter,lunar-scepter,2026-09-10,4,0
ftf,Lunar Witch Broom,lunar-witch-broom,2026-09-10,2,0
ftf,Luxury Projector,luxury-projector,2026-09-10,1,0
ftf,Magic Mushroom,magic-mushroom,2026-09-10,1,0
ftf,Magical Voodoo,magical-voodoo,2026-09-10,1,1
ftf,Malicious Treat,malicious-treat,2026-09-10,0,0
ftf,Marching Drums,marching-drums,2026-09-10,1,0
ftf,Marine Anchor,marine-anchor,2026-09-10,3,1
ftf,Merry Music Box,merry-music-box,2026-09-10,4,0
ftf,Midnight Light,midnight-light,2026-09-10,1,0
ftf,Midnight Sea,midnight-sea,2026-09-10,1,0
ftf,Moon Staff,moon-staff,2026-09-10,4,2
ftf,Moonlit Butterflies,moonlit-butterflies,2026-09-10,1,0
ftf,Movie Reel,movie-reel,2026-09-10,1,0
ftf,Mycelium Mallet,mycelium-mallet,2026-09-10,1,0
ftf,Mystical Trident,mystical-trident,2026-09-10,5,1
ftf,Night Snail,night-snail,2026-09-10,0,1
ftf,Nightbloom,nightbloom,2026-09-10,2,0
ftf,Nightmare Shadow,nightmare-shadow,2026-09-10,2,
ftf,Orange Mocktail,orange-mocktail,2026-09-10,0,1
ftf,Owl Tree,owl-tree,2026-09-10,2,0
ftf,Packed Snow,packed-snow,2026-09-10,1,0
ftf,Paint Canvas,paint-canvas,2026-09-10,2,1
ftf,Party Balloons,party-balloons,2026-09-10,3,2
ftf,Pearl Piercer,pearl-piercer,2026-09-10,25,1
ftf,Pegasus Blade,pegasus-blade,2026-09-10,1,2
ftf,Peppermint,peppermint,2026-09-10,1,0
ftf,Permafrost Axe,permafrost-axe,2026-09-10,7,0
ftf,Phantom Light,phantom-light,2026-09-10,2,0
ftf,Pharaoh Sarcophagus,pharaoh-sarcophagus,2026-09-10,3,0
ftf,Phosphor Jellyfish,phosphor-jellyfish,2026-09-10,15,0
ftf,Piñata,pi-ata,2026-09-10,1,0
ftf,Pirate,pirate,2026-09-10,2,1
ftf,Pizza Slice,pizza-slice,2026-09-10,14,0
ftf,Popcorn N' Kernel,popcorn-n-kernel,2026-09-10,2,0
ftf,Popcorn Stand,popcorn-stand,2026-09-10,13,0
ftf,Popsicle,popsicle,2026-09-10,1,0
ftf,Portrait Wall,portrait-wall,2026-09-10,1,0
ftf,Pot O' Gold,pot-o-gold,2026-09-10,2,0
ftf,Princess Palace,princess-palace,2026-09-10,1,
ftf,Pristine Chocolatery,pristine-chocolatery,2026-09-10,3,0
ftf,Psycho's Axe,psychos-axe,2026-09-10,5,1
ftf,Psycho's Chainsaw,psychos-chainsaw,2026-09-10,7,2
ftf,Pumpkin Slice,pumpkin-slice,2026-09-10,22,0
ftf,Purple Bumper Car,purple-bumper-car,2026-09-10,5,0
ftf,Queen of Hearts,queen-of-hearts,2026-09-10,1,0
ftf,Ragebringer,ragebringer,2026-09-10,1,1
ftf,Red Nutcracker,red-nutcracker,2026-09-10,2,1
ftf,Red Panda,red-panda,2026-09-10,1,0
ftf,Reptile Skin,reptile-skin,2026-09-10,0,1
ftf,Roasted Turkey,roasted-turkey,2026-09-10,2,0
ftf,Ruby Chest,ruby-chest,2026-09-10,1,0
ftf,Rudolph's Nose,rudolphs-nose,2026-09-10,2,
ftf,Sakura,sakura,2026-09-10,11,0
ftf,Sakura Parasol,sakura-parasol,2026-09-10,4,4
ftf,Sand Castle,sand-castle,2026-09-10,3,2
ftf,Santa Boot,santa-boot,2026-09-10,1,1
ftf,Santa Chimney,santa-chimney,2026-09-10,5,0
ftf,Santa's Mallet,santas-mallet,2026-09-10,1,
ftf,Scareapple Pie,scareapple-pie,2026-09-10,1,0
ftf,Scarecrow Patches,scarecrow-patches,2026-09-10,1,0
ftf,Scarlet Firework,scarlet-firework,2026-09-10,1,0
ftf,Sea Monster,sea-monster,2026-09-10,1,0
ftf,Seashore Shells,seashore-shells,2026-09-10,1,0
ftf,Shroomy Smasher,shroomy-smasher,2026-09-10,1,0
ftf,Silly Clown,silly-clown,2026-09-10,1,0
ftf,Snow Globe,snow-globe,2026-09-10,2,0
ftf,Snowboarder Penguin,snowboarder-penguin,2026-09-10,3,0
ftf,Snowman,snowman,2026-09-10,1,1
ftf,Snowman Box,snowman-box,2026-09-10,1,0
ftf,Snowy Forest,snowy-forest,2026-09-10,0,1
ftf,Solar Witch Broom,solar-witch-broom,2026-09-10,2,0
ftf,Soulless Theater,soulless-theater,2026-09-10,5,1
ftf,Sour Snowcone,sour-snowcone,2026-09-10,1,
ftf,Spiteful Treat,spiteful-treat,2026-09-10,0,0
ftf,Spookpumpkin Pie,spookpumpkin-pie,2026-09-10,2,1
ftf,Spooky Bats,spooky-bats,2026-09-10,1,0
ftf,Spooky Brew,spooky-brew,2026-09-10,0,0
ftf,Spraying Can,spraying-can,2026-09-10,1,0
ftf,Spring Plaid,spring-plaid,2026-09-10,0,2
ftf,Spring World,spring-world,2026-09-10,2,0
ftf,Sprinkles,sprinkles,2026-09-10,1,1
ftf,Starborne Reverie,starborne-reverie,2026-09-10,2,1
ftf,Strawberry Garden,strawberry-garden,2026-09-10,3,1
ftf,Strawberry Jelly Basket,strawberry-jelly-basket,2026-09-10,2,2
ftf,Summer Pattern,summer-pattern,2026-09-10,8,0
ftf,Summer Plaid,summer-plaid,2026-09-10,1,1
ftf,Sunlit Butterflies,sunlit-butterflies,2026-09-10,1,0
ftf,Sweet Snowcone,sweet-snowcone,2026-09-10,2,0
ftf,Sweet Train,sweet-train,2026-09-10,2,0
ftf,Sweethearts Store,sweethearts-store,2026-09-10,7,0
ftf,Teddy Bear Present,teddy-bear-present,2026-09-10,1,0
ftf,Theatrical Spotlight,theatrical-spotlight,2026-09-10,5,1
ftf,Tidal Waves,tidal-waves,2026-09-10,1,0
ftf,Toasted Marshmallow,toasted-marshmallow,2026-09-10,1,0
ftf,Tombstone Bash,tombstone-bash,2026-09-10,7,2
ftf,Toy Box,toy-box,2026-09-10,3,0
ftf,Toy Elf,toy-elf,2026-09-10,1,1
ftf,Toy Santa,toy-santa,2026-09-10,0,1
ftf,Tropical Drink,tropical-drink,2026-09-10,2,1
ftf,Twisted Passion,twisted-passion,2026-09-10,3,0
ftf,Ube Roll,ube-roll,2026-09-10,1,1
ftf,Unchained Beast,unchained-beast,2026-09-10,2,0
ftf,Underwater Ocean,underwater-ocean,2026-09-10,1,0
ftf,Unicorn Starlight,unicorn-starlight,2026-09-10,3,1
ftf,Vanilla Brownie,vanilla-brownie,2026-09-10,1,0
ftf,Vanillaberry Cake,vanillaberry-cake,2026-09-10,2,1
ftf,Veggie Eater Gopher,veggie-eater-gopher,2026-09-10,1,0
ftf,Vintage TV,vintage-tv,2026-09-10,2,1
ftf,VIP Ban Hammer,vip-ban-hammer,2026-09-10,1,0
ftf,Warlock Hunter,warlock-hunter,2026-09-10,1,0
ftf,Watering Can,watering-can,2026-09-10,2,0
ftf,Werewolf,werewolf,2026-09-10,1,0
ftf,White Knitted,white-knitted,2026-09-10,1,
ftf,Winter Breeze,winter-breeze,2026-09-10,5,0
ftf,Winter Plaid,winter-plaid,2026-09-10,0,1
ftf,Winter Swirl,winter-swirl,2026-09-10,1,0
ftf,Winter Train,winter-train,2026-09-10,2,0
ftf,Witch Hunter,witch-hunter,2026-09-10,8,0
ftf,Woodland Staff,woodland-staff,2026-09-10,8,1
ftf,Xeno,xeno,2026-09-10,1,0
ftf,Year of the Horse,year-of-the-horse,2026-09-10,2,0
ftf,Yin & Yang,yin-yang,2026-09-10,1,0
ftf,Yule Log,yule-log,2026-09-10,1,0
ftf,Yuletide Gift,yuletide-gift,2026-09-10,1,0
ftf,Zombie Brain Jar,zombie-brain-jar,2026-09-10,0,
ftf,Zombie Hand,zombie-hand,2026-09-10,2,0
ftf,Veggie Eater Gopher Set,,2026-09-10,1,
ftf,Beach Boat Set,,2026-09-10,3,
ftf,Ragebringer Set,,2026-09-10,1,
ftf,Flourished Fountain Set,,2026-09-10,0,
ftf,Flamingo Car Set,,2026-09-10,18,
ftf,Psycho’s Chainsaw,,2026-09-10,2,
ftf,Antique Piano Set,,2026-09-10,6,
ftf,Pegasus Blade Set,,2026-09-10,15,
ftf,Pumpkin Slice Set,,2026-09-10,22,
ftf,Sakura Perfume,,2026-09-10,4,
ftf,Devilish Candle Set,,2026-09-10,26,
ftf,Love Potion,,2026-09-10,6,
ftf,Cherry Blossom Tree Set,,2026-09-10,12,
ftf,Red Squeaky,,2026-09-10,1,
ftf,Cave Spider,,2026-09-10,1,
ftf,Lily of The Valley Set,,2026-09-10,10,
ftf,Pumpkin Jack,,2026-09-10,2,
ftf,Woodland Staff Set,,2026-09-10,8,
ftf,Sakura Parasol Set,,2026-09-10,41,
ftf,Santa Chimney Set,,2026-09-10,5,
ftf,Pearl Piercer Set,,2026-09-10,25,
ftf,2nd Anniversary Set,,2026-09-10,4,
ftf,Bubbly Gun Set,,2026-09-10,21,
ftf,Summer Plaid Set,,2026-09-10,1,
ftf,VIP Ban Hammer Set,,2026-09-10,3,
ftf,Dark Mansion Set,,2026-09-10,1,
ftf,Gumball Machine Set,,2026-09-10,2,
ftf,Flamingo Lake Set,,2026-09-10,9,
ftf,Blue Nutcracker Set,,2026-09-10,0,
ftf,Lovesick Bow Set,,2026-09-10,31,
ftf,Cursed Circus Tent Set,,2026-09-10,2,
ftf,Theatrical Spotlight Set,,2026-09-10,5,
ftf,Year of the Horse Set,,2026-09-10,2,
ftf,Pot O' Gold Set,,2026-09-10,2,
ftf,Cherry Blossom,,2026-09-10,1,
ftf,Jade Statue Set,,2026-09-10,6,
ftf,Snowboarder Penguin Set,,2026-09-10,3,
ftf,2026 Set,,2026-09-10,3,
ftf,Warlock Hunter Set,,2026-09-10,1,
ftf,Honey Cheesecake Set,,2026-09-10,7,
ftf,Duck Bike Set,,2026-09-10,18,
ftf,Greenhouse Set,,2026-09-10,3,
ftf,Summer Pattern Set,,2026-09-10,8,
ftf,Coconut Set,,2026-09-10,3,
ftf,Pristine Chocolatery Set,,2026-09-10,3,
ftf,Bottled Mariner Set,,2026-09-10,14,
ftf,Lovely Heart Set,,2026-09-10,2,
ftf,Soulless Theater Set,,2026-09-10,5,
ftf,Bleak Ink Set,,2026-09-10,3,
ftf,BBQ Grill Set,,2026-09-10,7,
ftf,Bamboo Set,,2026-09-10,1,
ftf,Easter Chick Set,,2026-09-10,1,
ftf,Grilled Skewers Set,,2026-09-10,2,
ftf,Bubbly Wand Set,,2026-09-10,17,
ftf,Party Balloons Set,,2026-09-10,15,
ftf,Yin & Yang Set,,2026-09-10,1,
ftf,Ube Roll Set,,2026-09-10,1,
ftf,Ruby Chest Set,,2026-09-10,1,
ftf,Classic Set,,2026-09-10,16,
ftf,Ancestral Trident Set,,2026-09-10,4,
ftf,Dark Bone Crusher Set,,2026-09-10,6,
ftf,Phosphor Jellyfish Set,,2026-09-10,15,
ftf,Gothic Bouquet Set,,2026-09-10,16,
ftf,Lucky Top Hat Set,,2026-09-10,1,
ftf,Vanillaberry Cake Set,,2026-09-10,2,
ftf,Bloodline Bat Set,,2026-09-10,5,
ftf,Light Ghost,,2026-09-10,1,
ftf,Unchained Beast Set,,2026-09-10,2,
ftf,Book of Fortunes Set,,2026-09-10,9,
ftf,Spooky Brew Set,,2026-09-10,14,
ftf,Chilly Sweet's Vend Set,,2026-09-10,6,
ftf,Snowman Box Set,,2026-09-10,1,
ftf,Stars & Stripes,,2026-09-10,1,
ftf,S'mores,,2026-09-10,3,
ftf,Sunlit Butterflies Set,,2026-09-10,1,
ftf,6th Anniversary Set,,2026-09-10,3,
ftf,Spraying Can Set,,2026-09-10,1,
ftf,Dayflower Set,,2026-09-10,4,
ftf,Nightbloom Set,,2026-09-10,7,
ftf,Lunar Witch Broom Set,,2026-09-10,2,
ftf,Celestial Witch Broom Set,,2026-09-10,2,
ftf,Jollyday Batter Set,,2026-09-10,3,
ftf,Grim Galleon Set,,2026-09-10,0,
ftf,Autumn Tent Set,,2026-09-10,1,
ftf,Roasted Turkey Set,,2026-09-10,2,
ftf,Merry Music Box Set,,2026-09-10,4,
ftf,Deathberry Pie Set,,2026-09-10,2,
ftf,Spookpumpkin Pie Set,,2026-09-10,2,
ftf,Coffin Set,,2026-09-10,4,
ftf,1337 MLG PRO,,2026-09-10,1,
ftf,Moon Staff Set,,2026-09-10,6,
ftf,Blade of Thorns Set,,2026-09-10,2,
ftf,Fudge Bunny Set,,2026-09-10,3,
ftf,Chromatic Phoenix Set,,2026-09-10,8,
ftf,Midnight Light Set,,2026-09-10,1,
ftf,Frosted Frequency Set,,2026-09-10,3,
ftf,Twisted Passion Set,,2026-09-10,3,
ftf,Bloodthirst Axe Set,,2026-09-10,4,
ftf,OOF,,2026-09-10,1,
ftf,Blueberry Jam Basket Set,,2026-09-10,1,
ftf,Gingerbread Set,,2026-09-10,2,
ftf,Strawberry Garden Set,,2026-09-10,4,
ftf,Alchemist Hunter Set,,2026-09-10,3,
ftf,Witch Hunter Set,,2026-09-10,8,
ftf,Honey Hive Tree Set,,2026-09-10,8,
ftf,Energetic Poison Set,,2026-09-10,1,
ftf,Leprechaun Boot Set,,2026-09-10,2,
ftf,Ancient Trident Set,,2026-09-10,4,
ftf,Strawberry Jelly Basket Set,,2026-09-10,2,
ftf,Choco Dip Set,,2026-09-10,5,
ftf,Spring World Set,,2026-09-10,2,
ftf,Black Light Madness Set,,2026-09-10,2,
ftf,Irish Harp Set,,2026-09-10,2,
ftf,Mycelium Mallet Set,,2026-09-10,1,
ftf,Sweethearts Store Set,,2026-09-10,7,
ftf,Pharaoh Sarcophagus Set,,2026-09-10,3,
ftf,Flesh Set,,2026-09-10,1,
ftf,Hot Cocoa Set,,2026-09-10,0,
ftf,Eye of Blizzaria Set,,2026-09-10,3,
ftf,Permafrost Axe Set,,2026-09-10,7,
ftf,Aurora Abolisher Set,,2026-09-10,1,
ftf,Gingerbread House Set,,2026-09-10,3,
ftf,Fish Tank Set,,2026-09-10,5,
ftf,Circus Cage Set,,2026-09-10,6,
ftf,Winter Train Set,,2026-09-10,2,
ftf,Lilium Bush Set,,2026-09-10,5,
ftf,Starborne Reverie Set,,2026-09-10,2,
ftf,Ghost Set,,2026-09-10,3,
ftf,Bleeding Heart Set,,2026-09-10,2,
ftf,Ice Cream Pot Set,,2026-09-10,3,
ftf,Tombstone Bash Set,,2026-09-10,7,
ftf,Dave Pumpkins Set,,2026-09-10,2,
ftf,Magical Voodoo Set,,2026-09-10,1,
ftf,Sweet Snowcone Set,,2026-09-10,2,
ftf,Festive Pinecone Set,,2026-09-10,3,
ftf,8th Anniversary Set,,2026-09-10,3,
ftf,Barn Set,,2026-09-10,2,
ftf,Fortress Knight,,2026-09-10,0,
ftf,Smash Bros Set,,2026-09-10,2,
ftf,Cursed Painting Set,,2026-09-10,2,
ftf,Phantom Light Set,,2026-09-10,2,
ftf,S'mores Set,,2026-09-10,2,
ftf,5 Billion Set,,2026-09-10,4,
ftf,Barren Broadcast Set,,2026-09-10,1,
ftf,Fairy Tale Book Set,,2026-09-10,2,
ftf,Unicorn Starlight Set,,2026-09-10,3,
ftf,Ectoplasm Set,,2026-09-10,2,
ftf,Friendly Ghosts Set,,2026-09-10,1,
ftf,Silver Coin,,2026-09-10,2,
ftf,Toy Box Set,,2026-09-10,3,
ftf,Concrete,,2026-09-10,1,
ftf,Hollow Scythe Set,,2026-09-10,5,
ftf,Psycho’s Axe Set,,2026-09-10,5,
ftf,Fall Wheelbarrow Set,,2026-09-10,4,
ftf,Orange Mocktail Set,,2026-09-10,0,
ftf,Dragon Puppet Set,,2026-09-10,6,
ftf,Cuddly Bunny Set,,2026-09-10,5,
ftf,Night Snail Set,,2026-09-10,0,
ftf,Jade Viper Set,,2026-09-10,1,
ftf,Frostbite Set,,2026-09-10,2,
ftf,Joyful Stamp,,2026-09-10,0,
ftf,Gamelan Panggul Set,,2026-09-10,1,
ftf,Jingle Bells Set,,2026-09-10,5,
ftf,Psycho’s Chainsaw Set,,2026-09-10,7,
ftf,Festive Candelabra Set,,2026-09-10,1,
ftf,Moonlit Butterflies Set,,2026-09-10,4,
ftf,Lil' Spooky,,2026-09-10,0,
ftf,Candy Corn Set,,2026-09-10,2,
ftf,Autumn Scarecrow Set,,2026-09-10,1,
ftf,Carousel Set,,2026-09-10,68,
ftf,Purple Bumper Car Set,,2026-09-10,5,
ftf,Cornucopia Set,,2026-09-10,3,
ftf,Strawberry Moo Plushie Set,,2026-09-10,1,
ftf,Green Bumper Car Set,,2026-09-10,6,
ftf,2024 Set,,2026-09-10,2,
ftf,2023 Set,,2026-09-10,2,
ftf,2022 Set,,2026-09-10,3,
ftf,Carnival Ride Set,,2026-09-10,11,
ftf,Festive Fruitcake Set,,2026-09-10,3,
ftf,Owl Tree Set,,2026-09-10,5,
ftf,Sakura Set,,2026-09-10,11,
ftf,Circus Pattern Set,,2026-09-10,2,
ftf,Jellybean Cake Set,,2026-09-10,2,
ftf,9th Anniversary Set,,2026-09-10,4,
ftf,Pizza Slice Set,,2026-09-10,14,
ftf,Hotdog Set,,2026-09-10,10,
ftf,Coastal Lighthouse Set,,2026-09-10,2,
ftf,Lunar Scepter Set,,2026-09-10,4,
ftf,Devilborn Set,,2026-09-10,7,
ftf,Fiery Phoenix Set,,2026-09-10,3,
ftf,Popcorn Stand Set,,2026-09-10,13,
ftf,Fungal Thumper Set,,2026-09-10,1,
ftf,Silly Clown Set,,2026-09-10,22,
ftf,Popcorn N' Kernel Set,,2026-09-10,2,
ftf,Shroomy Smasher Set,,2026-09-10,1,
ftf,Crimson Ire,,2026-09-10,1,
ftf,Viridian Cactus Set,,2026-09-10,6,
ftf,Ice-Cream Mix Set,,2026-09-10,14,
ftf,Snow Globe Set,,2026-09-10,1,
ftf,Chocolate Confetti Set,,2026-09-10,6,
ftf,Labyrinth Puzzle Set,,2026-09-10,1,
ftf,Carnival Pier Set,,2026-09-10,2,
ftf,Flags Set,,2026-09-10,2,
ftf,Winter Breeze Set,,2026-09-10,5,
ftf,Marine Anchor Set,,2026-09-10,3,
ftf,Hamburger Set,,2026-09-10,2,
ftf,Balloon Animals Set,,2026-09-10,2,
ftf,Cloudy Sweets,,2026-09-10,2,
ftf,Cloudy Sweets Set,,2026-09-10,2,
ftf,Vanilla Star,,2026-09-10,2,
ftf,VHS Tape,,2026-09-10,0,
ftf,Ice Cream,,2026-09-10,1,
ftf,Soulless Masks,,2026-09-10,0,
ftf,2022,2022,2026-09-11,2,0
ftf,2024,2024,2026-09-11,1,0
ftf,2026,2026,2026-09-11,3,0
ftf,2nd Anniversary,2nd-anniversary,2026-09-11,4,0
ftf,3rd Anniversary,3rd-anniversary,2026-09-11,1,0
ftf,5 Billion,5-billion,2026-09-11,2,0
ftf,6th Anniversary,6th-anniversary,2026-09-11,1,0
ftf,8th Anniversary,8th-anniversary,2026-09-11,1,0
ftf,9th Anniversary,9th-anniversary,2026-09-11,5,0
ftf,Acidic Potions,acidic-potions,2026-09-11,0,1
ftf,Alchemist Hunter,alchemist-hunter,2026-09-11,6,1
ftf,Analog Horror,analog-horror,2026-09-11,0,1
ftf,Ancestral Trident,ancestral-trident,2026-09-11,6,0
ftf,Ancient Trident,ancient-trident,2026-09-11,4,0
ftf,Antique Piano,antique-piano,2026-09-11,9,2
ftf,Aurora,aurora,2026-09-11,1,1
ftf,Autumn Crops,autumn-crops,2026-09-11,3,0
ftf,Autumn Foliage,autumn-foliage,2026-09-11,2,0
ftf,Autumn Scarecrow,autumn-scarecrow,2026-09-11,2,0
ftf,Autumn Tent,autumn-tent,2026-09-11,1,0
ftf,Balloon Animals,balloon-animals,2026-09-11,2,0
ftf,Bamboo,bamboo,2026-09-11,3,0
ftf,Barn,barn,2026-09-11,3,0
ftf,Barren Broadcast,barren-broadcast,2026-09-11,2,0
ftf,Batwing Basher,batwing-basher,2026-09-11,8,1
ftf,BBQ Grill,bbq-grill,2026-09-11,2,0
ftf,Beach Boat,beach-boat,2026-09-11,5,0
ftf,Beach Waves,beach-waves,2026-09-11,1,0
ftf,Bewitched,bewitched,2026-09-11,1,
ftf,Biotech,biotech,2026-09-11,2,
ftf,Bitter Lemonade Basket,bitter-lemonade-basket,2026-09-11,6,1
ftf,Black Light Madness,black-light-madness,2026-09-11,1,0
ftf,Blade of Thorns,blade-of-thorns,2026-09-11,2,2
ftf,Bleak Ink,bleak-ink,2026-09-11,6,0
ftf,Bleeding Heart,bleeding-heart,2026-09-11,2,2
ftf,Blighted Flame,blighted-flame,2026-09-11,1,0
ftf,Blizzard,blizzard,2026-09-11,0,1
ftf,Bloodline Bat,bloodline-bat,2026-09-11,1,1
ftf,Bloodthirst Axe,bloodthirst-axe,2026-09-11,1,1
ftf,Blue Nutcracker,blue-nutcracker,2026-09-11,1,0
ftf,Blue Star Wrap,blue-star-wrap,2026-09-11,1,0
ftf,Blueberry Jam Basket,blueberry-jam-basket,2026-09-11,3,1
ftf,Book of Fortunes,book-of-fortunes,2026-09-11,5,0
ftf,Bottled Mariner,bottled-mariner,2026-09-11,15,0
ftf,Bubble Wand,bubble-wand,2026-09-11,16,0
ftf,Bubbly Gun,bubbly-gun,2026-09-11,17,1
ftf,Candy Cane Jar,candy-cane-jar,2026-09-11,0,1
ftf,Candy Corn,candy-corn,2026-09-11,1,0
ftf,Caramel Roll,caramel-roll,2026-09-11,1,1
ftf,Carnival Pier,carnival-pier,2026-09-11,2,0
ftf,Carnival Ride,carnival-ride,2026-09-11,15,0
ftf,Carousel,carousel,2026-09-11,46,6
ftf,Cash,cash,2026-09-11,1,0
ftf,Celestial,celestial,2026-09-11,2,
ftf,Celestial Witch Broom,celestial-witch-broom,2026-09-11,1,0
ftf,Cherry Blossom Tree,cherry-blossom-tree,2026-09-11,10,1
ftf,Cherry Pie,cherry-pie,2026-09-11,2,0
ftf,Chilly Sweets' Vend,chilly-sweets-vend,2026-09-11,7,0
ftf,Choco Dip,choco-dip,2026-09-11,6,0
ftf,Chocolate Confetti,chocolate-confetti,2026-09-11,4,0
ftf,Chocolate Mint,chocolate-mint,2026-09-11,0,1
ftf,Chocolate Treats,chocolate-treats,2026-09-11,1,0
ftf,Christmas Cracker,christmas-cracker,2026-09-11,2,0
ftf,Chromatic Phoenix,chromatic-phoenix,2026-09-11,4,0
ftf,Cinnamon Latte,cinnamon-latte,2026-09-11,1,0
ftf,Circus Cage,circus-cage,2026-09-11,6,0
ftf,Circus Pattern,circus-pattern,2026-09-11,3,0
ftf,Classic,classic,2026-09-11,9,0
ftf,Coastal Lighthouse,coastal-lighthouse,2026-09-11,2,0
ftf,Coconut,coconut,2026-09-11,3,0
ftf,Coffin,coffin,2026-09-11,2,0
ftf,Cold Star,cold-star,2026-09-11,1,
ftf,Confetti,confetti,2026-09-11,2,0
ftf,Cookies N' Milk,cookies-n-milk,2026-09-11,0,1
ftf,Cornucopia,cornucopia,2026-09-11,2,0
ftf,Cranberry Barrel,cranberry-barrel,2026-09-11,1,1
ftf,Cuddly Bunny,cuddly-bunny,2026-09-11,3,2
ftf,Cursed Circus Tent,cursed-circus-tent,2026-09-11,2,2
ftf,Cursed Painting,cursed-painting,2026-09-11,3,0
ftf,Cursed Voodoo,cursed-voodoo,2026-09-11,1,0
ftf,Dark Bone Crusher,dark-bone-crusher,2026-09-11,4,1
ftf,Dark Mansion,dark-mansion,2026-09-11,0,1
ftf,Dave Pumpkins,dave-pumpkins,2026-09-11,1,0
ftf,Dayflower,dayflower,2026-09-11,3,1
ftf,Deathberry Pie,deathberry-pie,2026-09-11,2,1
ftf,Devilborn,devilborn,2026-09-11,6,1
ftf,Devilish Candle,devilish-candle,2026-09-11,17,2
ftf,Doomthrust,doomthrust,2026-09-11,1,0
ftf,Dragon Puppet,dragon-puppet,2026-09-11,5,1
ftf,Dragon's Scales,dragons-scales,2026-09-11,1,0
ftf,Duck Bike,duck-bike,2026-09-11,14,0
ftf,Easter Basket,easter-basket,2026-09-11,1,0
ftf,Easter Chick,easter-chick,2026-09-11,2,0
ftf,Ectoplasm,ectoplasm,2026-09-11,2,0
ftf,Elf Box,elf-box,2026-09-11,2,0
ftf,Elf's Mallet,elfs-mallet,2026-09-11,1,0
ftf,Emerald Sky,emerald-sky,2026-09-11,3,
ftf,Enchanted Circus Tent,enchanted-circus-tent,2026-09-11,3,2
ftf,Energetic Poison,energetic-poison,2026-09-11,2,0
ftf,Eye of Blizzaria,eye-of-blizzaria,2026-09-11,2,0
ftf,Fairy Tale Book,fairy-tale-book,2026-09-11,2,1
ftf,Fall Foliage,fall-foliage,2026-09-11,1,0
ftf,Fall Harvester,fall-harvester,2026-09-11,2,0
ftf,Fall Wheelbarrow,fall-wheelbarrow,2026-09-11,2,0
ftf,Festive Candelabra,festive-candelabra,2026-09-11,2,0
ftf,Festive Dots Wrap,festive-dots-wrap,2026-09-11,1,0
ftf,Festive Fruitcake,festive-fruitcake,2026-09-11,1,2
ftf,Festive Train,festive-train,2026-09-11,2,0
ftf,Fiery Phoenix,fiery-phoenix,2026-09-11,6,0
ftf,Fireflies,fireflies,2026-09-11,1,0
ftf,Fish Tank,fish-tank,2026-09-11,4,0
ftf,Flags,flags,2026-09-11,2,0
ftf,Flamingo Car,flamingo-car,2026-09-11,16,0
ftf,Flamingo Lake,flamingo-lake,2026-09-11,5,0
ftf,Flourished Fountain,flourished-fountain,2026-09-11,0,1
ftf,Frankenstein's Brain Jar,frankensteins-brain-jar,2026-09-11,1,0
ftf,Friendly Ghosts,friendly-ghosts,2026-09-11,2,1
ftf,Frozen Fortress,frozen-fortress,2026-09-11,1,0
ftf,Fruit Punch,fruit-punch,2026-09-11,1,0
ftf,Fruitcake,fruitcake,2026-09-11,5,
ftf,Fudge Bunny,fudge-bunny,2026-09-11,4,0
ftf,Fungal Thumper,fungal-thumper,2026-09-11,2,0
ftf,Galaxy Clouds,galaxy-clouds,2026-09-11,1,1
ftf,Gamelan Panggul,gamelan-panggul,2026-09-11,2,0
ftf,Garden Snail,garden-snail,2026-09-11,0,1
ftf,Ghost,ghost,2026-09-11,4,1
ftf,Ginger Cookies,ginger-cookies,2026-09-11,0,1
ftf,Gingerbread House,gingerbread-house,2026-09-11,1,0
ftf,Glowy Bush,glowy-bush,2026-09-11,1,0
ftf,Golden Firework,golden-firework,2026-09-11,1,0
ftf,Gothic Bouquet,gothic-bouquet,2026-09-11,9,5
ftf,Grandfather Clock,grandfather-clock,2026-09-11,1,2
ftf,Grape Barrel,grape-barrel,2026-09-11,3,0
ftf,Green Bumper Car,green-bumper-car,2026-09-11,3,0
ftf,Greenhouse,greenhouse,2026-09-11,2,0
ftf,Grim Galleon,grim-galleon,2026-09-11,0,1
ftf,Gumball Machine,gumball-machine,2026-09-11,2,2
ftf,Hamburger,hamburger,2026-09-11,2,0
ftf,Haunted Circus Tent,haunted-circus-tent,2026-09-11,1,3
ftf,Haybale,haybale,2026-09-11,1,0
ftf,Heat Core,heat-core,2026-09-11,3,
ftf,Holiday Hotline,holiday-hotline,2026-09-11,1,0
ftf,Hollow Scythe,hollow-scythe,2026-09-11,6,3
ftf,Honey Cheesecake,honey-cheesecake,2026-09-11,7,1
ftf,Honey Hive Tree,honey-hive-tree,2026-09-11,7,0
ftf,Hotdog,hotdog,2026-09-11,16,0
ftf,Ice Core,ice-core,2026-09-11,3,
ftf,Ice Cream Pot,ice-cream-pot,2026-09-11,1,0
ftf,Ice Sleigh,ice-sleigh,2026-09-11,2,0
ftf,Icecream Mix,icecream-mix,2026-09-11,23,2
ftf,Igloo,igloo,2026-09-11,2,0
ftf,Irish Harp,irish-harp,2026-09-11,1,0
ftf,Jade Chest,jade-chest,2026-09-11,1,0
ftf,Jade Statue,jade-statue,2026-09-11,2,0
ftf,Jello Dessert,jello-dessert,2026-09-11,1,2
ftf,Jellybean Cake,jellybean-cake,2026-09-11,1,0
ftf,Jingle Bells,jingle-bells,2026-09-11,3,0
ftf,Job Application,job-application,2026-09-11,0,1
ftf,Jolly Crimson,jolly-crimson,2026-09-11,2,0
ftf,Jollyday Batter,jollyday-batter,2026-09-11,3,1
ftf,Kraken's Ambush,krakens-ambush,2026-09-11,1,0
ftf,Krampus Chimney,krampus-chimney,2026-09-11,1,0
ftf,Lemonade Jar,lemonade-jar,2026-09-11,6,2
ftf,Leprechaun Boot,leprechaun-boot,2026-09-11,1,0
ftf,Light Bone Crusher,light-bone-crusher,2026-09-11,2,0
ftf,Lil' Devil,lil-devil,2026-09-11,2,0
ftf,Lil' Tree,lil-tree,2026-09-11,1,0
ftf,Lilium Bush,lilium-bush,2026-09-11,4,1
ftf,Lily of The Valley,lily-of-the-valley,2026-09-11,14,0
ftf,Lime Mocktail,lime-mocktail,2026-09-11,2,1
ftf,Lion Dance,lion-dance,2026-09-11,1,1
ftf,Lonely Heart,lonely-heart,2026-09-11,10,0
ftf,Lovely Heart,lovely-heart,2026-09-11,1,2
ftf,Lovesick Bow,lovesick-bow,2026-09-11,24,4
ftf,Lunar Scepter,lunar-scepter,2026-09-11,3,2
ftf,Lunar Witch Broom,lunar-witch-broom,2026-09-11,2,0
ftf,Magic Mushroom,magic-mushroom,2026-09-11,1,0
ftf,Magical Voodoo,magical-voodoo,2026-09-11,2,1
ftf,Malicious Treat,malicious-treat,2026-09-11,0,1
ftf,Marine Anchor,marine-anchor,2026-09-11,5,1
ftf,Merry Music Box,merry-music-box,2026-09-11,4,0
ftf,Monster Scars,monster-scars,2026-09-11,1,
ftf,Moon Staff,moon-staff,2026-09-11,7,2
ftf,Moonlit Butterflies,moonlit-butterflies,2026-09-11,4,0
ftf,Mothership,mothership,2026-09-11,1,4
ftf,Mycelium Mallet,mycelium-mallet,2026-09-11,2,0
ftf,Mystical Night,mystical-night,2026-09-11,4,
ftf,Mystical Trident,mystical-trident,2026-09-11,8,0
ftf,Neapolitan,neapolitan,2026-09-11,0,1
ftf,Nebula,nebula,2026-09-11,0,1
ftf,Nightbloom,nightbloom,2026-09-11,3,2
ftf,Nightmare Coal,nightmare-coal,2026-09-11,2,
ftf,Orange Mocktail,orange-mocktail,2026-09-11,2,1
ftf,Owl Tree,owl-tree,2026-09-11,3,0
ftf,Packed Snow,packed-snow,2026-09-11,1,0
ftf,Paint Canvas,paint-canvas,2026-09-11,1,0
ftf,Painting Roll,painting-roll,2026-09-11,1,0
ftf,Party Balloons,party-balloons,2026-09-11,15,6
ftf,Pearl Piercer,pearl-piercer,2026-09-11,10,0
ftf,Pegasus Blade,pegasus-blade,2026-09-11,10,5
ftf,Peppermint,peppermint,2026-09-11,1,0
ftf,Phantom Light,phantom-light,2026-09-11,4,0
ftf,Pharaoh Sarcophagus,pharaoh-sarcophagus,2026-09-11,1,0
ftf,Phosphor Jellyfish,phosphor-jellyfish,2026-09-11,10,0
ftf,Piñata,pi-ata,2026-09-11,4,1
ftf,Pink Star Wrap,pink-star-wrap,2026-09-11,1,0
ftf,Pirate,pirate,2026-09-11,1,0
ftf,Pizza Slice,pizza-slice,2026-09-11,12,0
ftf,Plasma Core,plasma-core,2026-09-11,3,
ftf,Polar Bear Present,polar-bear-present,2026-09-11,2,0
ftf,Popcorn N' Kernel,popcorn-n-kernel,2026-09-11,2,0
ftf,Popcorn Stand,popcorn-stand,2026-09-11,12,2
ftf,Popsicle,popsicle,2026-09-11,1,1
ftf,Porcelain,porcelain,2026-09-11,1,0
ftf,Pot O' Gold,pot-o-gold,2026-09-11,3,1
ftf,Princess Palace,princess-palace,2026-09-11,0,1
ftf,Pristine Chocolatery,pristine-chocolatery,2026-09-11,4,0
ftf,Psycho's Axe,psychos-axe,2026-09-11,6,1
ftf,Psycho's Chainsaw,psychos-chainsaw,2026-09-11,4,2
ftf,Pumpkin Sky,pumpkin-sky,2026-09-11,3,
ftf,Pumpkin Slice,pumpkin-slice,2026-09-11,14,2
ftf,Purple Bumper Car,purple-bumper-car,2026-09-11,6,0
ftf,Queen of Hearts,queen-of-hearts,2026-09-11,2,1
ftf,Ragebringer,ragebringer,2026-09-11,0,2
ftf,Red Nutcracker,red-nutcracker,2026-09-11,2,0
ftf,Red Panda,red-panda,2026-09-11,2,0
ftf,Red Velvet,red-velvet,2026-09-11,1,0
ftf,Reptile Skin,reptile-skin,2026-09-11,1,0
ftf,Roasted Turkey,roasted-turkey,2026-09-11,2,0
ftf,Ruby Chest,ruby-chest,2026-09-11,2,1
ftf,Rudolph's Nose,rudolphs-nose,2026-09-11,3,
ftf,Sakura,sakura,2026-09-11,12,0
ftf,Sakura Parasol,sakura-parasol,2026-09-11,35,0
ftf,Sand Castle,sand-castle,2026-09-11,5,1
ftf,Santa Boot,santa-boot,2026-09-11,5,0
ftf,Santa Box,santa-box,2026-09-11,1,0
ftf,Santa Chimney,santa-chimney,2026-09-11,4,0
ftf,Santa's Reindeer,santas-reindeer,2026-09-11,0,
ftf,Scareapple Pie,scareapple-pie,2026-09-11,1,0
ftf,Scarecrow Patches,scarecrow-patches,2026-09-11,0,1
ftf,Scarf,scarf,2026-09-11,0,1
ftf,Scarlet Firework,scarlet-firework,2026-09-11,3,0
ftf,Seashore Shells,seashore-shells,2026-09-11,1,0
ftf,Shroomy Smasher,shroomy-smasher,2026-09-11,2,0
ftf,Silly Clown,silly-clown,2026-09-11,25,1
ftf,Slime,slime,2026-09-11,1,0
ftf,Snowboarder Penguin,snowboarder-penguin,2026-09-11,2,1
ftf,Snowman,snowman,2026-09-11,1,0
ftf,Snowman Box,snowman-box,2026-09-11,1,1
ftf,Snowy Night Wrap,snowy-night-wrap,2026-09-11,1,0
ftf,Snowy Village,snowy-village,2026-09-11,1,
ftf,Solar Witch Broom,solar-witch-broom,2026-09-11,1,0
ftf,Soulless Theater,soulless-theater,2026-09-11,3,3
ftf,Sour Snowcone,sour-snowcone,2026-09-11,2,0
ftf,Sour Treats,sour-treats,2026-09-11,2,0
ftf,Spookpumpkin Pie,spookpumpkin-pie,2026-09-11,2,0
ftf,Spooky Bats,spooky-bats,2026-09-11,1,0
ftf,Spooky Brew,spooky-brew,2026-09-11,15,1
ftf,Spraying Can,spraying-can,2026-09-11,2,0
ftf,Spring World,spring-world,2026-09-11,2,1
ftf,Sprinkles,sprinkles,2026-09-11,2,1
ftf,Stained Web,stained-web,2026-09-11,1,0
ftf,Starborne Reverie,starborne-reverie,2026-09-11,1,0
ftf,Starry Sky,starry-sky,2026-09-11,1,0
ftf,Storm Surge,storm-surge,2026-09-11,1,0
ftf,Strawberries,strawberries,2026-09-11,1,0
ftf,Strawberry Garden,strawberry-garden,2026-09-11,5,1
ftf,Strawberry Jelly Basket,strawberry-jelly-basket,2026-09-11,2,4
ftf,Summer Pattern,summer-pattern,2026-09-11,4,0
ftf,Sunflowers,sunflowers,2026-09-11,1,0
ftf,Sunlit Butterflies,sunlit-butterflies,2026-09-11,2,0
ftf,Sweet Snowcone,sweet-snowcone,2026-09-11,2,0
ftf,Sweet Train,sweet-train,2026-09-11,2,0
ftf,Sweet Treats,sweet-treats,2026-09-11,1,0
ftf,Sweethearts Store,sweethearts-store,2026-09-11,5,3
ftf,Teddy Bear Present,teddy-bear-present,2026-09-11,1,0
ftf,Theatrical Spotlight,theatrical-spotlight,2026-09-11,3,0
ftf,Toasted Marshmallow,toasted-marshmallow,2026-09-11,1,0
ftf,Tombstone Bash,tombstone-bash,2026-09-11,6,0
ftf,Toxic,toxic,2026-09-11,0,
ftf,Toy Box,toy-box,2026-09-11,2,0
ftf,Tropical Drink,tropical-drink,2026-09-11,3,0
ftf,Tulips,tulips,2026-09-11,1,0
ftf,Twisted Passion,twisted-passion,2026-09-11,5,0
ftf,Ube Roll,ube-roll,2026-09-11,1,2
ftf,Unchained Beast,unchained-beast,2026-09-11,0,2
ftf,Unicorn Starlight,unicorn-starlight,2026-09-11,2,1
ftf,Vampiric Corset,vampiric-corset,2026-09-11,0,1
ftf,Vanilla Brownie,vanilla-brownie,2026-09-11,2,0
ftf,Vanillaberry Cake,vanillaberry-cake,2026-09-11,4,3
ftf,Velvet Webs,velvet-webs,2026-09-11,2,
ftf,Vintage TV,vintage-tv,2026-09-11,1,2
ftf,VIP Ban Hammer,vip-ban-hammer,2026-09-11,4,0
ftf,Warlock Hunter,warlock-hunter,2026-09-11,2,1
ftf,Water Gun,water-gun,2026-09-11,1,1
ftf,Watering Can,watering-can,2026-09-11,1,2
ftf,Will O' Wisp,will-o-wisp,2026-09-11,1,0
ftf,Winter Breeze,winter-breeze,2026-09-11,3,1
ftf,Winter Sky,winter-sky,2026-09-11,3,
ftf,Winter Swirl,winter-swirl,2026-09-11,1,0
ftf,Winter Train,winter-train,2026-09-11,1,0
ftf,Winter Wind,winter-wind,2026-09-11,0,1
ftf,Witch Hunter,witch-hunter,2026-09-11,8,1
ftf,Woodland Staff,woodland-staff,2026-09-11,9,0
ftf,Xeno,xeno,2026-09-11,1,0
ftf,Year of the Horse,year-of-the-horse,2026-09-11,3,0
ftf,Yeti,yeti,2026-09-11,0,1
ftf,Yule Log,yule-log,2026-09-11,2,0
ftf,Yuletide Gift,yuletide-gift,2026-09-11,1,1
ftf,Zombie Hand,zombie-hand,2026-09-11,2,1
ftf,Leprechaun Boot Set,,2026-09-11,1,
ftf,Honey Hive Tree Set,,2026-09-11,7,
ftf,Sakura Set,,2026-09-11,12,
ftf,Festive Fruitcake Set,,2026-09-11,1,
ftf,Popcorn,,2026-09-11,1,
ftf,Ice Cream,,2026-09-11,2,
ftf,Viridian Cactus,,2026-09-11,2,
ftf,Hollow Crown,,2026-09-11,1,
ftf,Chocolate Treats Set,,2026-09-11,1,
ftf,Cloudy Sweets Set,,2026-09-11,1,
ftf,Pizza,,2026-09-11,2,
ftf,Pretzel,,2026-09-11,2,
ftf,Slushie,,2026-09-11,1,
ftf,Snowy Night Wrap Set,,2026-09-11,1,
ftf,Cyber Circuit,,2026-09-11,1,
ftf,Elf's Mallet Set,,2026-09-11,1,
ftf,Marine Anchor Set,,2026-09-11,5,
ftf,Winter Breeze Set,,2026-09-11,3,
ftf,Fish Tank Set,,2026-09-11,4,
ftf,Chocolate Confetti Set,,2026-09-11,4,
ftf,Ice-Cream Mix Set,,2026-09-11,23,
ftf,Gingerbread House Set,,2026-09-11,1,
ftf,Viridian Cactus Set,,2026-09-11,7,
ftf,Mothership Set,,2026-09-11,1,
ftf,Crimson Ire,,2026-09-11,2,
ftf,Shroomy Smasher Set,,2026-09-11,2,
ftf,Eye of Blizzaria Set,,2026-09-11,2,
ftf,Silly Clown Set,,2026-09-11,25,
ftf,Confetti Set,,2026-09-11,2,
ftf,Alchemist Hunter Set,,2026-09-11,6,
ftf,Popcorn Stand Set,,2026-09-11,12,
ftf,Fiery Phoenix Set,,2026-09-11,6,
ftf,Yeti Set,,2026-09-11,0,
ftf,Vanilla Brownie Set,,2026-09-11,2,
ftf,Pharaoh Sarcophagus Set,,2026-09-11,1,
ftf,Mycelium Mallet Set,,2026-09-11,2,
ftf,Elf Box Set,,2026-09-11,2,
ftf,Irish Harp Set,,2026-09-11,1,
ftf,Blueberry Jam Basket Set,,2026-09-11,3,
ftf,Bitter Lemonade Basket Set,,2026-09-11,6,
ftf,Sour Snowcone Set,,2026-09-11,2,
ftf,Fungal Thumper Set,,2026-09-11,2,
ftf,Candy Corn Set,,2026-09-11,1,
ftf,Bloodthirst Axe Set,,2026-09-11,1,
ftf,Twisted Passion Set,,2026-09-11,5,
ftf,Autumn Scarecrow Set,,2026-09-11,2,
ftf,Hotdog Set,,2026-09-11,16,
ftf,Pizza Slice Set,,2026-09-11,12,
ftf,9th Anniversary Set,,2026-09-11,5,
ftf,Circus Pattern Set,,2026-09-11,3,
ftf,Carnival Ride Set,,2026-09-11,15,
ftf,Green Bumper Car Set,,2026-09-11,3,
ftf,Purple Bumper Car Set,,2026-09-11,6,
ftf,Carousel Set,,2026-09-11,46,
ftf,Lil' Spooky,,2026-09-11,2,
ftf,Christmas Cracker Set,,2026-09-11,2,
ftf,Fall Harvester Set,,2026-09-11,2,
ftf,Festive Train Set,,2026-09-11,2,
ftf,Data Chip,,2026-09-11,2,
ftf,Queen of Hearts Set,,2026-09-11,2,
ftf,Ginger Cookies Set,,2026-09-11,0,
ftf,Festive Candelabra Set,,2026-09-11,2,
ftf,Psycho’s Chainsaw Set,,2026-09-11,4,
ftf,Fudge Bunny Set,,2026-09-11,4,
ftf,Winter Train Set,,2026-09-11,1,
ftf,Ice Sleigh Set,,2026-09-11,2,
ftf,Lilium Bush Set,,2026-09-11,4,
ftf,Starborne Reverie Set,,2026-09-11,1,
ftf,Sand Castle Set,,2026-09-11,5,
ftf,Autumn Foliage Set,,2026-09-11,2,
ftf,Haybale Set,,2026-09-11,1,
ftf,Polar Bear Present Set,,2026-09-11,2,
ftf,Cuddly Bunny Set,,2026-09-11,3,
ftf,Dragon Puppet Set,,2026-09-11,5,
ftf,Sour Treats Set,,2026-09-11,2,
ftf,Orange Mocktail Set,,2026-09-11,2,
ftf,Fall Wheelbarrow Set,,2026-09-11,2,
ftf,Moo Moo Set,,2026-09-11,2,
ftf,8th Anniversary Set,,2026-09-11,1,
ftf,Barn Set,,2026-09-11,3,
ftf,Lil' Devil Set,,2026-09-11,2,
ftf,Paint Canvas Set,,2026-09-11,1,
ftf,Slime Set,,2026-09-11,1,
ftf,5 Billion Set,,2026-09-11,2,
ftf,Barren Broadcast Set,,2026-09-11,2,
ftf,Mystical Trident Set,,2026-09-11,8,
ftf,Cherry Pie Set,,2026-09-11,2,
ftf,Sprinkles Set,,2026-09-11,2,
ftf,Unicorn Starlight Set,,2026-09-11,2,
ftf,Starry Sky Set,,2026-09-11,1,
ftf,Strawberries Set,,2026-09-11,1,
ftf,Tulips Set,,2026-09-11,1,
ftf,Watering Can Set,,2026-09-11,1,
ftf,Moon Staff Set,,2026-09-11,7,
ftf,Psycho’s Axe Set,,2026-09-11,6,
ftf,Hollow Scythe Set,,2026-09-11,6,
ftf,Concrete,,2026-09-11,2,
ftf,Enchanted Circus Tent Set,,2026-09-11,3,
ftf,Autumn Crops Set,,2026-09-11,3,
ftf,Toy Box Set,,2026-09-11,2,
ftf,Pirate Set,,2026-09-11,1,
ftf,Silver Coin,,2026-09-11,1,
ftf,Lion Dance Set,,2026-09-11,1,
ftf,Friendly Ghosts Set,,2026-09-11,2,
ftf,Gamelan Panggul Set,,2026-09-11,2,
ftf,Jingle Bells Set,,2026-09-11,3,
ftf,Cornucopia Set,,2026-09-11,2,
ftf,2024 Set,,2026-09-11,1,
ftf,2022 Set,,2026-09-11,2,
ftf,Celestial Witch Broom Set,,2026-09-11,1,
ftf,Solar Witch Broom Set,,2026-09-11,1,
ftf,Haunted Circus Tent Set,,2026-09-11,1,
ftf,Dave Pumpkins Set,,2026-09-11,1,
ftf,Nightbloom Set,,2026-09-11,3,
ftf,Dayflower Set,,2026-09-11,3,
ftf,Tombstone Bash Set,,2026-09-11,6,
ftf,Ice Cream Pot Set,,2026-09-11,1,
ftf,Ghost Set,,2026-09-11,4,
ftf,Sweethearts Store Set,,2026-09-11,5,
ftf,Black Light Madness Set,,2026-09-11,1,
ftf,Choco Dip Set,,2026-09-11,6,
ftf,Owl Tree Set,,2026-09-11,3,
ftf,Easter Basket Set,,2026-09-11,1,
ftf,Yule Log Set,,2026-09-11,2,
ftf,Jellybean Cake Set,,2026-09-11,1,
ftf,Reptile Skin Set,,2026-09-11,1,
ftf,Scarlet Firework Set,,2026-09-11,3,
ftf,Blizzard Set,,2026-09-11,0,
ftf,Energetic Poison Set,,2026-09-11,2,
ftf,Strawberry Garden Set,,2026-09-11,5,
ftf,Lunar Scepter Set,,2026-09-11,3,
ftf,Devilborn Set,,2026-09-11,6,
ftf,Jolly Crimson Set,,2026-09-11,2,
ftf,Chromatic Phoenix Set,,2026-09-11,4,
ftf,Coffin Set,,2026-09-11,2,
ftf,Kraken's Ambush Set,,2026-09-11,1,
ftf,Chocolate Mint Set,,2026-09-11,0,
ftf,Lemonade Jar Set,,2026-09-11,6,
ftf,Sunlit Butterflies Set,,2026-09-11,2,
ftf,Spraying Can Set,,2026-09-11,2,
ftf,Scarf Set,,2026-09-11,0,
ftf,Ancestral Trident Set,,2026-09-11,6,
ftf,Ruby Chest Set,,2026-09-11,2,
ftf,Easter Chick Set,,2026-09-11,2,
ftf,Warlock Hunter Set,,2026-09-11,2,
ftf,Malicious Treat Set,,2026-09-11,0,
ftf,Chilly Sweet's Vend Set,,2026-09-11,7,
ftf,Candy Cane Jar Set,,2026-09-11,0,
ftf,Peppermint Set,,2026-09-11,1,
ftf,Light Bone Crusher Set,,2026-09-11,2,
ftf,Piñata Set,,2026-09-11,4,
ftf,Pot O' Gold Set,,2026-09-11,3,
ftf,Flamingo,,2026-09-11,3,
ftf,Batwing Basher Set,,2026-09-11,8,
ftf,Red Panda Set,,2026-09-11,2,
ftf,Sweet Treats Set,,2026-09-11,1,
ftf,Painting Roll Set,,2026-09-11,1,
ftf,Blueberry,,2026-09-11,2,
ftf,Phantom Light Set,,2026-09-11,4,
ftf,Spooky Brew Set,,2026-09-11,15,
ftf,Book of Fortunes Set,,2026-09-11,5,
ftf,Unchained Beast Set,,2026-09-11,0,
ftf,Bloodline Bat Set,,2026-09-11,1,
ftf,Vanillaberry Cake Set,,2026-09-11,4,
ftf,Gothic Bouquet Set,,2026-09-11,9,
ftf,Phosphor Jellyfish Set,,2026-09-11,10,
ftf,Bleak Ink Set,,2026-09-11,6,
ftf,Acidic Potions Set,,2026-09-11,0,
ftf,Cursed Painting Set,,2026-09-11,3,
ftf,Soulless Theater Set,,2026-09-11,3,
ftf,Dark Bone Crusher Set,,2026-09-11,4,
ftf,Nebula Set,,2026-09-11,0,
ftf,Classic Set,,2026-09-11,9,
ftf,Magical Voodoo Set,,2026-09-11,2,
ftf,Lovely Heart Set,,2026-09-11,1,
ftf,Pristine Chocolatery Set,,2026-09-11,4,
ftf,Summer Pattern Set,,2026-09-11,4,
ftf,Greenhouse Set,,2026-09-11,2,
ftf,Bubbly Wand Set,,2026-09-11,16,
ftf,Bamboo Set,,2026-09-11,3,
ftf,Lonely Heart Set,,2026-09-11,10,
ftf,Bubbles,,2026-09-11,1,
ftf,BBQ Grill Set,,2026-09-11,2,
ftf,Bottled Mariner Set,,2026-09-11,15,
ftf,Pirate Hat,,2026-09-11,2,
ftf,Bubble Bottle,,2026-09-11,1,
ftf,Blue Nutcracker Set,,2026-09-11,1,
ftf,Love Potion,,2026-09-11,4,
ftf,Duck Bike Set,,2026-09-11,14,
ftf,Duck,,2026-09-11,2,
ftf,Psycho’s Chainsaw,,2026-09-11,1,
ftf,Ragebringer Set,,2026-09-11,0,
ftf,Neapolitan Set,,2026-09-11,0,
ftf,Lime Mocktail Set,,2026-09-11,2,
ftf,Snowboarder Penguin Set,,2026-09-11,2,
ftf,Jade Statue Set,,2026-09-11,2,
ftf,Sakura Perfume,,2026-09-11,2,
ftf,Princess Palace Set,,2026-09-11,0,
ftf,Year of the Horse Set,,2026-09-11,3,
ftf,Pumpkin Jack,,2026-09-11,1,
ftf,Igloo Set,,2026-09-11,2,
ftf,Santa Chimney Set,,2026-09-11,4,
ftf,6th Anniversary Set,,2026-09-11,1,
ftf,Theatrical Spotlight Set,,2026-09-11,3,
ftf,Ladybug Spots,,2026-09-11,1,
ftf,Water Gun Set,,2026-09-11,1,
ftf,Lovesick Bow Set,,2026-09-11,24,
ftf,Blank,,2026-09-11,2,
ftf,Flamingo Lake Set,,2026-09-11,5,
ftf,Scarecrow Patches Set,,2026-09-11,0,
ftf,Viridian,,2026-09-11,3,
ftf,Wanwood,,2026-09-11,2,
ftf,Bluesteel,,2026-09-11,2,
ftf,Omega Rainbow,,2026-09-11,2,
ftf,Firefly Jar,,2026-09-11,3,
ftf,Sunset,,2026-09-11,2,
ftf,Dark Mansion Set,,2026-09-11,0,
ftf,VIP Ban Hammer Set,,2026-09-11,4,
ftf,Bubbly Gun Set,,2026-09-11,17,
ftf,Pearl Piercer Set,,2026-09-11,10,
ftf,Santa Boot Set,,2026-09-11,5,
ftf,Sakura Parasol Set,,2026-09-11,35,
ftf,Woodland Staff Set,,2026-09-11,9,
ftf,Lily of The Valley Set,,2026-09-11,14,
ftf,Cherry Blossom Tree Set,,2026-09-11,10,
ftf,Grape Barrel Set,,2026-09-11,3,
ftf,Devilish Candle Set,,2026-09-11,17,
ftf,Pumpkin Slice Set,,2026-09-11,14,
ftf,Pegasus Blade Set,,2026-09-11,10,
ftf,Antique Piano Set,,2026-09-11,9,
ftf,Flamingo Car Set,,2026-09-11,16,
ftf,Tropical Drink Set,,2026-09-11,3,
ftf,Beach Boat Set,,2026-09-11,5,
mm2,2015 Knife,2015-knife,2026-09-06,1,
mm2,Alex Knife,alex-knife,2026-09-06,1,
mm2,Alien Set 2025,alien-set-2025,2026-09-06,3,
mm2,Alienbeam Knife 2025,alienbeam-knife-2025,2026-09-06,4,
mm2,America Gun,america-gun,2026-09-06,1,
mm2,Amerilaser Gun,amerilaser-gun,2026-09-06,1,
mm2,Arctic Knife 2022,arctic-knife-2022,2026-09-06,1,
mm2,Aurora Gun 2019,aurora-gun-2019,2026-09-06,1,
mm2,Aurora Gun 2021,aurora-gun-2021,2026-09-06,2,
mm2,Aurora Set,aurora-set,2026-09-06,1,
mm2,Australis Knife 2024,australis-knife-2024,2026-09-06,9,
mm2,Balloons Gun,balloons-gun,2026-09-06,4,
mm2,Bat Knife 2022,bat-knife-2022,2026-09-06,11,
mm2,Bats Knife 2016,bats-knife-2016,2026-09-06,1,
mm2,BattleAxe Knife 2017,battleaxe-knife-2017,2026-09-06,3,
mm2,Batwing Knife 2018,batwing-knife-2018,2026-09-06,11,
mm2,Bauble Gun 2024,bauble-gun-2024,2026-09-06,3,
mm2,Beach Knife,beach-knife,2026-09-06,1,
mm2,Beach Set 2026,beach-set-2026,2026-09-06,15,
mm2,Beachy Knife 2026,beachy-knife-2026,2026-09-06,11,
mm2,Bear,bear,2026-09-06,1,
mm2,Bioblade Knife,bioblade-knife,2026-09-06,1,
mm2,Black Knife,black-knife,2026-09-06,4,
mm2,Blaster Gun,blaster-gun,2026-09-06,2,
mm2,Blizzard Gun 2025,blizzard,2026-09-06,5,
mm2,Blizzard Set 2025,blizzard-set,2026-09-06,4,
mm2,Blood Knife,blood-knife,2026-09-06,4,
mm2,Bloom Knife,bloom-knife,2026-09-06,8,
mm2,Bloom Set,bloom-set,2026-09-06,13,
mm2,Blossom Gun,blossom-gun,2026-09-06,10,
mm2,Blossom Knife 2026,blossom-knife-2026,2026-09-06,1,
mm2,Blue Pumpkin 2018,blue-pumpkin-2018,2026-09-06,1,
mm2,Blue Pumpkin 2020,blue-pumpkin-2020,2026-09-06,1,
mm2,Blue Seer Knife,blue-seer-knife,2026-09-06,2,
mm2,Boneblade Knife 2018,boneblade-knife-2018,2026-09-06,2,
mm2,Borealis Gun 2024,borealis-gun-2024,2026-09-06,6,
mm2,Borealis Set,borealis-set,2026-09-06,2,
mm2,Bow Set,bow-set,2026-09-06,1,
mm2,Brains Knife 2019,brains-knife-2019,2026-09-06,0,
mm2,Branches Knife 2019,branches-knife-2019,2026-09-06,1,
mm2,Bringer Set,bringer-set,2026-09-06,1,
mm2,Bubbles Knife 2026,bubbles-knife-2026,2026-09-06,5,
mm2,Candies 2017,candies-2017,2026-09-06,5,
mm2,Candleflame Knife 2021,candleflame-knife-2021,2026-09-06,4,
mm2,Candy Knife 2015,candy-knife-2015,2026-09-06,7,
mm2,Candy Set,candy-set,2026-09-06,1,
mm2,Candy Swirl Gun 2019,candy-swirl-gun-2019,2026-09-06,1,
mm2,Candy Swirl Knife 2019,candy-swirl-knife-2019,2026-09-06,1,
mm2,Candy Swirl Set,candy-swirl-set,2026-09-06,1,
mm2,CandyCorn Knife 2017,candycorn-knife-2017,2026-09-06,1,
mm2,Cane Set (2018),cane-set-2018,2026-09-06,1,
mm2,Cavern Set,cavern-set,2026-09-06,1,
mm2,Celestial Knife 2024,celestial-knife-2024,2026-09-06,11,
mm2,Celestial Set,celestial-set,2026-09-06,4,
mm2,Chill Knife 2015,chill-knife-2015,2026-09-06,3,
mm2,Chilly,chilly,2026-09-06,1,
mm2,Chroma Alien Set 2025,chroma-alien-set-2025,2026-09-06,1,
mm2,Chroma Beachy Knife 2026,chroma-beachy-knife-2026,2026-09-06,9,
mm2,Chroma Boneblade Knife 2018,chroma-boneblade-knife-2018,2026-09-06,2,
mm2,Chroma Bringer Set,chroma-bringer-set,2026-09-06,1,
mm2,Chroma Candleflame Knife 2021,chroma-candleflame-knife-2021,2026-09-06,4,
mm2,Chromatic Gun,chroma-chromatic-gun,2026-09-06,1,
mm2,Chromatic Knife,chroma-chromatic-knife,2026-09-06,2,
mm2,Chroma Constellation Gun 2024,chroma-constellation-gun-2024,2026-09-06,1,
mm2,Chroma Cookiecane Knife 2022,chroma-cookiecane-knife-2022,2026-09-06,1,
mm2,Chroma Darkbringer Gun,chroma-darkbringer-gun,2026-09-06,6,
mm2,Chroma Deathshard Knife,chroma-deathshard-knife,2026-09-06,5,
mm2,Chroma Elderwood Blade Knife 2022,chroma-elderwood-blade-knife-2022,2026-09-06,1,
mm2,Chroma Fang Knife,chroma-fang-knife,2026-09-06,2,
mm2,Chroma Gingerblade Knife 2018,chroma-gingerblade-knife-2018,2026-09-06,2,
mm2,Chroma Heart Wand Knife 2026,chroma-heart-wand-knife-2026,2026-09-06,2,
mm2,Chroma Heat Knife,chroma-heat-knife,2026-09-06,3,
mm2,Chroma Icecream Knife 2026,chroma-icecream-knife-2026,2026-09-06,30,
mm2,Chroma Laser Gun,chroma-laser-gun,2026-09-06,1,
mm2,Chroma Lightbringer Gun,chroma-lightbringer-gun,2026-09-06,3,
mm2,Chroma Luger Gun,chroma-luger-gun,2026-09-06,5,
mm2,Chroma Ornament Knife 2025,chroma-ornament-knife-2025,2026-09-06,1,
mm2,Chroma Raygun Gun 2025,chroma-raygun-gun-2025,2026-09-06,5,
mm2,Chroma Sands Gun 2026,chroma-sands-gun-2026,2026-09-06,6,
mm2,Chroma Seer Knife,chroma-seer-knife,2026-09-06,4,
mm2,Chroma Shark Gun,chroma-shark-gun,2026-09-06,1,
mm2,Chroma Slasher Knife,chroma-slasher-knife,2026-09-06,2,
mm2,Chroma Snow Set 2025,chroma-snow-set-2025,2026-09-06,0,
mm2,Chroma Snowcannon Gun 2025,chroma-snowcannon-gun-2025,2026-09-06,3,
mm2,Chroma Snowstorm Knife 2025,chroma-snowstorm-knife-2025,2026-09-06,3,
mm2,Chroma Sunrise Gun 2025,chroma-sunrise-gun-2025,2026-09-06,2,
mm2,Chroma Sunset Knife 2025,chroma-sunset-knife-2025,2026-09-06,6,
mm2,Chroma Sweet Knife 2026,chroma-sweet,2026-09-06,0,
mm2,Chroma Sweet Treat Set 2026,chroma-sweet-treat-set,2026-09-06,1,
mm2,Chroma Swirly Gun 2021,chroma-swirly-gun-2021,2026-09-06,2,
mm2,Chroma Tides Knife,chroma-tides-knife,2026-09-06,8,
mm2,Chroma Traveler's Gun 2023,chroma-travelers-gun-2023,2026-09-06,0,
mm2,Chroma Treat Gun 2026,chroma-treat-gun-2026,2026-09-06,0,
mm2,Chroma Vampire's Gun 2024,chroma-vampires-gun-2024,2026-09-06,1,
mm2,Chroma Watergun Gun,chroma-watergun-gun,2026-09-06,2,
mm2,Clockwork Knife,clockwork-knife,2026-09-06,5,
mm2,Clown Knife,clown-knife,2026-09-06,1,
mm2,Clownfish Gun,clownfish-gun,2026-09-06,3,
mm2,Clownfish Knife,clownfish-knife,2026-09-06,2,
mm2,Combat II Knife,combat-ii-knife,2026-09-06,1,
mm2,Constellation Gun 2024,constellation-gun-2024,2026-09-06,23,
mm2,Cookie Set,cookie-set,2026-09-06,1,
mm2,Cookieblade Knife 2020,cookieblade-knife-2020,2026-09-06,2,
mm2,Cookiecane Knife 2022,cookiecane-knife-2022,2026-09-06,2,
mm2,Copper Knife,copper-knife,2026-09-06,1,
mm2,Corrupt Knife,corrupt-knife,2026-09-06,2,
mm2,Corrupt Set,corrupt-set,2026-09-06,1,
mm2,Cotton Candy Knife,cotton-candy-knife,2026-09-06,3,
mm2,Cowboy Gun,cowboy-gun,2026-09-06,2,
mm2,Cupid Knife 2026,cupid-knife-2026,2026-09-06,2,
mm2,Dark Set,dark-set,2026-09-06,15,
mm2,Darkbringer Gun,darkbringer-gun,2026-09-06,2,
mm2,Darkknife Knife 2023,darkknife-knife-2023,2026-09-06,2,
mm2,Darkshot Gun 2023,darkshot-gun-2023,2026-09-06,10,
mm2,Darksword Knife 2023,darksword-knife-2023,2026-09-06,13,
mm2,Deathshard Knife,deathshard-knife,2026-09-06,1,
mm2,Deep Sea Knife,deep-sea-knife,2026-09-06,1,
mm2,Denis Knife,denis-knife,2026-09-06,3,
mm2,Dolphins Knife 2025,dolphins-knife-2025,2026-09-06,3,
mm2,Eco Knife,eco-knife,2026-09-06,2,
mm2,Eggblade Knife,eggblade-knife,2026-09-06,2,
mm2,Elderwood Blade Knife 2022,elderwood-blade-knife-2022,2026-09-06,2,
mm2,Elderwood Revolver Gun 2019,elderwood-revolver-gun-2019,2026-09-06,5,
mm2,Elderwood Scythe Knife 2019,elderwood-scythe-knife-2019,2026-09-06,2,
mm2,Elderwood Set,elderwood-set,2026-09-06,3,
mm2,Elf,elf-pet,2026-09-06,1,
mm2,Elf,elf-pet,2026-09-06,1,
mm2,Eternal II Knife,eternal-ii-knife,2026-09-06,2,
mm2,Eternal III Knife,eternal-iii-knife,2026-09-06,3,
mm2,Eternal IV Knife,eternal-iv-knife,2026-09-06,1,
mm2,Eternal Knife,eternal-knife,2026-09-06,4,
mm2,Eternal Set,eternal-set,2026-09-06,2,
mm2,Eternalcane Knife 2019,eternalcane-knife-2019,2026-09-06,2,
mm2,Eternalcane Set,eternalcane-set,2026-09-06,1,
mm2,Evergreen Knife 2023,evergreen-knife-2023,2026-09-06,15,
mm2,Evergreen Set,evergreen-set,2026-09-06,2,
mm2,Evergun Gun 2023,evergun-gun-2023,2026-09-06,14,
mm2,Fall Gun 2025,fall-gun-2025,2026-09-06,1,
mm2,Fang Knife,fang-knife,2026-09-06,4,
mm2,Fire Dog,fire-dog,2026-09-06,1,
mm2,Fire Pig,fire-pig,2026-09-06,1,
mm2,Fire Set,fire-set,2026-09-06,2,
mm2,Flames Knife,flames-knife,2026-09-06,4,
mm2,Floatie Gun,floatie-gun,2026-09-06,3,
mm2,Flora Gun,flora-gun,2026-09-06,9,
mm2,Floral Gun,floral-gun,2026-09-06,1,
mm2,Floral Knife,floral-knife,2026-09-06,1,
mm2,Flowerwood Gun,flowerwood-gun,2026-09-06,4,
mm2,Flowerwood Knife,flowerwood-knife,2026-09-06,11,
mm2,Flowerwood Set,flowerwood-set,2026-09-06,8,
mm2,Frostbite Knife 2019,frostbite-knife-2019,2026-09-06,1,
mm2,Frostfade Knife 2023,frostfade-knife-2023,2026-09-06,2,
mm2,Frostsaber Knife 2017,frostsaber-knife-2017,2026-09-06,7,
mm2,Frozen Gun 2025,frozen-gun-2025,2026-09-06,1,
mm2,Full Bringer Set,full-bringer-set,2026-09-06,1,
mm2,Full Elderwood Set,full-elderwood-set,2026-09-06,1,
mm2,Full Swirly Set,full-swirly-set,2026-09-06,1,
mm2,Fusion Knife,fusion-knife,2026-09-06,2,
mm2,Gemstone Knife,gemstone-knife,2026-09-06,3,
mm2,Ghastly Gun 2023,ghastly-gun-2023,2026-09-06,1,
mm2,Ghost Knife,ghost-knife,2026-09-06,2,
mm2,Ghost Knife 2018,ghost-knife-2018,2026-09-06,1,
mm2,Ghost Set (Legendary),ghost-set-legendary,2026-09-06,1,
mm2,Ghostblade Knife 2019,ghostblade-knife-2019,2026-09-06,2,
mm2,Ghostly Knife 2022,ghostly-knife-2022,2026-09-06,2,
mm2,Ghoulish Knife 2023,ghoulish-knife-2023,2026-09-06,1,
mm2,Gifts 2015,gifts-2015,2026-09-06,1,
mm2,Ginger Luger Gun 2018,ginger-luger-gun-2018,2026-09-06,1,
mm2,Ginger Set (Rare),ginger-set-rare,2026-09-06,1,
mm2,Gingerblade Knife 2018,gingerblade-knife-2018,2026-09-06,2,
mm2,Gingerbread Gun 2020,gingerbread-gun-2020,2026-09-06,1,
mm2,Gingercookie Knife 2025,gingercookie-knife-2025,2026-09-06,1,
mm2,Gingermint Gun 2022,gingermint-gun-2022,2026-09-06,1,
mm2,Gingerscope Gun 2023,gingerscope-gun-2023,2026-09-06,1,
mm2,Goo Knife,goo-knife,2026-09-06,1,
mm2,Graffiti Knife,graffiti-knife,2026-09-06,1,
mm2,Green Luger Gun 2015,green-luger-gun-2015,2026-09-06,5,
mm2,Green Marble Knife 2017,green-marble-knife-2017,2026-09-06,1,
mm2,Green Pumpkin 2021,green-pumpkin-2021,2026-09-06,1,
mm2,Hallow Set,hallow-set,2026-09-06,3,
mm2,Hallowgun Gun 2020,hallowgun-gun-2020,2026-09-06,2,
mm2,Hallow's Blade Knife 2017,hallows-blade-knife-2017,2026-09-06,1,
mm2,Hallow's Edge Knife 2016,hallows-edge-knife-2016,2026-09-06,2,
mm2,Hallowscythe Knife 2020,hallowscythe-knife-2020,2026-09-06,1,
mm2,Handsaw Knife 2015,handsaw-knife-2015,2026-09-06,8,
mm2,Hardened Knife,hardened-knife,2026-09-06,1,
mm2,Harvester Gun 2021,harvester-gun-2021,2026-09-06,35,
mm2,Hazard Gun 2022,hazard-gun-2022,2026-09-06,1,
mm2,Heart Wand Knife 2026,heart-wand-2026,2026-09-06,15,
mm2,Heartblade Knife,heartblade-knife,2026-09-06,9,
mm2,Heartbreak Gun 2026,heartbreak-gun-2026,2026-09-06,1,
mm2,Hearts Knife 2026,hearts-knife-2026,2026-09-06,3,
mm2,Heat Knife,heat-knife,2026-09-06,2,
mm2,Holly Gun 2018,holly-gun-2018,2026-09-06,1,
mm2,Holly Knife 2018,holly-knife-2018,2026-09-06,1,
mm2,Ice Dragon Knife 2016,ice-dragon-knife-2016,2026-09-06,5,
mm2,Ice Shard Knife 2017,ice-shard-knife-2017,2026-09-06,4,
mm2,Icebeam Gun 2021,icebeam-gun-2021,2026-09-06,1,
mm2,Iceblaster Gun 2020,iceblaster-gun-2020,2026-09-06,4,
mm2,Icebreaker Knife 2020,icebreaker-knife-2020,2026-09-06,11,
mm2,Icebreaker Set,icebreaker-set,2026-09-06,2,
mm2,Icecream Knife 2026,icecream-knife-2026,2026-09-06,58,
mm2,Iceflake Knife 2021,iceflake-knife-2021,2026-09-06,2,
mm2,Iceflake Set,iceflake-set,2026-09-06,1,
mm2,Icepiercer Gun 2022,icepiercer-gun-2022,2026-09-06,11,
mm2,Icewing Knife 2018,icewing-knife-2018,2026-09-06,5,
mm2,Imbued Gun,imbued-gun,2026-09-06,1,
mm2,Indy Knife,indy-knife,2026-09-06,1,
mm2,Infected Knife,infected-knife,2026-09-06,1,
mm2,Iron Gun,iron-gun,2026-09-06,2,
mm2,JD Knife,jd-knife,2026-09-06,3,
mm2,Jellyfish Knife,jellyfish-knife,2026-09-06,2,
mm2,Jinglegun Gun 2020,jinglegun-gun-2020,2026-09-06,4,
mm2,Laser Gun,laser-gun-classic,2026-09-06,4,
mm2,Laser Gun,laser-gun-classic,2026-09-06,4,
mm2,Latte Gun,latte-gun,2026-09-06,1,
mm2,Lava Gun 2025,lava-gun-2025,2026-09-06,1,
mm2,Lava Knife 2025,lava-knife-2025,2026-09-06,1,
mm2,Leaf Knife,leaf-knife,2026-09-06,3,
mm2,Lightbringer Gun,lightbringer-gun,2026-09-06,6,
mm2,Lights Gun 2025,lights-gun-2025,2026-09-06,2,
mm2,Lights Knife 2025,lights-knife-2025,2026-09-06,2,
mm2,Lights Set,lights-set,2026-09-06,1,
mm2,Lil' Alien,lil-alien,2026-09-06,1,
mm2,Log Knife,log-knife,2026-09-06,2,
mm2,Logchopper Knife 2019,logchopper-knife-2019,2026-09-06,1,
mm2,Logchopper Set,logchopper-set,2026-09-06,1,
mm2,Logcutter Knife 2024,logcutter-knife-2024,2026-09-06,1,
mm2,Lovely Knife,lovely-knife,2026-09-06,2,
mm2,Luger Gun,luger-gun,2026-09-06,5,
mm2,Lugercane Gun 2019,lugercane-gun-2019,2026-09-06,3,
mm2,Magma Knife 2017,magma-knife-2017,2026-09-06,1,
mm2,Makeshift Gun 2022,makeshift-gun-2022,2026-09-06,5,
mm2,Marble Knife,marble-knife,2026-09-06,1,
mm2,Marble Set,marble-set,2026-09-06,1,
mm2,Meadow Gun,meadow-gun,2026-09-06,3,
mm2,Minty Gun 2019,minty-gun-2019,2026-09-06,3,
mm2,Moons Knife 2016,moons-knife-2016,2026-09-06,1,
mm2,Mr. Reindeer,mr-reindeer,2026-09-06,1,
mm2,Mummy Gun 2015,mummy-gun-2015,2026-09-06,1,
mm2,Mummy Gun 2018,mummy-gun-2018,2026-09-06,1,
mm2,Mummy Knife 2018,mummy-knife-2018,2026-09-06,1,
mm2,Mummy Set,mummy-set,2026-09-06,1,
mm2,Musical Knife,musical-knife,2026-09-06,1,
mm2,Nebula Knife,nebula-knife,2026-09-06,1,
mm2,Neon Gun 2025,neon-gun-2025,2026-09-06,2,
mm2,Nightblade Knife,nightblade-knife,2026-09-06,4,
mm2,Nightfire Gun,nightfire-gun,2026-09-06,1,
mm2,Ocean Gun,ocean-gun,2026-09-06,8,
mm2,Ocean Set,ocean-set,2026-09-06,12,
mm2,Old Glory Knife,old-glory-knife,2026-09-06,3,
mm2,Old Glory Set,old-glory-set,2026-09-06,1,
mm2,Orange Seer Knife,orange-seer-knife,2026-09-06,3,
mm2,Ornament Knife 2025,ornament,2026-09-06,41,
mm2,Ornament1 Knife 2015,ornament-knife-2015,2026-09-06,1,
mm2,Ornament1 Set,ornament-set,2026-09-06,1,
mm2,Ornament Set 2025,ornament-set-2025,2026-09-06,1,
mm2,Ornament1 Gun 2015,ornament1-gun-2015,2026-09-06,1,
mm2,Ornament2 Gun 2015,ornament2-gun-2015,2026-09-06,1,
mm2,Ornament2 Knife 2015,ornament2-knife-2015,2026-09-06,1,
mm2,Ornaments Knife 2025,ornaments-knife-2025,2026-09-06,2,
mm2,Palms Knife,palms-knife,2026-09-06,1,
mm2,Paws Gun 2026,paws-gun-2026,2026-09-06,2,
mm2,Pearl Knife,pearl-knife,2026-09-06,5,
mm2,Pearl Set,pearl-set,2026-09-06,3,
mm2,Pearlshine Gun,pearlshine-gun,2026-09-06,5,
mm2,Peppermint Gun 2025,peppermint-gun-2025,2026-09-06,1,
mm2,Peppermint Knife 2020,peppermint-knife-2020,2026-09-06,1,
mm2,Peppermint Knife 2025,peppermint-knife-2025,2026-09-06,4,
mm2,Phantom Knife 2022,phantom-knife-2022,2026-09-06,3,
mm2,Pixel Knife,pixel-knife,2026-09-06,3,
mm2,Plaid Gun 2026,plaid-gun-2026,2026-09-06,4,
mm2,Plasmablade Knife,plasmablade-knife,2026-09-06,1,
mm2,Plasmite Knife,plasmite-knife,2026-09-06,1,
mm2,Polar Bear Knife 2025,polar-bear-knife-2025,2026-09-06,2,
mm2,Pool Knife 2025,pool-knife-2025,2026-09-06,1,
mm2,Popsicle Gun,popsicle-gun,2026-09-06,2,
mm2,Potion Gun 2018,potion-gun-2018,2026-09-06,1,
mm2,Potion Knife 2018,potion-knife-2018,2026-09-06,1,
mm2,Potion Set,potion-set,2026-09-06,1,
mm2,Prince Knife,prince-knife,2026-09-06,1,
mm2,Prismatic Knife,prismatic-knife,2026-09-06,4,
mm2,Pumpkin Knife 2025,pumpkin-knife-2025,2026-09-06,1,
mm2,Pumpking Knife 2017,pumpking-knife-2017,2026-09-06,5,
mm2,Purple Knife,purple-knife,2026-09-06,1,
mm2,Rainbow Gun,rainbow-gun-rare,2026-09-06,3,
mm2,Rainbow Gun,rainbow-gun-rare,2026-09-06,3,
mm2,Rainbow Knife,rainbow-knife-rare,2026-09-06,5,
mm2,Rainbow Knife,rainbow-knife-rare,2026-09-06,5,
mm2,Rainbow Set,rainbow-set,2026-09-06,0,
mm2,Raygun Gun 2025,raygun-gun-2025,2026-09-06,16,
mm2,Red Knife,red-knife,2026-09-06,1,
mm2,Red Luger Gun 2015,red-luger-gun-2015,2026-09-06,5,
mm2,Red Seer Knife,red-seer-knife,2026-09-06,2,
mm2,Reindeer Knife 2025,reindeer-knife-2025,2026-09-06,1,
mm2,Retro Knife 2025,retro-knife-2025,2026-09-06,2,
mm2,Rupture Gun 2015,rupture-gun-2015,2026-09-06,1,
mm2,Sakura Knife,sakura-knife,2026-09-06,12,
mm2,Sakura Set,sakura-set,2026-09-06,16,
mm2,Sammy,sammy,2026-09-06,1,
mm2,Sands Gun 2026,sands-gun-2026,2026-09-06,3,
mm2,Sandy Gun,sandy-gun,2026-09-06,4,
mm2,Sandy Knife,sandy-knife,2026-09-06,1,
mm2,Santa's Spirit Knife 2020,santas-spirit-knife-2020,2026-09-06,1,
mm2,Saw Knife,saw-knife,2026-09-06,2,
mm2,Scratch Set,scratch-set,2026-09-06,1,
mm2,Seahorsey,seahorsey,2026-09-06,1,
mm2,Seer Knife,seer-knife,2026-09-06,3,
mm2,Shadow Knife,shadow-knife,2026-09-06,1,
mm2,Shark Gun,shark-gun,2026-09-06,3,
mm2,Shiny Knife,shiny-knife,2026-09-06,0,
mm2,Skate Set,skate-set,2026-09-06,1,
mm2,Skelly,skelly,2026-09-06,1,
mm2,Sketchy Knife,sketchy-knife,2026-09-06,2,
mm2,Skulls Knife 2021,skulls-knife-2021,2026-09-06,1,
mm2,Slasher Knife,slasher-knife,2026-09-06,4,
mm2,Slasher Set,slasher-set,2026-09-06,1,
mm2,Slime Gun 2018,slime-gun-2018,2026-09-06,1,
mm2,Slimy Knife 2019,slimy-knife-2019,2026-09-06,1,
mm2,Snakebite Gun 2019,snakebite-gun-2019,2026-09-06,1,
mm2,Snow Dagger Knife 2025,snow-dagger,2026-09-06,5,
mm2,Snow Set 2025,snow-set,2026-09-06,1,
mm2,Snowball Gun 2025,snowball-gun-2025,2026-09-06,1,
mm2,Snowball Knife 2025,snowball-knife-2025,2026-09-06,3,
mm2,Snowcannon Gun 2025,snowcannon,2026-09-06,5,
mm2,Snowflake Knife 2017,snowflake-knife-2017,2026-09-06,2,
mm2,Snowflakes Knife 2020,snowflakes-knife-2020,2026-09-06,1,
mm2,Snowstorm Knife 2025,snowstorm,2026-09-06,6,
mm2,Soda Gun 2025,soda-gun-2025,2026-09-06,1,
mm2,Soda Knife 2025,soda-knife-2025,2026-09-06,3,
mm2,Soul Gun 2024,soul-gun-2024,2026-09-06,10,
mm2,Soul Set,soul-set,2026-09-06,27,
mm2,Sparkle Set,sparkle-set,2026-09-06,2,
mm2,Sparkle1 Knife,sparkle1-knife,2026-09-06,1,
mm2,Sparkle10 Knife,sparkle10-knife,2026-09-06,1,
mm2,Sparkle2 Knife,sparkle2-knife,2026-09-06,1,
mm2,Sparkle3 Knife,sparkle3-knife,2026-09-06,2,
mm2,Sparkle4 Knife,sparkle4-knife,2026-09-06,2,
mm2,Sparkle5 Knife,sparkle5-knife,2026-09-06,2,
mm2,Sparkle7 Knife,sparkle7-knife,2026-09-06,2,
mm2,Sparkle8 Knife,sparkle8-knife,2026-09-06,1,
mm2,Sparkle9 Knife,sparkle9-knife,2026-09-06,1,
mm2,Spearmint Knife 2025,spearmint-knife-2025,2026-09-06,1,
mm2,Spectre Gun 2022,spectre-gun-2022,2026-09-06,2,
mm2,Spectre Set,spectre-set,2026-09-06,2,
mm2,Spider Knife 2015,spider-knife-2015,2026-09-06,3,
mm2,Spirit Knife 2024,spirit-knife-2024,2026-09-06,25,
mm2,Splitter Knife,splitter-knife,2026-09-06,5,
mm2,Starfish Gun,starfish-gun,2026-09-06,2,
mm2,Starfish Knife,starfish-knife,2026-09-06,3,
mm2,Starry Knife 2026,starry-knife-2026,2026-09-06,2,
mm2,Static Knife,static-knife,2026-09-06,1,
mm2,Steel Gun 2023,steel-gun-2023,2026-09-06,2,
mm2,Strawberries Gun 2026,strawberries-gun-2026,2026-09-06,1,
mm2,Strawberries Knife 2026,strawberries-knife-2026,2026-09-06,3,
mm2,Striped Gun 2025,striped-gun-2025,2026-09-06,1,
mm2,Striped Knife 2025,striped-knife-2025,2026-09-06,3,
mm2,Sugar Gun 2015,sugar-gun-2015,2026-09-06,3,
mm2,Sun Set,sun-set,2026-09-06,17,
mm2,Sunrise Gun 2025,sunrise-gun-2025,2026-09-06,19,
mm2,Sunset Knife 2025,sunset-knife-2025,2026-09-06,14,
mm2,Sweet Knife 2026,sweet-2026,2026-09-06,7,
mm2,Sweet Treat Set 2026,sweet-treat-set-2026,2026-09-06,9,
mm2,Swirly Axe Knife 2021,swirly-axe-knife-2021,2026-09-06,4,
mm2,Swirly Blade Knife 2021,swirly-blade-knife-2021,2026-09-06,2,
mm2,Swirly Gun 2021,swirly-gun-2021,2026-09-06,2,
mm2,Swirly Set,swirly-set,2026-09-06,1,
mm2,Tides Knife,tides-knife,2026-09-06,3,
mm2,TNL Knife,tnl-knife,2026-09-06,1,
mm2,Toxic Knife 2018,toxic-knife-2018,2026-09-06,2,
mm2,Toy Gun,toy-gun,2026-09-06,1,
mm2,Toy Knife,toy-knife,2026-09-06,1,
mm2,Traveler Knife 2023,traveler-knife-2023,2026-09-06,1,
mm2,Traveler's Axe Knife 2023,travelers-axe-knife-2023,2026-09-06,1,
mm2,Traveler's Gun 2023,travelers-gun-2023,2026-09-06,1,
mm2,Traveler's Set,travelers-set,2026-09-06,3,
mm2,Treat Gun 2026,treat-gun-2026,2026-09-06,6,
mm2,Tree Gun 2022,tree-gun-2022,2026-09-06,1,
mm2,Tree Knife 2022,tree-knife-2022,2026-09-06,1,
mm2,Tropical Knife 2025,tropical-knife-2025,2026-09-06,1,
mm2,Turkey Knife,turkey-knife,2026-09-06,6,
mm2,Vampire Gun 2018,vampire-gun-2018,2026-09-06,1,
mm2,Vampire Set 2022,vampire-set-2022,2026-09-06,1,
mm2,Vampire's Axe Knife 2024,vampires-axe-knife-2024,2026-09-06,10,
mm2,Vampire's Edge Knife 2020,vampires-edge-knife-2020,2026-09-06,3,
mm2,Vampire's Gun 2024,vampires-gun-2024,2026-09-06,22,
mm2,Vampire's Set 2024,vampires-set-2024,2026-09-06,5,
mm2,Virtual Knife,virtual-knife,2026-09-06,3,
mm2,Virtual Set,virtual-set,2026-09-06,2,
mm2,Watcher Gun 2021,watcher-gun-2021,2026-09-06,1,
mm2,Watergun Gun,watergun-gun,2026-09-06,6,
mm2,Waves Knife,waves-knife,2026-09-06,17,
mm2,Wavy Knife,wavy-knife,2026-09-06,2,
mm2,Webs Knife 2017,webs-knife-2017,2026-09-06,1,
mm2,Whiteout Knife,whiteout-knife,2026-09-06,1,
mm2,Winter's Edge Knife 2017,winters-edge-knife-2017,2026-09-06,5,
mm2,Wraith Knife 2022,wraith-knife-2022,2026-09-06,2,
mm2,Wrap Gun 2020,wrap-gun-2020,2026-09-06,1,
mm2,Xeno Set 2025,xeno-set-2025,2026-09-06,6,
mm2,Xenoknife Knife 2025,xenoknife,2026-09-06,9,
mm2,Xenoshot Gun 2025,xenoshot,2026-09-06,6,
mm2,Xmas Knife 2015,xmas-knife-2015,2026-09-06,1,
mm2,Yellow Seer Knife,yellow-seer-knife,2026-09-06,2,
mm2,Yummy Knife 2026,yummy-knife-2026,2026-09-06,1,
mm2,Zombie Knife 2021,zombie-knife-2021,2026-09-06,1,
mm2,Chroma Beach Set 2026,,2026-09-06,7,
mm2,Chromatic Set,,2026-09-06,1,
mm2,2015 Knife,2015-knife,2026-09-07,1,0
mm2,Alien Set 2025,alien-set-2025,2026-09-07,4,0
mm2,Alienbeam Knife 2025,alienbeam-knife-2025,2026-09-07,10,0
mm2,Aliens Gun 2021,aliens-gun-2021,2026-09-07,1,0
mm2,America Gun,america-gun,2026-09-07,1,0
mm2,Amerilaser Gun,amerilaser-gun,2026-09-07,4,0
mm2,Arctic Gun 2022,arctic-gun-2022,2026-09-07,5,0
mm2,Arctic Knife 2022,arctic-knife-2022,2026-09-07,1,0
mm2,Aurora Gun 2019,aurora-gun-2019,2026-09-07,1,0
mm2,Aurora Knife 2021,aurora-knife-2021,2026-09-07,1,0
mm2,Australis Knife 2024,australis-knife-2024,2026-09-07,4,0
mm2,Bat Knife 2022,bat-knife-2022,2026-09-07,16,2
mm2,Bat Set,bat-set,2026-09-07,2,0
mm2,BattleAxe II Knife 2018,battleaxe-ii-knife-2018,2026-09-07,3,0
mm2,BattleAxe Knife 2017,battleaxe-knife-2017,2026-09-07,2,0
mm2,Batwing Knife 2018,batwing-knife-2018,2026-09-07,12,0
mm2,Bauble Gun 2024,bauble-gun-2024,2026-09-07,4,0
mm2,Beach Knife,beach-knife,2026-09-07,1,0
mm2,Beach Set 2026,beach-set-2026,2026-09-07,27,3
mm2,Beachy Knife 2026,beachy-knife-2026,2026-09-07,17,2
mm2,Bear,bear,2026-09-07,2,0
mm2,Bioblade Knife,bioblade-knife,2026-09-07,2,0
mm2,Blaster Gun,blaster-gun,2026-09-07,1,0
mm2,Blizzard Gun 2025,blizzard,2026-09-07,3,1
mm2,Blizzard Set 2025,blizzard-set,2026-09-07,13,1
mm2,Blood Knife,blood-knife,2026-09-07,1,0
mm2,Bloom Knife,bloom-knife,2026-09-07,5,2
mm2,Bloom Set,bloom-set,2026-09-07,8,1
mm2,Blossom Gun,blossom-gun,2026-09-07,3,2
mm2,Blossom Knife,blossom-knife,2026-09-07,1,0
mm2,Blue Elite Knife 2017,blue-elite-knife-2017,2026-09-07,1,0
mm2,Blue Seer Knife,blue-seer-knife,2026-09-07,1,0
mm2,Boneblade Knife 2018,boneblade-knife-2018,2026-09-07,1,0
mm2,Bones Gun 2019,bones-gun-2019,2026-09-07,1,0
mm2,Borders Knife,borders-knife,2026-09-07,1,0
mm2,Borealis Gun 2024,borealis-gun-2024,2026-09-07,2,0
mm2,Borealis Set,borealis-set,2026-09-07,0,1
mm2,Bow Set,bow-set,2026-09-07,1,0
mm2,Bringer Set,bringer-set,2026-09-07,2,0
mm2,Broken Knife,broken-knife,2026-09-07,1,0
mm2,Bunny,bunny-pet,2026-09-07,1,0
mm2,Bunny,bunny-pet,2026-09-07,1,0
mm2,Candies 2016,candies-2016,2026-09-07,1,0
mm2,Candleflame Knife 2021,candleflame-knife-2021,2026-09-07,2,0
mm2,Candy Knife 2015,candy-knife-2015,2026-09-07,12,3
mm2,Candy Set,candy-set,2026-09-07,3,0
mm2,Candy Swirl Knife 2019,candy-swirl-knife-2019,2026-09-07,1,0
mm2,Cane Knife 2021,cane-knife-2021,2026-09-07,1,0
mm2,Carrot Knife 2016,carrot-knife-2016,2026-09-07,1,0
mm2,Cat,cat,2026-09-07,2,0
mm2,Celestial Knife 2024,celestial-knife-2024,2026-09-07,16,6
mm2,Celestial Set,celestial-set,2026-09-07,1,0
mm2,Chill Knife 2015,chill-knife-2015,2026-09-07,2,0
mm2,Choco Knife 2016,choco-knife-2016,2026-09-07,1,0
mm2,Chroma Alien Set 2025,chroma-alien-set-2025,2026-09-07,1,0
mm2,Chroma Alienbeam Knife 2025,chroma-alienbeam-knife-2025,2026-09-07,2,0
mm2,Chroma Beachy Knife 2026,chroma-beachy-knife-2026,2026-09-07,16,1
mm2,Chroma Boneblade Knife 2018,chroma-boneblade-knife-2018,2026-09-07,1,0
mm2,Chroma Bringer Set,chroma-bringer-set,2026-09-07,6,0
mm2,Chroma Candleflame Knife 2021,chroma-candleflame-knife-2021,2026-09-07,4,0
mm2,Chroma Cookiecane Knife 2022,chroma-cookiecane-knife-2022,2026-09-07,2,0
mm2,Chroma Darkbringer Gun,chroma-darkbringer-gun,2026-09-07,5,0
mm2,Chroma Deathshard Knife,chroma-deathshard-knife,2026-09-07,8,0
mm2,Chroma Elderwood Blade Knife 2022,chroma-elderwood-blade-knife-2022,2026-09-07,1,0
mm2,Chroma Fang Knife,chroma-fang-knife,2026-09-07,3,0
mm2,Chroma Gemstone Knife,chroma-gemstone-knife,2026-09-07,3,0
mm2,Chroma Gingerblade Knife 2018,chroma-gingerblade-knife-2018,2026-09-07,2,0
mm2,Chroma Heart Wand Knife 2026,chroma-heart-wand-knife-2026,2026-09-07,3,3
mm2,Chroma Heat Knife,chroma-heat-knife,2026-09-07,2,0
mm2,Chroma Icecream Knife 2026,chroma-icecream-knife-2026,2026-09-07,29,1
mm2,Chroma Laser Gun,chroma-laser-gun,2026-09-07,1,0
mm2,Chroma Lightbringer Gun,chroma-lightbringer-gun,2026-09-07,7,0
mm2,Chroma Luger Gun,chroma-luger-gun,2026-09-07,13,0
mm2,Chroma Ornament Knife 2025,chroma-ornament-knife-2025,2026-09-07,0,2
mm2,Chroma Raygun Gun 2025,chroma-raygun-gun-2025,2026-09-07,3,0
mm2,Chroma Sands Gun 2026,chroma-sands-gun-2026,2026-09-07,14,0
mm2,Chroma Saw Knife,chroma-saw-knife,2026-09-07,2,0
mm2,Chroma Seer Knife,chroma-seer-knife,2026-09-07,3,0
mm2,Chroma Shark Gun,chroma-shark-gun,2026-09-07,3,0
mm2,Chroma Slasher Knife,chroma-slasher-knife,2026-09-07,2,0
mm2,Chroma Snowcannon Gun 2025,chroma-snowcannon-gun-2025,2026-09-07,1,0
mm2,Chroma Snowstorm Knife 2025,chroma-snowstorm-knife-2025,2026-09-07,0,2
mm2,Chroma Sunrise Gun 2025,chroma-sunrise-gun-2025,2026-09-07,4,0
mm2,Chroma Sweet Knife 2026,chroma-sweet,2026-09-07,4,0
mm2,Chroma Sweet Treat Set 2026,chroma-sweet-treat-set,2026-09-07,5,0
mm2,Chroma Swirly Gun 2021,chroma-swirly-gun-2021,2026-09-07,4,0
mm2,Chroma Tides Knife,chroma-tides-knife,2026-09-07,3,0
mm2,Chroma Treat Gun 2026,chroma-treat-gun-2026,2026-09-07,4,1
mm2,Chroma Vampire's Gun 2024,chroma-vampires-gun-2024,2026-09-07,1,0
mm2,Chroma Watergun Gun,chroma-watergun-gun,2026-09-07,3,0
mm2,Clockwork Knife,clockwork-knife,2026-09-07,4,0
mm2,Coal Knife 2017,coal-knife-2017,2026-09-07,1,0
mm2,Coal Knife 2022,coal-knife-2022,2026-09-07,1,0
mm2,Constellation Gun 2024,constellation-gun-2024,2026-09-07,24,0
mm2,Cookie Set,cookie-set,2026-09-07,0,1
mm2,Cookieblade Knife 2020,cookieblade-knife-2020,2026-09-07,2,0
mm2,Cookiecane Knife 2022,cookiecane-knife-2022,2026-09-07,2,0
mm2,Corl Knife,corl-knife,2026-09-07,1,0
mm2,Corrupt Set,corrupt-set,2026-09-07,1,0
mm2,Cotton Candy Knife,cotton-candy-knife,2026-09-07,2,0
mm2,Cupid Knife 2026,cupid-knife-2026,2026-09-07,1,0
mm2,Dark Set,dark-set,2026-09-07,6,3
mm2,Darkbringer Gun,darkbringer-gun,2026-09-07,13,0
mm2,Darkknife Knife 2023,darkknife-knife-2023,2026-09-07,2,0
mm2,Darkshot Gun 2023,darkshot-gun-2023,2026-09-07,5,4
mm2,Darksword Knife 2023,darksword-knife-2023,2026-09-07,15,4
mm2,Deathshard Knife,deathshard-knife,2026-09-07,1,0
mm2,Denis Knife,denis-knife,2026-09-07,1,0
mm2,Duckies Gun 2026,duckies-gun-2026,2026-09-07,1,0
mm2,Dungeon Knife 2019,dungeon-knife-2019,2026-09-07,1,0
mm2,Easter Set,easter-set,2026-09-07,1,0
mm2,Egg Knife 2016,egg-knife-2016,2026-09-07,1,0
mm2,Eggblade Knife,eggblade-knife,2026-09-07,1,0
mm2,Elderwood Revolver Gun 2019,elderwood-revolver-gun-2019,2026-09-07,4,0
mm2,Elderwood Scythe Knife 2019,elderwood-scythe-knife-2019,2026-09-07,6,0
mm2,Elderwood Set,elderwood-set,2026-09-07,2,1
mm2,Elf,elf-pet,2026-09-07,2,0
mm2,Elf,elf-pet,2026-09-07,2,0
mm2,Eternal II Knife,eternal-ii-knife,2026-09-07,2,0
mm2,Eternal IV Knife,eternal-iv-knife,2026-09-07,1,0
mm2,Eternal Knife,eternal-knife,2026-09-07,1,0
mm2,Eternalcane Knife 2019,eternalcane-knife-2019,2026-09-07,5,0
mm2,Eternalcane Set,eternalcane-set,2026-09-07,1,0
mm2,Evergreen Knife 2023,evergreen-knife-2023,2026-09-07,30,2
mm2,Evergreen Set,evergreen-set,2026-09-07,3,2
mm2,Evergun Gun 2023,evergun-gun-2023,2026-09-07,9,2
mm2,Fang Knife,fang-knife,2026-09-07,4,0
mm2,Fire Cat,fire-cat,2026-09-07,1,0
mm2,Fireplace Knife 2023,fireplace-knife-2023,2026-09-07,1,0
mm2,Flames Knife,flames-knife,2026-09-07,2,0
mm2,Flora Gun,flora-gun,2026-09-07,5,1
mm2,Flowerwood Gun,flowerwood-gun,2026-09-07,9,0
mm2,Flowerwood Knife,flowerwood-knife,2026-09-07,3,0
mm2,Flowerwood Set,flowerwood-set,2026-09-07,12,1
mm2,Fox,fox,2026-09-07,2,0
mm2,Frostbite Knife 2019,frostbite-knife-2019,2026-09-07,2,0
mm2,Frosted Knife 2019,frosted-knife-2019,2026-09-07,1,0
mm2,Frostfade Knife 2023,frostfade-knife-2023,2026-09-07,1,0
mm2,Frostflame Gun 2024,frostflame-gun-2024,2026-09-07,1,0
mm2,Frostsaber Knife 2017,frostsaber-knife-2017,2026-09-07,3,0
mm2,Frozen Knife 2019,frozen-knife-2019,2026-09-07,1,0
mm2,Full Bringer Set,full-bringer-set,2026-09-07,1,0
mm2,Full Elderwood Set,full-elderwood-set,2026-09-07,1,0
mm2,Full Ice Set,full-ice-set,2026-09-07,0,1
mm2,Full Virtual Set,full-virtual-set,2026-09-07,1,0
mm2,Gemstone Knife,gemstone-knife,2026-09-07,4,0
mm2,Ghastly Knife 2023,ghastly-knife-2023,2026-09-07,1,0
mm2,Ghost Gun 2018,ghost-gun-2018,2026-09-07,1,0
mm2,Ghost Knife,ghost-knife,2026-09-07,1,0
mm2,Ghostblade Knife 2019,ghostblade-knife-2019,2026-09-07,2,0
mm2,Ginger Luger Gun 2018,ginger-luger-gun-2018,2026-09-07,1,0
mm2,Gingerblade Knife 2018,gingerblade-knife-2018,2026-09-07,2,0
mm2,Gingermint Gun 2022,gingermint-gun-2022,2026-09-07,2,0
mm2,Gingerscope Gun 2023,gingerscope-gun-2023,2026-09-07,12,1
mm2,Glitch2 Knife,glitch2-knife,2026-09-07,1,0
mm2,Gothic Gun 2021,gothic-gun-2021,2026-09-07,2,0
mm2,Green Fire Knife 2017,green-fire-knife-2017,2026-09-07,1,0
mm2,Green Luger Gun 2015,green-luger-gun-2015,2026-09-07,5,0
mm2,Hallow Set,hallow-set,2026-09-07,1,2
mm2,Hallowgun Gun 2020,hallowgun-gun-2020,2026-09-07,1,1
mm2,Hallowscythe Knife 2020,hallowscythe-knife-2020,2026-09-07,2,0
mm2,Handsaw Knife 2015,handsaw-knife-2015,2026-09-07,1,0
mm2,Hardened Knife,hardened-knife,2026-09-07,1,0
mm2,Harvester Gun 2021,harvester-gun-2021,2026-09-07,33,2
mm2,Hazard Knife 2022,hazard-knife-2022,2026-09-07,1,0
mm2,Heart Wand Knife 2026,heart-wand-2026,2026-09-07,10,5
mm2,Heartblade Knife,heartblade-knife,2026-09-07,18,1
mm2,Heat Knife,heat-knife,2026-09-07,4,0
mm2,Icebeam Gun 2021,icebeam-gun-2021,2026-09-07,1,1
mm2,Iceblaster Gun 2020,iceblaster-gun-2020,2026-09-07,6,2
mm2,Icebreaker Knife 2020,icebreaker-knife-2020,2026-09-07,10,2
mm2,Icebreaker Set,icebreaker-set,2026-09-07,2,0
mm2,Icecream Knife 2026,icecream-knife-2026,2026-09-07,56,1
mm2,Iceflake Knife 2021,iceflake-knife-2021,2026-09-07,2,0
mm2,Iceflake Set,iceflake-set,2026-09-07,1,0
mm2,Icepiercer Gun 2022,icepiercer-gun-2022,2026-09-07,17,0
mm2,Icewing Knife 2018,icewing-knife-2018,2026-09-07,14,0
mm2,Jinglegun Gun 2020,jinglegun-gun-2020,2026-09-07,3,0
mm2,Laser Gun,laser-gun-classic,2026-09-07,3,0
mm2,Laser Gun,laser-gun-classic,2026-09-07,3,0
mm2,Latte Set 2023,latte-set-2023,2026-09-07,1,0
mm2,Lightbringer Gun,lightbringer-gun,2026-09-07,4,0
mm2,Lil' Alien,lil-alien,2026-09-07,2,0
mm2,Logchopper Knife 2019,logchopper-knife-2019,2026-09-07,2,0
mm2,Logchopper Set,logchopper-set,2026-09-07,1,0
mm2,Luger Gun,luger-gun,2026-09-07,13,0
mm2,Lugercane Gun 2019,lugercane-gun-2019,2026-09-07,1,0
mm2,Magma Gun 2021,magma-gun-2021,2026-09-07,1,0
mm2,Minty Gun 2019,minty-gun-2019,2026-09-07,1,0
mm2,Monster Knife 2024,monster-knife-2024,2026-09-07,1,0
mm2,Moons Knife 2016,moons-knife-2016,2026-09-07,1,0
mm2,Moons Knife 2024,moons-knife-2024,2026-09-07,1,0
mm2,Mr. Reindeer,mr-reindeer,2026-09-07,1,0
mm2,Mummy Gun 2018,mummy-gun-2018,2026-09-07,1,0
mm2,Mummy Gun 2020,mummy-gun-2020,2026-09-07,1,0
mm2,Mummy Knife 2020,mummy-knife-2020,2026-09-07,1,0
mm2,Nightblade Knife,nightblade-knife,2026-09-07,4,0
mm2,Ocean Gun,ocean-gun,2026-09-07,5,0
mm2,Ocean Set,ocean-set,2026-09-07,6,1
mm2,Old Glory Knife,old-glory-knife,2026-09-07,3,0
mm2,Old Glory Set,old-glory-set,2026-09-07,1,0
mm2,Orange Marble Knife 2016,orange-marble-knife-2016,2026-09-07,1,0
mm2,Orange Seer Knife,orange-seer-knife,2026-09-07,2,0
mm2,Ornament Knife 2025,ornament,2026-09-07,27,6
mm2,Ornaments Knife 2025,ornaments-knife-2025,2026-09-07,1,0
mm2,Palms Knife,palms-knife,2026-09-07,1,0
mm2,Patrick Knife,patrick-knife,2026-09-07,1,0
mm2,Pearl Knife,pearl-knife,2026-09-07,8,1
mm2,Pearl Set,pearl-set,2026-09-07,2,0
mm2,Pearlshine Gun,pearlshine-gun,2026-09-07,4,0
mm2,Phantom Knife 2022,phantom-knife-2022,2026-09-07,4,0
mm2,Pine Knife 2019,pine-knife-2019,2026-09-07,1,0
mm2,Pixel Knife,pixel-knife,2026-09-07,6,0
mm2,Plasma Set,plasma-set,2026-09-07,2,0
mm2,Plasmabeam Gun,plasmabeam-gun,2026-09-07,2,0
mm2,Plasmablade Knife,plasmablade-knife,2026-09-07,1,1
mm2,Plasmite Knife,plasmite-knife,2026-09-07,1,0
mm2,Portal Gun 2020,portal-gun-2020,2026-09-07,1,0
mm2,Portal Knife 2020,portal-knife-2020,2026-09-07,1,0
mm2,Pumpkin 2021,pumpkin-2021,2026-09-07,1,0
mm2,Pumpking Knife 2017,pumpking-knife-2017,2026-09-07,1,0
mm2,Purple Seer Knife,purple-seer-knife,2026-09-07,1,0
mm2,Rainbow Gun,rainbow-gun-rare,2026-09-07,3,1
mm2,Rainbow Gun,rainbow-gun-rare,2026-09-07,3,1
mm2,Rainbow Knife,rainbow-knife-rare,2026-09-07,2,2
mm2,Rainbow Knife,rainbow-knife-rare,2026-09-07,2,2
mm2,Rainbow Set,rainbow-set,2026-09-07,3,1
mm2,Raygun Gun 2025,raygun-gun-2025,2026-09-07,27,6
mm2,Red Luger Gun 2015,red-luger-gun-2015,2026-09-07,11,0
mm2,Red Pumpkin 2020,red-pumpkin-2020,2026-09-07,1,0
mm2,Red Seer Knife,red-seer-knife,2026-09-07,1,0
mm2,Roses Knife,roses-knife,2026-09-07,1,0
mm2,Sakura Knife,sakura-knife,2026-09-07,6,1
mm2,Sakura Set,sakura-set,2026-09-07,6,0
mm2,Sand Knife 2026,sand-knife-2026,2026-09-07,1,0
mm2,Sands Gun 2026,sands-gun-2026,2026-09-07,26,0
mm2,Santa's Spirit Knife 2020,santas-spirit-knife-2020,2026-09-07,1,0
mm2,Saw Knife,saw-knife,2026-09-07,1,0
mm2,Seer Knife,seer-knife,2026-09-07,2,0
mm2,Shark Gun,shark-gun,2026-09-07,3,0
mm2,Sharky Knife,sharky-knife,2026-09-07,1,0
mm2,Sidewinder Knife,sidewinder-knife,2026-09-07,1,0
mm2,Silent Night Gun 2020,silent-night-gun-2020,2026-09-07,1,0
mm2,Silent Night Set,silent-night-set,2026-09-07,1,0
mm2,Sketchy Knife,sketchy-knife,2026-09-07,1,0
mm2,Slasher Knife,slasher-knife,2026-09-07,4,0
mm2,Slimy Knife 2019,slimy-knife-2019,2026-09-07,1,0
mm2,Snakebite Knife 2019,snakebite-knife-2019,2026-09-07,1,0
mm2,Snow Set 2025,snow-set,2026-09-07,3,0
mm2,Snowcannon Gun 2025,snowcannon,2026-09-07,14,4
mm2,Snowflake Knife 2017,snowflake-knife-2017,2026-09-07,2,0
mm2,Snowflakes Gun 2019,snowflakes-gun-2019,2026-09-07,2,0
mm2,Snowglobe Knife 2023,snowglobe-knife-2023,2026-09-07,1,0
mm2,Snowstorm Knife 2025,snowstorm,2026-09-07,8,0
mm2,Soul Gun 2024,soul-gun-2024,2026-09-07,8,1
mm2,Soul Set,soul-set,2026-09-07,22,0
mm2,Sparkle1 Knife,sparkle1-knife,2026-09-07,1,0
mm2,Sparkle10 Knife,sparkle10-knife,2026-09-07,1,0
mm2,Sparkle2 Knife,sparkle2-knife,2026-09-07,3,0
mm2,Sparkle4 Knife,sparkle4-knife,2026-09-07,5,0
mm2,Sparkle5 Knife,sparkle5-knife,2026-09-07,2,0
mm2,Sparkle6 Knife,sparkle6-knife,2026-09-07,4,0
mm2,Sparkle7 Knife,sparkle7-knife,2026-09-07,6,0
mm2,Sparkle8 Knife,sparkle8-knife,2026-09-07,8,0
mm2,Sparkle9 Knife,sparkle9-knife,2026-09-07,6,0
mm2,Spectre Gun 2022,spectre-gun-2022,2026-09-07,2,0
mm2,Spectre Set,spectre-set,2026-09-07,4,0
mm2,Spider Knife 2015,spider-knife-2015,2026-09-07,2,0
mm2,Spirit Knife 2024,spirit-knife-2024,2026-09-07,22,1
mm2,Splash Gun,splash-gun,2026-09-07,1,0
mm2,Squire Knife,squire-knife,2026-09-07,1,0
mm2,Sub Knife,sub-knife,2026-09-07,1,0
mm2,Sugar Gun 2015,sugar-gun-2015,2026-09-07,4,0
mm2,Sun Set,sun-set,2026-09-07,6,1
mm2,Sunrise Gun 2025,sunrise-gun-2025,2026-09-07,22,0
mm2,Sunset Knife 2025,sunset-knife-2025,2026-09-07,19,1
mm2,Sweater Gun 2025,sweater-gun-2025,2026-09-07,1,0
mm2,Sweater Knife 2025,sweater-knife-2025,2026-09-07,1,0
mm2,Sweet Knife 2026,sweet-2026,2026-09-07,10,0
mm2,Sweet Treat Set 2026,sweet-treat-set-2026,2026-09-07,20,2
mm2,Swirl Knife 2021,swirl-knife-2021,2026-09-07,1,0
mm2,Swirly Blade Knife 2021,swirly-blade-knife-2021,2026-09-07,1,0
mm2,Swirly Gun 2021,swirly-gun-2021,2026-09-07,2,2
mm2,Tides Knife,tides-knife,2026-09-07,3,0
mm2,Traveler's Axe Knife 2023,travelers-axe-knife-2023,2026-09-07,8,0
mm2,Traveler's Gun 2023,travelers-gun-2023,2026-09-07,5,0
mm2,Traveler's Set,travelers-set,2026-09-07,7,0
mm2,Treat Gun 2026,treat-gun-2026,2026-09-07,14,1
mm2,Tulip Knife 2016,tulip-knife-2016,2026-09-07,1,0
mm2,Turkey Knife,turkey-knife,2026-09-07,4,0
mm2,Valentine Knife,valentine-knife,2026-09-07,1,0
mm2,Valentine Set,valentine-set,2026-09-07,2,0
mm2,Vampire Gun 2022,vampire-gun-2022,2026-09-07,5,0
mm2,Vampire Set 2022,vampire-set-2022,2026-09-07,0,1
mm2,Vampire's Axe Knife 2024,vampires-axe-knife-2024,2026-09-07,28,2
mm2,Vampire's Edge Knife 2020,vampires-edge-knife-2020,2026-09-07,4,0
mm2,Vampire's Gun 2024,vampires-gun-2024,2026-09-07,17,1
mm2,Vampire's Set 2024,vampires-set-2024,2026-09-07,6,2
mm2,Virtual Knife,virtual-knife,2026-09-07,4,0
mm2,Virtual Set,virtual-set,2026-09-07,1,0
mm2,Watcher Gun 2021,watcher-gun-2021,2026-09-07,1,0
mm2,Watergun Gun,watergun-gun,2026-09-07,8,0
mm2,Waves Knife,waves-knife,2026-09-07,14,0
mm2,Winter's Edge Knife 2017,winters-edge-knife-2017,2026-09-07,1,0
mm2,Wolf Knife 2016,wolf-knife-2016,2026-09-07,1,0
mm2,Xbox Knife,xbox-knife,2026-09-07,1,0
mm2,Xeno Gun 2025,xeno-gun-2025,2026-09-07,1,0
mm2,Xeno Knife 2025,xeno-knife-2025,2026-09-07,1,0
mm2,Xeno Set 2025,xeno-set-2025,2026-09-07,10,1
mm2,Xenoknife Knife 2025,xenoknife,2026-09-07,12,0
mm2,Xenoshot Gun 2025,xenoshot,2026-09-07,9,0
mm2,Yellow Seer Knife,yellow-seer-knife,2026-09-07,1,0
mm2,Zombie Knife 2017,zombie-knife-2017,2026-09-07,1,0
mm2,Zombie Knife 2023,zombie-knife-2023,2026-09-07,1,0
mm2,Zombified Knife 2022,zombified-knife-2022,2026-09-07,1,0
mm2,Chroma Beach Set 2026,,2026-09-07,13,
mm2,8-Bit Set,8-bit-set,2026-09-08,1,0
mm2,Alien Set 2025,alien-set-2025,2026-09-08,7,0
mm2,Alienbeam Knife 2025,alienbeam-knife-2025,2026-09-08,11,0
mm2,Amerilaser Gun,amerilaser-gun,2026-09-08,7,0
mm2,Ancient Set,ancient-set,2026-09-08,1,0
mm2,Arctic Knife 2022,arctic-knife-2022,2026-09-08,2,0
mm2,Aurora Gun 2021,aurora-gun-2021,2026-09-08,4,0
mm2,Aurora Knife 2021,aurora-knife-2021,2026-09-08,1,0
mm2,Australis Knife 2024,australis-knife-2024,2026-09-08,3,0
mm2,Bat Knife 2022,bat-knife-2022,2026-09-08,18,0
mm2,Bat Set,bat-set,2026-09-08,1,0
mm2,Bats Knife 2018,bats-knife-2018,2026-09-08,1,0
mm2,Bats Set,bats-set,2026-09-08,1,0
mm2,BattleAxe II Knife 2018,battleaxe-ii-knife-2018,2026-09-08,2,0
mm2,BattleAxe Knife 2017,battleaxe-knife-2017,2026-09-08,1,0
mm2,Battleaxe Set,battleaxe-set,2026-09-08,1,0
mm2,Batwing Knife 2018,batwing-knife-2018,2026-09-08,8,1
mm2,Bauble Gun 2024,bauble-gun-2024,2026-09-08,2,1
mm2,Beach Set 2026,beach-set-2026,2026-09-08,18,0
mm2,Beachy Knife 2026,beachy-knife-2026,2026-09-08,14,1
mm2,Bear,bear,2026-09-08,1,0
mm2,Bio Knife,bio-knife,2026-09-08,1,0
mm2,Bioblade Knife,bioblade-knife,2026-09-08,1,0
mm2,Black Knife,black-knife,2026-09-08,1,0
mm2,Blaster Gun,blaster-gun,2026-09-08,1,0
mm2,Blizzard Gun 2025,blizzard,2026-09-08,3,3
mm2,Blizzard Set 2025,blizzard-set,2026-09-08,5,1
mm2,Bloom Knife,bloom-knife,2026-09-08,8,2
mm2,Bloom Set,bloom-set,2026-09-08,12,0
mm2,Blossom Gun,blossom-gun,2026-09-08,11,4
mm2,Blue Pumpkin 2020,blue-pumpkin-2020,2026-09-08,1,0
mm2,Blue Seer Knife,blue-seer-knife,2026-09-08,1,0
mm2,Boneblade Knife 2018,boneblade-knife-2018,2026-09-08,2,0
mm2,Borealis Gun 2024,borealis-gun-2024,2026-09-08,1,0
mm2,Bow Set,bow-set,2026-09-08,4,0
mm2,Branches Knife 2019,branches-knife-2019,2026-09-08,1,0
mm2,Bubbles Knife 2026,bubbles-knife-2026,2026-09-08,2,0
mm2,Candies 2016,candies-2016,2026-09-08,3,0
mm2,Candies 2017,candies-2017,2026-09-08,4,0
mm2,Candleflame Knife 2021,candleflame-knife-2021,2026-09-08,3,0
mm2,Candy Knife 2015,candy-knife-2015,2026-09-08,8,1
mm2,Candy Set,candy-set,2026-09-08,5,0
mm2,Celestial Knife 2024,celestial-knife-2024,2026-09-08,29,4
mm2,Celestial Set,celestial-set,2026-09-08,7,1
mm2,Cherries Gun 2026,cherries-gun-2026,2026-09-08,1,0
mm2,Chroma Alien Set 2025,chroma-alien-set-2025,2026-09-08,3,0
mm2,Chroma Alienbeam Knife 2025,chroma-alienbeam-knife-2025,2026-09-08,3,0
mm2,Chroma Bauble Gun 2024,chroma-bauble-gun-2024,2026-09-08,1,2
mm2,Chroma Beachy Knife 2026,chroma-beachy-knife-2026,2026-09-08,9,1
mm2,Chroma Blizzard Gun 2025,chroma-blizzard-gun-2025,2026-09-08,0,1
mm2,Chroma Boneblade Knife 2018,chroma-boneblade-knife-2018,2026-09-08,5,0
mm2,Chroma Candleflame Knife 2021,chroma-candleflame-knife-2021,2026-09-08,7,0
mm2,Chroma Constellation Gun 2024,chroma-constellation-gun-2024,2026-09-08,1,0
mm2,Chroma Cookiecane Knife 2022,chroma-cookiecane-knife-2022,2026-09-08,3,0
mm2,Chroma Darkbringer Gun,chroma-darkbringer-gun,2026-09-08,6,0
mm2,Chroma Deathshard Knife,chroma-deathshard-knife,2026-09-08,2,0
mm2,Chroma Elderwood Blade Knife 2022,chroma-elderwood-blade-knife-2022,2026-09-08,2,0
mm2,Chroma Fang Knife,chroma-fang-knife,2026-09-08,1,0
mm2,Chroma Fire Cat,chroma-fire-cat,2026-09-08,1,0
mm2,Chroma Gemstone Knife,chroma-gemstone-knife,2026-09-08,1,0
mm2,Chroma Gingerblade Knife 2018,chroma-gingerblade-knife-2018,2026-09-08,3,0
mm2,Chroma Heart Wand Knife 2026,chroma-heart-wand-knife-2026,2026-09-08,4,1
mm2,Chroma Heat Knife,chroma-heat-knife,2026-09-08,1,0
mm2,Chroma Icecream Knife 2026,chroma-icecream-knife-2026,2026-09-08,25,1
mm2,Chroma Laser Gun,chroma-laser-gun,2026-09-08,1,0
mm2,Chroma Lightbringer Gun,chroma-lightbringer-gun,2026-09-08,7,0
mm2,Chroma Luger Gun,chroma-luger-gun,2026-09-08,4,0
mm2,Chroma Ornament Knife 2025,chroma-ornament-knife-2025,2026-09-08,0,2
mm2,Chroma Raygun Gun 2025,chroma-raygun-gun-2025,2026-09-08,4,1
mm2,Chroma Sands Gun 2026,chroma-sands-gun-2026,2026-09-08,21,3
mm2,Chroma Saw Knife,chroma-saw-knife,2026-09-08,1,0
mm2,Chroma Seer Knife,chroma-seer-knife,2026-09-08,1,0
mm2,Chroma Shark Gun,chroma-shark-gun,2026-09-08,1,0
mm2,Chroma Slasher Knife,chroma-slasher-knife,2026-09-08,4,0
mm2,Chroma Slasher Set,chroma-slasher-set,2026-09-08,1,0
mm2,Chroma Snow Dagger Knife 2025,chroma-snow-dagger-knife-2025,2026-09-08,1,0
mm2,Chroma Snow Set 2025,chroma-snow-set-2025,2026-09-08,1,0
mm2,Chroma Snowcannon Gun 2025,chroma-snowcannon-gun-2025,2026-09-08,8,0
mm2,Chroma Snowstorm Knife 2025,chroma-snowstorm-knife-2025,2026-09-08,2,0
mm2,Chroma Sunset Knife 2025,chroma-sunset-knife-2025,2026-09-08,1,0
mm2,Chroma Sweet Knife 2026,chroma-sweet,2026-09-08,1,2
mm2,Chroma Sweet Treat Set 2026,chroma-sweet-treat-set,2026-09-08,0,3
mm2,Chroma Swirly Gun 2021,chroma-swirly-gun-2021,2026-09-08,1,0
mm2,Chroma Tides Knife,chroma-tides-knife,2026-09-08,1,0
mm2,Chroma Treat Gun 2026,chroma-treat-gun-2026,2026-09-08,0,4
mm2,Chroma Vampire's Gun 2024,chroma-vampires-gun-2024,2026-09-08,1,0
mm2,Chroma Watergun Gun,chroma-watergun-gun,2026-09-08,2,0
mm2,Clockwork Knife,clockwork-knife,2026-09-08,4,1
mm2,Clownfish Gun,clownfish-gun,2026-09-08,1,0
mm2,Constellation Gun 2024,constellation-gun-2024,2026-09-08,20,2
mm2,Cookiecane Knife 2022,cookiecane-knife-2022,2026-09-08,3,0
mm2,Corrupt Knife,corrupt-knife,2026-09-08,5,0
mm2,Corrupt Set,corrupt-set,2026-09-08,2,0
mm2,Cotton Candy Knife,cotton-candy-knife,2026-09-08,3,0
mm2,Cowboy Gun,cowboy-gun,2026-09-08,1,0
mm2,Dark Set,dark-set,2026-09-08,16,2
mm2,Darkbringer Gun,darkbringer-gun,2026-09-08,4,0
mm2,Darkknife Knife 2023,darkknife-knife-2023,2026-09-08,0,1
mm2,Darkshot Gun 2023,darkshot-gun-2023,2026-09-08,14,2
mm2,Darksword Knife 2023,darksword-knife-2023,2026-09-08,16,2
mm2,Deathshard Knife,deathshard-knife,2026-09-08,2,0
mm2,Dogey,dogey,2026-09-08,2,0
mm2,Duckies Gun 2026,duckies-gun-2026,2026-09-08,1,0
mm2,Eggblade Knife,eggblade-knife,2026-09-08,2,0
mm2,Elderwood Blade Knife 2022,elderwood-blade-knife-2022,2026-09-08,2,0
mm2,Elderwood Revolver Gun 2019,elderwood-revolver-gun-2019,2026-09-08,5,0
mm2,Elderwood Scythe Knife 2019,elderwood-scythe-knife-2019,2026-09-08,4,0
mm2,Electro,electro,2026-09-08,1,0
mm2,Eternal II Knife,eternal-ii-knife,2026-09-08,1,0
mm2,Eternal III Knife,eternal-iii-knife,2026-09-08,2,0
mm2,Eternal IV Knife,eternal-iv-knife,2026-09-08,4,0
mm2,Eternal Knife,eternal-knife,2026-09-08,2,0
mm2,Evergreen Knife 2023,evergreen-knife-2023,2026-09-08,14,0
mm2,Evergreen Set,evergreen-set,2026-09-08,3,1
mm2,Evergun Gun 2023,evergun-gun-2023,2026-09-08,3,1
mm2,Fang Knife,fang-knife,2026-09-08,2,1
mm2,Fire Bunny,fire-bunny,2026-09-08,1,0
mm2,Flames Knife,flames-knife,2026-09-08,2,0
mm2,Flora Gun,flora-gun,2026-09-08,6,2
mm2,Flowerwood Gun,flowerwood-gun,2026-09-08,8,0
mm2,Flowerwood Knife,flowerwood-knife,2026-09-08,5,0
mm2,Flowerwood Set,flowerwood-set,2026-09-08,11,0
mm2,Frozen Gun 2023,frozen-gun-2023,2026-09-08,1,0
mm2,Full Ice Set,full-ice-set,2026-09-08,1,1
mm2,Full Virtual Set,full-virtual-set,2026-09-08,1,0
mm2,Gemstone Knife,gemstone-knife,2026-09-08,3,0
mm2,Ghost Knife,ghost-knife,2026-09-08,4,0
mm2,Ghostblade Knife 2019,ghostblade-knife-2019,2026-09-08,7,0
mm2,Ghoulish Knife 2023,ghoulish-knife-2023,2026-09-08,2,0
mm2,Gifts 2015,gifts-2015,2026-09-08,1,0
mm2,Ginger Luger Gun 2018,ginger-luger-gun-2018,2026-09-08,1,0
mm2,Gingerblade Knife 2018,gingerblade-knife-2018,2026-09-08,3,0
mm2,Gingermint Gun 2022,gingermint-gun-2022,2026-09-08,3,0
mm2,Gingerscope Gun 2023,gingerscope-gun-2023,2026-09-08,12,2
mm2,Golden Gun,golden-gun,2026-09-08,1,0
mm2,Green Elite Knife 2015,green-elite-knife-2015,2026-09-08,3,0
mm2,Green Fire Knife 2017,green-fire-knife-2017,2026-09-08,2,0
mm2,Green Luger Gun 2015,green-luger-gun-2015,2026-09-08,5,0
mm2,Green Marble Knife 2017,green-marble-knife-2017,2026-09-08,1,0
mm2,Hallow Set,hallow-set,2026-09-08,2,0
mm2,Hallowgun Gun 2020,hallowgun-gun-2020,2026-09-08,5,0
mm2,Hallow's Blade Knife 2017,hallows-blade-knife-2017,2026-09-08,3,0
mm2,Hallow's Edge Knife 2016,hallows-edge-knife-2016,2026-09-08,2,0
mm2,Hallow's Set,hallows-set,2026-09-08,1,0
mm2,Hallowscythe Knife 2020,hallowscythe-knife-2020,2026-09-08,4,0
mm2,Handsaw Knife 2015,handsaw-knife-2015,2026-09-08,2,0
mm2,Harvester Gun 2021,harvester-gun-2021,2026-09-08,36,5
mm2,Heart Wand Knife 2026,heart-wand-2026,2026-09-08,28,1
mm2,Heartblade Knife,heartblade-knife,2026-09-08,17,0
mm2,Heartbreak Gun 2026,heartbreak-gun-2026,2026-09-08,1,0
mm2,Heat Knife,heat-knife,2026-09-08,3,0
mm2,Ice Dragon Knife 2016,ice-dragon-knife-2016,2026-09-08,2,0
mm2,Ice Phoenix,ice-phoenix,2026-09-08,1,0
mm2,Ice Shard Knife 2017,ice-shard-knife-2017,2026-09-08,2,0
mm2,Icebeam Gun 2021,icebeam-gun-2021,2026-09-08,4,0
mm2,Iceblaster Gun 2020,iceblaster-gun-2020,2026-09-08,3,0
mm2,Icebreaker Knife 2020,icebreaker-knife-2020,2026-09-08,12,0
mm2,Icebreaker Set,icebreaker-set,2026-09-08,3,0
mm2,Icecracker Knife 2020,icecracker-knife-2020,2026-09-08,1,0
mm2,Icecream Knife 2026,icecream-knife-2026,2026-09-08,71,0
mm2,Iceflake Knife 2021,iceflake-knife-2021,2026-09-08,5,0
mm2,Iceflake Set,iceflake-set,2026-09-08,2,0
mm2,Icepiercer Gun 2022,icepiercer-gun-2022,2026-09-08,20,5
mm2,Icewing Knife 2018,icewing-knife-2018,2026-09-08,6,0
mm2,Iron Gun,iron-gun,2026-09-08,1,0
mm2,Jack Knife 2015,jack-knife-2015,2026-09-08,1,0
mm2,JD Knife,jd-knife,2026-09-08,1,0
mm2,Jinglegun Gun 2020,jinglegun-gun-2020,2026-09-08,2,0
mm2,Juice Gun,juice-gun,2026-09-08,1,0
mm2,Laser Gun,laser-gun-classic,2026-09-08,4,2
mm2,Laser Gun,laser-gun-classic,2026-09-08,4,2
mm2,Latte Gun,latte-gun,2026-09-08,1,0
mm2,Latte Knife,latte-knife,2026-09-08,1,0
mm2,Latte Set 2023,latte-set-2023,2026-09-08,1,0
mm2,Lightbringer Gun,lightbringer-gun,2026-09-08,2,0
mm2,Logchopper Knife 2019,logchopper-knife-2019,2026-09-08,3,0
mm2,Luger Gun,luger-gun,2026-09-08,6,0
mm2,Lugercane Gun 2019,lugercane-gun-2019,2026-09-08,1,0
mm2,Makeshift Gun 2022,makeshift-gun-2022,2026-09-08,6,0
mm2,Meltdown Knife 2023,meltdown-knife-2023,2026-09-08,0,1
mm2,Minty Gun 2019,minty-gun-2019,2026-09-08,3,0
mm2,Nebula Knife,nebula-knife,2026-09-08,3,0
mm2,Nightblade Knife,nightblade-knife,2026-09-08,5,0
mm2,Ocean Gun,ocean-gun,2026-09-08,5,2
mm2,Ocean Set,ocean-set,2026-09-08,9,0
mm2,Old Glory Knife,old-glory-knife,2026-09-08,2,0
mm2,Old Glory Set,old-glory-set,2026-09-08,2,0
mm2,Ornament Knife 2025,ornament,2026-09-08,35,0
mm2,Overseer Knife,overseer-knife,2026-09-08,1,0
mm2,Pearl Knife,pearl-knife,2026-09-08,6,0
mm2,Pearl Set,pearl-set,2026-09-08,4,1
mm2,Pearlshine Gun,pearlshine-gun,2026-09-08,7,0
mm2,Peppermint Knife 2020,peppermint-knife-2020,2026-09-08,2,0
mm2,Phantom Knife 2022,phantom-knife-2022,2026-09-08,5,0
mm2,Pink Knife,pink-knife,2026-09-08,1,0
mm2,Plasma Set,plasma-set,2026-09-08,1,0
mm2,Plasmabeam Gun,plasmabeam-gun,2026-09-08,3,0
mm2,Plasmablade Knife,plasmablade-knife,2026-09-08,2,1
mm2,Prince Knife,prince-knife,2026-09-08,2,0
mm2,Prismatic Knife,prismatic-knife,2026-09-08,3,0
mm2,Pumpkin 2020,pumpkin-2020,2026-09-08,1,0
mm2,Pumpkin 2021,pumpkin-2021,2026-09-08,2,0
mm2,Pumpking Knife 2017,pumpking-knife-2017,2026-09-08,3,0
mm2,Purple Seer Knife,purple-seer-knife,2026-09-08,1,0
mm2,Rainbow Gun,rainbow-gun-rare,2026-09-08,5,0
mm2,Rainbow Gun,rainbow-gun-rare,2026-09-08,5,0
mm2,Rainbow Knife,rainbow-knife-rare,2026-09-08,3,2
mm2,Rainbow Knife,rainbow-knife-rare,2026-09-08,3,2
mm2,Rainbow Set,rainbow-set,2026-09-08,9,0
mm2,Raygun Gun 2025,raygun-gun-2025,2026-09-08,18,6
mm2,Red Luger Gun 2015,red-luger-gun-2015,2026-09-08,7,0
mm2,Rose Knife,rose-knife,2026-09-08,1,0
mm2,Sakura Knife,sakura-knife,2026-09-08,10,1
mm2,Sakura Set,sakura-set,2026-09-08,8,0
mm2,Sammy,sammy,2026-09-08,1,0
mm2,Sand Knife 2026,sand-knife-2026,2026-09-08,1,0
mm2,Sands Gun 2026,sands-gun-2026,2026-09-08,22,1
mm2,Sandy Gun,sandy-gun,2026-09-08,1,0
mm2,Saw Knife,saw-knife,2026-09-08,3,0
mm2,Seahorsey,seahorsey,2026-09-08,1,0
mm2,Seer Knife,seer-knife,2026-09-08,1,0
mm2,Shaded Knife,shaded-knife,2026-09-08,1,0
mm2,Shadow Pumpkin 2021,shadow-pumpkin-2021,2026-09-08,1,0
mm2,Shark Gun,shark-gun,2026-09-08,1,0
mm2,Shiny Knife,shiny-knife,2026-09-08,1,0
mm2,Skulls Knife 2021,skulls-knife-2021,2026-09-08,1,0
mm2,Slasher Knife,slasher-knife,2026-09-08,3,1
mm2,Snow Dagger Knife 2025,snow-dagger,2026-09-08,5,0
mm2,Snow Set 2025,snow-set,2026-09-08,5,0
mm2,Snowcannon Gun 2025,snowcannon,2026-09-08,20,8
mm2,Snowflake Knife 2017,snowflake-knife-2017,2026-09-08,3,0
mm2,Snowstorm Knife 2025,snowstorm,2026-09-08,3,0
mm2,Soul Gun 2024,soul-gun-2024,2026-09-08,11,2
mm2,Soul Set,soul-set,2026-09-08,21,3
mm2,Sparkle Set,sparkle-set,2026-09-08,1,1
mm2,Sparkle10 Knife,sparkle10-knife,2026-09-08,1,0
mm2,Sparkle7 Knife,sparkle7-knife,2026-09-08,1,0
mm2,Sparkle9 Knife,sparkle9-knife,2026-09-08,1,0
mm2,Spectral Gun 2021,spectral-gun-2021,2026-09-08,2,0
mm2,Spectral Knife 2021,spectral-knife-2021,2026-09-08,3,0
mm2,Spectre Gun 2022,spectre-gun-2022,2026-09-08,2,0
mm2,Spectre Set,spectre-set,2026-09-08,3,1
mm2,Spider Knife 2015,spider-knife-2015,2026-09-08,3,0
mm2,Spirit Knife 2024,spirit-knife-2024,2026-09-08,9,2
mm2,Splitter Knife,splitter-knife,2026-09-08,1,0
mm2,Starfish Gun,starfish-gun,2026-09-08,1,0
mm2,Starfish Knife,starfish-knife,2026-09-08,1,0
mm2,Steambird,steambird,2026-09-08,2,0
mm2,Strawberries Gun 2026,strawberries-gun-2026,2026-09-08,1,0
mm2,Strawberries Knife 2026,strawberries-knife-2026,2026-09-08,1,0
mm2,Sugar Gun 2015,sugar-gun-2015,2026-09-08,5,0
mm2,Sun Set,sun-set,2026-09-08,17,1
mm2,Sunrise Gun 2025,sunrise-gun-2025,2026-09-08,13,0
mm2,Sunset Knife 2025,sunset-knife-2025,2026-09-08,17,0
mm2,Sweet Knife 2026,sweet-2026,2026-09-08,10,1
mm2,Sweet Treat Set 2026,sweet-treat-set-2026,2026-09-08,14,1
mm2,Swirly Axe Knife 2021,swirly-axe-knife-2021,2026-09-08,3,0
mm2,Swirly Blade Knife 2021,swirly-blade-knife-2021,2026-09-08,2,0
mm2,Swirly Gun 2021,swirly-gun-2021,2026-09-08,2,0
mm2,Teddy,teddy,2026-09-08,3,1
mm2,Tides Knife,tides-knife,2026-09-08,1,0
mm2,Tourist Knife 2026,tourist-knife-2026,2026-09-08,1,0
mm2,Traveler Gun 2023,traveler-gun-2023,2026-09-08,2,0
mm2,Traveler's Axe Knife 2023,travelers-axe-knife-2023,2026-09-08,8,1
mm2,Traveler's Gun 2023,travelers-gun-2023,2026-09-08,4,2
mm2,Traveler's Set,travelers-set,2026-09-08,3,0
mm2,Treat Gun 2026,treat-gun-2026,2026-09-08,12,0
mm2,Turkey Knife,turkey-knife,2026-09-08,6,0
mm2,Vampire Gun 2022,vampire-gun-2022,2026-09-08,1,0
mm2,Vampire Set 2022,vampire-set-2022,2026-09-08,1,0
mm2,Vampire's Axe Knife 2024,vampires-axe-knife-2024,2026-09-08,19,4
mm2,Vampire's Edge Knife 2020,vampires-edge-knife-2020,2026-09-08,3,0
mm2,Vampire's Gun 2024,vampires-gun-2024,2026-09-08,16,0
mm2,Vampire's Set 2024,vampires-set-2024,2026-09-08,15,2
mm2,Viper Gun,viper-gun,2026-09-08,1,0
mm2,Virtual Knife,virtual-knife,2026-09-08,7,0
mm2,Virtual Set,virtual-set,2026-09-08,1,0
mm2,Watergun Gun,watergun-gun,2026-09-08,11,0
mm2,Waves Knife,waves-knife,2026-09-08,10,1
mm2,Webbed Gun 2019,webbed-gun-2019,2026-09-08,1,0
mm2,Winter's Edge Knife 2017,winters-edge-knife-2017,2026-09-08,2,0
mm2,Wrapped Gun 2018,wrapped-gun-2018,2026-09-08,1,0
mm2,Xeno Set 2025,xeno-set-2025,2026-09-08,15,1
mm2,Xenoknife Knife 2025,xenoknife,2026-09-08,8,0
mm2,Xenoshot Gun 2025,xenoshot,2026-09-08,11,1
mm2,Xmas Knife 2015,xmas-knife-2015,2026-09-08,2,0
mm2,Zombified Knife 2019,zombified-knife-2019,2026-09-08,1,0
mm2,Zombified Knife 2022,zombified-knife-2022,2026-09-08,2,0
mm2,Chroma Beach Set 2026,,2026-09-08,12,
mm2,Alien Set 2025,alien-set-2025,2026-09-09,8,0
mm2,Alienbeam Knife 2025,alienbeam-knife-2025,2026-09-09,11,2
mm2,Amerilaser Gun,amerilaser-gun,2026-09-09,1,0
mm2,Arctic Knife 2022,arctic-knife-2022,2026-09-09,1,0
mm2,Aurora Gun 2021,aurora-gun-2021,2026-09-09,1,0
mm2,Australis Knife 2024,australis-knife-2024,2026-09-09,11,1
mm2,Bat Knife 2022,bat-knife-2022,2026-09-09,22,3
mm2,Bat Set,bat-set,2026-09-09,3,0
mm2,BattleAxe II Knife 2018,battleaxe-ii-knife-2018,2026-09-09,4,0
mm2,BattleAxe Knife 2017,battleaxe-knife-2017,2026-09-09,0,1
mm2,Batwing Knife 2018,batwing-knife-2018,2026-09-09,11,1
mm2,Bauble Gun 2024,bauble-gun-2024,2026-09-09,10,1
mm2,Beach Set 2026,beach-set-2026,2026-09-09,20,0
mm2,Beachy Knife 2026,beachy-knife-2026,2026-09-09,14,0
mm2,Blaster Gun,blaster-gun,2026-09-09,5,0
mm2,Blizzard Gun 2025,blizzard,2026-09-09,8,0
mm2,Blizzard Set 2025,blizzard-set,2026-09-09,10,2
mm2,Blood Knife,blood-knife,2026-09-09,1,0
mm2,Bloom Knife,bloom-knife,2026-09-09,17,1
mm2,Bloom Set,bloom-set,2026-09-09,20,1
mm2,Blossom Gun,blossom-gun,2026-09-09,10,1
mm2,Blue Scratch,blue-scratch,2026-09-09,1,0
mm2,Blue Seer Knife,blue-seer-knife,2026-09-09,2,1
mm2,Borealis Gun 2024,borealis-gun-2024,2026-09-09,11,0
mm2,Borealis Set,borealis-set,2026-09-09,7,0
mm2,Bow Set,bow-set,2026-09-09,4,2
mm2,Bringer Set,bringer-set,2026-09-09,3,0
mm2,Bubbles Knife 2026,bubbles-knife-2026,2026-09-09,1,0
mm2,Candies 2016,candies-2016,2026-09-09,1,0
mm2,Candleflame Knife 2021,candleflame-knife-2021,2026-09-09,4,0
mm2,Candy Knife 2015,candy-knife-2015,2026-09-09,11,1
mm2,Candy Set,candy-set,2026-09-09,4,1
mm2,Cane Knife 2018,cane-knife-2018,2026-09-09,1,0
mm2,Cane Set (2018),cane-set-2018,2026-09-09,1,0
mm2,Cavern Knife 2019,cavern-knife-2019,2026-09-09,1,0
mm2,Celestial Knife 2024,celestial-knife-2024,2026-09-09,22,4
mm2,Celestial Set,celestial-set,2026-09-09,11,1
mm2,Cherries Gun 2026,cherries-gun-2026,2026-09-09,1,0
mm2,Chill Knife 2015,chill-knife-2015,2026-09-09,2,0
mm2,Chroma Alien Set 2025,chroma-alien-set-2025,2026-09-09,4,0
mm2,Chroma Alienbeam Knife 2025,chroma-alienbeam-knife-2025,2026-09-09,2,0
mm2,Chroma Bauble Gun 2024,chroma-bauble-gun-2024,2026-09-09,3,2
mm2,Chroma Beachy Knife 2026,chroma-beachy-knife-2026,2026-09-09,7,0
mm2,Chroma Blizzard Gun 2025,chroma-blizzard-gun-2025,2026-09-09,3,0
mm2,Chroma Blizzard Set 2025,chroma-blizzard-set-2025,2026-09-09,2,0
mm2,Chroma Boneblade Knife 2018,chroma-boneblade-knife-2018,2026-09-09,5,0
mm2,Chroma Bringer Set,chroma-bringer-set,2026-09-09,2,0
mm2,Chroma Candleflame Knife 2021,chroma-candleflame-knife-2021,2026-09-09,2,0
mm2,Chromatic Gun,chroma-chromatic-gun,2026-09-09,1,0
mm2,Chromatic Knife,chroma-chromatic-knife,2026-09-09,1,0
mm2,Chroma Constellation Gun 2024,chroma-constellation-gun-2024,2026-09-09,3,0
mm2,Chroma Cookiecane Knife 2022,chroma-cookiecane-knife-2022,2026-09-09,3,0
mm2,Chroma Darkbringer Gun,chroma-darkbringer-gun,2026-09-09,11,0
mm2,Chroma Deathshard Knife,chroma-deathshard-knife,2026-09-09,4,0
mm2,Chroma Elderwood Blade Knife 2022,chroma-elderwood-blade-knife-2022,2026-09-09,3,0
mm2,Chroma Evergreen Knife 2023,chroma-evergreen-knife-2023,2026-09-09,1,0
mm2,Chroma Evergun Gun 2023,chroma-evergun-gun-2023,2026-09-09,1,0
mm2,Chroma Fang Knife,chroma-fang-knife,2026-09-09,1,0
mm2,Chroma Gemstone Knife,chroma-gemstone-knife,2026-09-09,2,0
mm2,Chroma Gingerblade Knife 2018,chroma-gingerblade-knife-2018,2026-09-09,1,0
mm2,Chroma Heart Wand Knife 2026,chroma-heart-wand-knife-2026,2026-09-09,6,1
mm2,Chroma Heat Knife,chroma-heat-knife,2026-09-09,1,0
mm2,Chroma Icecream Knife 2026,chroma-icecream-knife-2026,2026-09-09,18,0
mm2,Chroma Laser Gun,chroma-laser-gun,2026-09-09,3,0
mm2,Chroma Lightbringer Gun,chroma-lightbringer-gun,2026-09-09,8,0
mm2,Chroma Luger Gun,chroma-luger-gun,2026-09-09,7,0
mm2,Chroma Ornament Knife 2025,chroma-ornament-knife-2025,2026-09-09,2,1
mm2,Chroma Ornament Set 2025,chroma-ornament-set-2025,2026-09-09,2,0
mm2,Chroma Raygun Gun 2025,chroma-raygun-gun-2025,2026-09-09,3,0
mm2,Chroma Sands Gun 2026,chroma-sands-gun-2026,2026-09-09,13,0
mm2,Chroma Saw Knife,chroma-saw-knife,2026-09-09,3,0
mm2,Chroma Seer Knife,chroma-seer-knife,2026-09-09,1,0
mm2,Chroma Shark Gun,chroma-shark-gun,2026-09-09,2,0
mm2,Chroma Slasher Knife,chroma-slasher-knife,2026-09-09,2,0
mm2,Chroma Slasher Set,chroma-slasher-set,2026-09-09,1,0
mm2,Chroma Snow Dagger Knife 2025,chroma-snow-dagger-knife-2025,2026-09-09,2,0
mm2,Chroma Snow Set 2025,chroma-snow-set-2025,2026-09-09,2,0
mm2,Chroma Snowcannon Gun 2025,chroma-snowcannon-gun-2025,2026-09-09,4,0
mm2,Chroma Snowstorm Knife 2025,chroma-snowstorm-knife-2025,2026-09-09,2,0
mm2,Chroma Sun Set,chroma-sun-set,2026-09-09,2,0
mm2,Chroma Sunrise Gun 2025,chroma-sunrise-gun-2025,2026-09-09,5,0
mm2,Chroma Sunset Knife 2025,chroma-sunset-knife-2025,2026-09-09,4,0
mm2,Chroma Sweet Knife 2026,chroma-sweet,2026-09-09,4,0
mm2,Chroma Sweet Treat Set 2026,chroma-sweet-treat-set,2026-09-09,4,0
mm2,Chroma Swirly Gun 2021,chroma-swirly-gun-2021,2026-09-09,2,0
mm2,Chroma Tides Knife,chroma-tides-knife,2026-09-09,2,0
mm2,Chroma Traveler's Gun 2023,chroma-travelers-gun-2023,2026-09-09,1,0
mm2,Chroma Treat Gun 2026,chroma-treat-gun-2026,2026-09-09,5,1
mm2,Chroma Vampire's Gun 2024,chroma-vampires-gun-2024,2026-09-09,2,0
mm2,Chroma Watergun Gun,chroma-watergun-gun,2026-09-09,3,1
mm2,Clockwork Knife,clockwork-knife,2026-09-09,3,0
mm2,Clownfish Gun,clownfish-gun,2026-09-09,1,0
mm2,Constellation Gun 2024,constellation-gun-2024,2026-09-09,18,0
mm2,Cookiecane Knife 2022,cookiecane-knife-2022,2026-09-09,2,0
mm2,Corl Knife,corl-knife,2026-09-09,1,0
mm2,Corrupt Knife,corrupt-knife,2026-09-09,5,4
mm2,Corrupt Set,corrupt-set,2026-09-09,2,0
mm2,Cupid Knife 2026,cupid-knife-2026,2026-09-09,2,0
mm2,Cursed Knife 2024,cursed-knife-2024,2026-09-09,1,0
mm2,Dark Set,dark-set,2026-09-09,10,1
mm2,Darkbringer Gun,darkbringer-gun,2026-09-09,8,0
mm2,Darkshot Gun 2023,darkshot-gun-2023,2026-09-09,12,0
mm2,Darksword Knife 2023,darksword-knife-2023,2026-09-09,10,0
mm2,Deathshard Knife,deathshard-knife,2026-09-09,1,0
mm2,Decorated Knife,decorated-knife,2026-09-09,1,0
mm2,Denis Knife,denis-knife,2026-09-09,1,0
mm2,Dolphins Knife 2025,dolphins-knife-2025,2026-09-09,1,0
mm2,Duckies Gun 2026,duckies-gun-2026,2026-09-09,1,0
mm2,Eggblade Knife,eggblade-knife,2026-09-09,1,0
mm2,Elderwood Blade Knife 2022,elderwood-blade-knife-2022,2026-09-09,3,0
mm2,Elderwood Revolver Gun 2019,elderwood-revolver-gun-2019,2026-09-09,5,1
mm2,Elderwood Scythe Knife 2019,elderwood-scythe-knife-2019,2026-09-09,8,0
mm2,Elderwood Set,elderwood-set,2026-09-09,5,0
mm2,Elf,elf-pet,2026-09-09,2,0
mm2,Elf,elf-pet,2026-09-09,2,0
mm2,Elite Knife,elite-knife,2026-09-09,1,0
mm2,Eternal II Knife,eternal-ii-knife,2026-09-09,2,0
mm2,Eternal III Knife,eternal-iii-knife,2026-09-09,2,0
mm2,Eternal IV Knife,eternal-iv-knife,2026-09-09,1,0
mm2,Eternal Knife,eternal-knife,2026-09-09,1,0
mm2,Eternalcane Knife 2019,eternalcane-knife-2019,2026-09-09,3,0
mm2,Evergreen Knife 2023,evergreen-knife-2023,2026-09-09,22,0
mm2,Evergreen Set,evergreen-set,2026-09-09,5,0
mm2,Evergun Gun 2023,evergun-gun-2023,2026-09-09,4,0
mm2,Fire Cat,fire-cat,2026-09-09,1,0
mm2,Flames Knife,flames-knife,2026-09-09,1,0
mm2,Flora Gun,flora-gun,2026-09-09,10,1
mm2,Floral Gun,floral-gun,2026-09-09,1,0
mm2,Floral Gun 2026,floral-gun-2026,2026-09-09,1,0
mm2,Flowerwood Gun,flowerwood-gun,2026-09-09,13,1
mm2,Flowerwood Knife,flowerwood-knife,2026-09-09,10,1
mm2,Flowerwood Set,flowerwood-set,2026-09-09,7,1
mm2,Frostbite Knife 2019,frostbite-knife-2019,2026-09-09,1,0
mm2,Frosted Knife 2019,frosted-knife-2019,2026-09-09,1,0
mm2,Frostflame Knife 2024,frostflame-knife-2024,2026-09-09,2,0
mm2,Frostsaber Knife 2017,frostsaber-knife-2017,2026-09-09,1,0
mm2,Frozen Gun 2023,frozen-gun-2023,2026-09-09,1,0
mm2,Full Bringer Set,full-bringer-set,2026-09-09,1,0
mm2,Full Elderwood Set,full-elderwood-set,2026-09-09,1,0
mm2,Full Ice Set,full-ice-set,2026-09-09,1,1
mm2,Full Swirly Set,full-swirly-set,2026-09-09,1,0
mm2,Fusion Knife,fusion-knife,2026-09-09,1,0
mm2,Galactic Gun,galactic-gun,2026-09-09,1,0
mm2,Gemstone Knife,gemstone-knife,2026-09-09,3,0
mm2,Ghost Knife,ghost-knife,2026-09-09,2,0
mm2,Ghostblade Knife 2019,ghostblade-knife-2019,2026-09-09,1,0
mm2,Ghosts Knife 2024,ghosts-knife-2024,2026-09-09,1,0
mm2,Ginger Set (Godly),ginger-set-godly,2026-09-09,1,0
mm2,Gingerblade Knife 2018,gingerblade-knife-2018,2026-09-09,1,0
mm2,Gingermint Gun 2022,gingermint-gun-2022,2026-09-09,1,0
mm2,Gingerscope Gun 2023,gingerscope-gun-2023,2026-09-09,12,2
mm2,Glitch2 Knife,glitch2-knife,2026-09-09,1,0
mm2,Green Luger Gun 2015,green-luger-gun-2015,2026-09-09,2,0
mm2,Green Pumpkin 2018,green-pumpkin-2018,2026-09-09,1,0
mm2,Hallow Set,hallow-set,2026-09-09,2,1
mm2,Hallowgun Gun 2020,hallowgun-gun-2020,2026-09-09,4,0
mm2,Hallowscythe Knife 2020,hallowscythe-knife-2020,2026-09-09,2,0
mm2,Handsaw Knife 2015,handsaw-knife-2015,2026-09-09,1,0
mm2,Harvester Gun 2021,harvester-gun-2021,2026-09-09,40,3
mm2,Haunted Knife 2021,haunted-knife-2021,2026-09-09,1,0
mm2,Heart Wand Knife 2026,heart-wand-2026,2026-09-09,21,5
mm2,Heartblade Knife,heartblade-knife,2026-09-09,12,0
mm2,Heat Knife,heat-knife,2026-09-09,2,0
mm2,Ice Dragon Knife 2016,ice-dragon-knife-2016,2026-09-09,1,0
mm2,Icebeam Gun 2021,icebeam-gun-2021,2026-09-09,3,0
mm2,Iceblaster Gun 2020,iceblaster-gun-2020,2026-09-09,5,0
mm2,Icebreaker Knife 2020,icebreaker-knife-2020,2026-09-09,9,0
mm2,Icebreaker Set,icebreaker-set,2026-09-09,4,0
mm2,Icecream Knife 2026,icecream-knife-2026,2026-09-09,56,2
mm2,Iceflake Knife 2021,iceflake-knife-2021,2026-09-09,2,0
mm2,Iceflake Set,iceflake-set,2026-09-09,2,0
mm2,Icepiercer Gun 2022,icepiercer-gun-2022,2026-09-09,11,4
mm2,Icewing Knife 2018,icewing-knife-2018,2026-09-09,4,0
mm2,Iron Gun,iron-gun,2026-09-09,1,0
mm2,JD Knife,jd-knife,2026-09-09,3,0
mm2,Jellyfish Knife,jellyfish-knife,2026-09-09,1,0
mm2,Jinglegun Gun 2020,jinglegun-gun-2020,2026-09-09,2,0
mm2,Laser Gun,laser-gun-classic,2026-09-09,2,0
mm2,Laser Gun,laser-gun-classic,2026-09-09,2,0
mm2,Latte Knife,latte-knife,2026-09-09,1,0
mm2,Latte Set 2023,latte-set-2023,2026-09-09,1,2
mm2,Lightbringer Gun,lightbringer-gun,2026-09-09,9,0
mm2,Lil' Alien,lil-alien,2026-09-09,1,0
mm2,Logchopper Knife 2019,logchopper-knife-2019,2026-09-09,3,0
mm2,Love Gun,love-gun,2026-09-09,1,0
mm2,Love Knife,love-knife,2026-09-09,1,0
mm2,Love Knife 2023,love-knife-2023,2026-09-09,1,0
mm2,Luger Gun,luger-gun,2026-09-09,11,1
mm2,Lugercane Gun 2019,lugercane-gun-2019,2026-09-09,1,0
mm2,Makeshift Gun 2022,makeshift-gun-2022,2026-09-09,2,0
mm2,Minty Gun 2019,minty-gun-2019,2026-09-09,2,0
mm2,Mr. Reindeer,mr-reindeer,2026-09-09,2,0
mm2,Mr. Snowman,mr-snowman,2026-09-09,1,0
mm2,Neopolitan Knife 2026,neopolitan-knife-2026,2026-09-09,1,0
mm2,Nightblade Knife,nightblade-knife,2026-09-09,3,0
mm2,Nightfire Gun,nightfire-gun,2026-09-09,1,0
mm2,Nobledragon,nobledragon,2026-09-09,1,0
mm2,Ocean Gun,ocean-gun,2026-09-09,8,2
mm2,Ocean Set,ocean-set,2026-09-09,8,0
mm2,Old Glory Knife,old-glory-knife,2026-09-09,1,0
mm2,Old Glory Set,old-glory-set,2026-09-09,1,0
mm2,Ornament Knife 2025,ornament,2026-09-09,26,0
mm2,Ornament Set 2025,ornament-set-2025,2026-09-09,3,0
mm2,Palms Knife,palms-knife,2026-09-09,6,0
mm2,Paws Gun 2026,paws-gun-2026,2026-09-09,1,0
mm2,Pearl Knife,pearl-knife,2026-09-09,5,0
mm2,Pearl Set,pearl-set,2026-09-09,4,0
mm2,Pearlshine Gun,pearlshine-gun,2026-09-09,7,0
mm2,Phantom Knife 2022,phantom-knife-2022,2026-09-09,2,0
mm2,Pixel Knife,pixel-knife,2026-09-09,1,0
mm2,Plasmabeam Gun,plasmabeam-gun,2026-09-09,2,0
mm2,Plasmablade Knife,plasmablade-knife,2026-09-09,1,0
mm2,Prismatic Knife,prismatic-knife,2026-09-09,1,0
mm2,Pumpkin 2017,pumpkin-2017,2026-09-09,1,0
mm2,Pumpking Knife 2017,pumpking-knife-2017,2026-09-09,1,0
mm2,Rainbow Gun,rainbow-gun-rare,2026-09-09,13,1
mm2,Rainbow Gun,rainbow-gun-rare,2026-09-09,13,1
mm2,Rainbow Knife,rainbow-knife-rare,2026-09-09,10,2
mm2,Rainbow Knife,rainbow-knife-rare,2026-09-09,10,2
mm2,Rainbow Set,rainbow-set,2026-09-09,12,1
mm2,Raygun Gun 2025,raygun-gun-2025,2026-09-09,13,2
mm2,Red Luger Gun 2015,red-luger-gun-2015,2026-09-09,12,0
mm2,Red Pumpkin,red-pumpkin,2026-09-09,1,0
mm2,Sakura Knife,sakura-knife,2026-09-09,14,2
mm2,Sakura Set,sakura-set,2026-09-09,5,4
mm2,Sand Knife 2026,sand-knife-2026,2026-09-09,2,0
mm2,Sands Gun 2026,sands-gun-2026,2026-09-09,18,0
mm2,Sandy Gun,sandy-gun,2026-09-09,1,0
mm2,Seer Knife,seer-knife,2026-09-09,1,0
mm2,Shaded Knife,shaded-knife,2026-09-09,1,0
mm2,Shark Gun,shark-gun,2026-09-09,1,0
mm2,Sharky Knife,sharky-knife,2026-09-09,1,0
mm2,Shiny Knife,shiny-knife,2026-09-09,1,0
mm2,Skool Knife,skool-knife,2026-09-09,1,0
mm2,Slasher Knife,slasher-knife,2026-09-09,2,0
mm2,Snakebite Gun 2019,snakebite-gun-2019,2026-09-09,1,0
mm2,Snow Dagger Knife 2025,snow-dagger,2026-09-09,6,0
mm2,Snow Set 2025,snow-set,2026-09-09,3,3
mm2,Snowcannon Gun 2025,snowcannon,2026-09-09,17,5
mm2,Snowglobe Knife 2023,snowglobe-knife-2023,2026-09-09,1,0
mm2,Snowstorm Knife 2025,snowstorm,2026-09-09,8,4
mm2,Soda Knife 2025,soda-knife-2025,2026-09-09,1,0
mm2,Soul Gun 2024,soul-gun-2024,2026-09-09,12,3
mm2,Soul Set,soul-set,2026-09-09,11,3
mm2,Sparkle9 Knife,sparkle9-knife,2026-09-09,1,0
mm2,Spectral Knife 2021,spectral-knife-2021,2026-09-09,1,0
mm2,Spectral Set 2021,spectral-set-2021,2026-09-09,1,0
mm2,Spectre Gun 2022,spectre-gun-2022,2026-09-09,5,0
mm2,Spectre Set,spectre-set,2026-09-09,3,0
mm2,Spirit Knife 2024,spirit-knife-2024,2026-09-09,12,2
mm2,Splash Gun,splash-gun,2026-09-09,2,0
mm2,Splash Knife,splash-knife,2026-09-09,1,0
mm2,Splatter Knife,splatter-knife,2026-09-09,1,0
mm2,Starfish Gun,starfish-gun,2026-09-09,1,0
mm2,Starfish Knife,starfish-knife,2026-09-09,2,0
mm2,Strawberries Gun 2026,strawberries-gun-2026,2026-09-09,1,0
mm2,Strawberries Knife 2026,strawberries-knife-2026,2026-09-09,1,0
mm2,Sugar Gun 2015,sugar-gun-2015,2026-09-09,10,0
mm2,Sun Set,sun-set,2026-09-09,11,1
mm2,Sunrise Gun 2025,sunrise-gun-2025,2026-09-09,17,0
mm2,Sunset Gun 2026,sunset-gun-2026,2026-09-09,1,0
mm2,Sunset Knife 2025,sunset-knife-2025,2026-09-09,13,2
mm2,Sweet Knife 2026,sweet-2026,2026-09-09,16,0
mm2,Sweet Treat Set 2026,sweet-treat-set-2026,2026-09-09,16,2
mm2,Swirly Axe Knife 2021,swirly-axe-knife-2021,2026-09-09,3,0
mm2,Swirly Blade Knife 2021,swirly-blade-knife-2021,2026-09-09,2,0
mm2,Swirly Gun 2021,swirly-gun-2021,2026-09-09,1,0
mm2,Swirly Set,swirly-set,2026-09-09,1,0
mm2,Teddy,teddy,2026-09-09,1,0
mm2,Tides Knife,tides-knife,2026-09-09,2,0
mm2,Tourist Knife 2026,tourist-knife-2026,2026-09-09,2,0
mm2,Toxic Knife 2018,toxic-knife-2018,2026-09-09,1,0
mm2,Traveler Gun 2023,traveler-gun-2023,2026-09-09,1,0
mm2,Traveler's Axe Knife 2023,travelers-axe-knife-2023,2026-09-09,9,0
mm2,Traveler's Gun 2023,travelers-gun-2023,2026-09-09,3,1
mm2,Traveler's Set,travelers-set,2026-09-09,1,0
mm2,Traveller,traveller,2026-09-09,1,0
mm2,Treat Gun 2026,treat-gun-2026,2026-09-09,16,2
mm2,Turkey Knife,turkey-knife,2026-09-09,5,0
mm2,Vampire Gun 2022,vampire-gun-2022,2026-09-09,2,0
mm2,Vampire Knife 2022,vampire-knife-2022,2026-09-09,1,0
mm2,Vampire's Axe Knife 2024,vampires-axe-knife-2024,2026-09-09,14,1
mm2,Vampire's Edge Knife 2020,vampires-edge-knife-2020,2026-09-09,1,0
mm2,Vampire's Gun 2024,vampires-gun-2024,2026-09-09,11,0
mm2,Vampire's Set 2024,vampires-set-2024,2026-09-09,8,0
mm2,Vintage Set,vintage-set,2026-09-09,2,0
mm2,Viper Gun,viper-gun,2026-09-09,1,0
mm2,Virtual Knife,virtual-knife,2026-09-09,3,0
mm2,Virtual Set,virtual-set,2026-09-09,3,0
mm2,Watergun Gun,watergun-gun,2026-09-09,10,0
mm2,Waves Knife,waves-knife,2026-09-09,6,1
mm2,Waves Knife 2024,waves-knife-2024,2026-09-09,1,0
mm2,Xeno Set 2025,xeno-set-2025,2026-09-09,13,2
mm2,Xenoknife Knife 2025,xenoknife,2026-09-09,5,1
mm2,Xenoshot Gun 2025,xenoshot,2026-09-09,6,1
mm2,Xmas Knife 2015,xmas-knife-2015,2026-09-09,1,0
mm2,Zombie Gun 2018,zombie-gun-2018,2026-09-09,1,0
mm2,Zombie Knife 2018,zombie-knife-2018,2026-09-09,1,0
mm2,Zombified Knife 2022,zombified-knife-2022,2026-09-09,1,0
mm2,Chroma Beach Set 2026,,2026-09-09,10,
mm2,Chromatic Set,,2026-09-09,1,
mm2,Alex Knife,alex-knife,2026-09-10,1,0
mm2,Alien Set 2025,alien-set-2025,2026-09-10,11,2
mm2,Alienbeam Knife 2025,alienbeam-knife-2025,2026-09-10,17,0
mm2,Amerilaser Gun,amerilaser-gun,2026-09-10,2,0
mm2,Aquarium Gun 2025,aquarium-gun-2025,2026-09-10,1,0
mm2,Arctic Knife 2022,arctic-knife-2022,2026-09-10,1,0
mm2,Aurora Gun 2021,aurora-gun-2021,2026-09-10,1,0
mm2,Australis Knife 2024,australis-knife-2024,2026-09-10,6,1
mm2,Bat Knife 2022,bat-knife-2022,2026-09-10,15,2
mm2,Bat Set,bat-set,2026-09-10,2,0
mm2,Bats Knife 2018,bats-knife-2018,2026-09-10,1,0
mm2,Bats Set,bats-set,2026-09-10,1,0
mm2,BattleAxe II Knife 2018,battleaxe-ii-knife-2018,2026-09-10,1,0
mm2,Batwing Knife 2018,batwing-knife-2018,2026-09-10,7,1
mm2,Bauble Gun 2024,bauble-gun-2024,2026-09-10,7,0
mm2,Beach Set 2026,beach-set-2026,2026-09-10,27,1
mm2,Beachy Knife 2026,beachy-knife-2026,2026-09-10,24,1
mm2,Blaster Gun,blaster-gun,2026-09-10,4,0
mm2,Blizzard Gun 2025,blizzard,2026-09-10,4,4
mm2,Blizzard Set 2025,blizzard-set,2026-09-10,5,4
mm2,Blood Knife,blood-knife,2026-09-10,0,1
mm2,Bloom Knife,bloom-knife,2026-09-10,8,0
mm2,Bloom Set,bloom-set,2026-09-10,17,3
mm2,Blossom Gun,blossom-gun,2026-09-10,21,1
mm2,Blue Scratch,blue-scratch,2026-09-10,1,0
mm2,Blue Seer Knife,blue-seer-knife,2026-09-10,1,0
mm2,Borders Knife,borders-knife,2026-09-10,1,0
mm2,Borealis Gun 2024,borealis-gun-2024,2026-09-10,2,0
mm2,Borealis Set,borealis-set,2026-09-10,5,0
mm2,Bow Set,bow-set,2026-09-10,3,0
mm2,Branches Knife 2019,branches-knife-2019,2026-09-10,1,0
mm2,Broken Knife,broken-knife,2026-09-10,2,0
mm2,Bubbles Knife 2026,bubbles-knife-2026,2026-09-10,1,0
mm2,Candleflame Knife 2021,candleflame-knife-2021,2026-09-10,3,0
mm2,Candy Corn Knife 2019,candy-corn-knife-2019,2026-09-10,1,0
mm2,Candy Knife 2015,candy-knife-2015,2026-09-10,7,1
mm2,Candy Set,candy-set,2026-09-10,4,0
mm2,Celestial Knife 2024,celestial-knife-2024,2026-09-10,32,6
mm2,Celestial Set,celestial-set,2026-09-10,9,0
mm2,Chroma Alien Set 2025,chroma-alien-set-2025,2026-09-10,5,0
mm2,Chroma Alienbeam Knife 2025,chroma-alienbeam-knife-2025,2026-09-10,7,0
mm2,Chroma Bauble Gun 2024,chroma-bauble-gun-2024,2026-09-10,4,1
mm2,Chroma Beachy Knife 2026,chroma-beachy-knife-2026,2026-09-10,13,1
mm2,Chroma Blizzard Gun 2025,chroma-blizzard-gun-2025,2026-09-10,4,3
mm2,Chroma Blizzard Set 2025,chroma-blizzard-set-2025,2026-09-10,2,1
mm2,Chroma Boneblade Knife 2018,chroma-boneblade-knife-2018,2026-09-10,2,0
mm2,Chroma Candleflame Knife 2021,chroma-candleflame-knife-2021,2026-09-10,7,1
mm2,Chromatic Gun,chroma-chromatic-gun,2026-09-10,1,0
mm2,Chromatic Knife,chroma-chromatic-knife,2026-09-10,1,0
mm2,Chroma Constellation Gun 2024,chroma-constellation-gun-2024,2026-09-10,1,0
mm2,Chroma Cookiecane Knife 2022,chroma-cookiecane-knife-2022,2026-09-10,2,0
mm2,Chroma Darkbringer Gun,chroma-darkbringer-gun,2026-09-10,3,0
mm2,Chroma Deathshard Knife,chroma-deathshard-knife,2026-09-10,1,0
mm2,Chroma Elderwood Blade Knife 2022,chroma-elderwood-blade-knife-2022,2026-09-10,2,0
mm2,Chroma Evergreen Knife 2023,chroma-evergreen-knife-2023,2026-09-10,8,0
mm2,Chroma Evergreen Set,chroma-evergreen-set,2026-09-10,2,0
mm2,Chroma Evergun Gun 2023,chroma-evergun-gun-2023,2026-09-10,3,1
mm2,Chroma Gemstone Knife,chroma-gemstone-knife,2026-09-10,1,0
mm2,Chroma Heart Wand Knife 2026,chroma-heart-wand-knife-2026,2026-09-10,8,1
mm2,Chroma Icecream Knife 2026,chroma-icecream-knife-2026,2026-09-10,23,2
mm2,Chroma Laser Gun,chroma-laser-gun,2026-09-10,1,0
mm2,Chroma Lightbringer Gun,chroma-lightbringer-gun,2026-09-10,2,0
mm2,Chroma Luger Gun,chroma-luger-gun,2026-09-10,7,0
mm2,Chroma Ornament Knife 2025,chroma-ornament-knife-2025,2026-09-10,3,0
mm2,Chroma Ornament Set 2025,chroma-ornament-set-2025,2026-09-10,2,0
mm2,Chroma Raygun Gun 2025,chroma-raygun-gun-2025,2026-09-10,9,1
mm2,Chroma Sands Gun 2026,chroma-sands-gun-2026,2026-09-10,19,2
mm2,Chroma Shark Gun,chroma-shark-gun,2026-09-10,1,0
mm2,Chroma Slasher Knife,chroma-slasher-knife,2026-09-10,2,0
mm2,Chroma Slasher Set,chroma-slasher-set,2026-09-10,1,0
mm2,Chroma Snow Dagger Knife 2025,chroma-snow-dagger-knife-2025,2026-09-10,4,1
mm2,Chroma Snow Set 2025,chroma-snow-set-2025,2026-09-10,2,0
mm2,Chroma Snowcannon Gun 2025,chroma-snowcannon-gun-2025,2026-09-10,8,0
mm2,Chroma Snowstorm Knife 2025,chroma-snowstorm-knife-2025,2026-09-10,4,1
mm2,Chroma Sun Set,chroma-sun-set,2026-09-10,2,0
mm2,Chroma Sunrise Gun 2025,chroma-sunrise-gun-2025,2026-09-10,2,0
mm2,Chroma Sunset Knife 2025,chroma-sunset-knife-2025,2026-09-10,5,0
mm2,Chroma Sweet Knife 2026,chroma-sweet,2026-09-10,9,0
mm2,Chroma Sweet Treat Set 2026,chroma-sweet-treat-set,2026-09-10,3,1
mm2,Chroma Swirly Gun 2021,chroma-swirly-gun-2021,2026-09-10,5,0
mm2,Chroma Traveler's Gun 2023,chroma-travelers-gun-2023,2026-09-10,1,0
mm2,Chroma Treat Gun 2026,chroma-treat-gun-2026,2026-09-10,3,1
mm2,Chroma Vampire's Gun 2024,chroma-vampires-gun-2024,2026-09-10,4,0
mm2,Chroma Watergun Gun,chroma-watergun-gun,2026-09-10,4,0
mm2,Clockwork Knife,clockwork-knife,2026-09-10,2,0
mm2,Clown Gun,clown-gun,2026-09-10,2,0
mm2,Clownfish Gun,clownfish-gun,2026-09-10,1,0
mm2,Coal Knife 2018,coal-knife-2018,2026-09-10,2,0
mm2,Colored Seer Set,colored-seer-set,2026-09-10,0,1
mm2,Constellation Gun 2024,constellation-gun-2024,2026-09-10,21,0
mm2,Cookieblade Knife 2020,cookieblade-knife-2020,2026-09-10,2,0
mm2,Cookiecane Knife 2022,cookiecane-knife-2022,2026-09-10,1,0
mm2,Corl Knife,corl-knife,2026-09-10,1,0
mm2,Corrupt Knife,corrupt-knife,2026-09-10,4,3
mm2,Corrupt Set,corrupt-set,2026-09-10,1,0
mm2,Cupid Knife 2026,cupid-knife-2026,2026-09-10,1,0
mm2,Dark Set,dark-set,2026-09-10,18,5
mm2,Darkbringer Gun,darkbringer-gun,2026-09-10,8,0
mm2,Darkgun Gun 2023,darkgun-gun-2023,2026-09-10,1,0
mm2,Darkshot Gun 2023,darkshot-gun-2023,2026-09-10,11,0
mm2,Darksword Knife 2023,darksword-knife-2023,2026-09-10,22,0
mm2,Deathshard Knife,deathshard-knife,2026-09-10,1,0
mm2,Decorated Knife,decorated-knife,2026-09-10,1,0
mm2,Deep Sea Knife,deep-sea-knife,2026-09-10,1,0
mm2,Denis Knife,denis-knife,2026-09-10,1,0
mm2,Doge,doge,2026-09-10,1,0
mm2,Dogey,dogey,2026-09-10,0,1
mm2,Duckies Gun 2026,duckies-gun-2026,2026-09-10,2,0
mm2,Elderwood Blade Knife 2022,elderwood-blade-knife-2022,2026-09-10,1,0
mm2,Elderwood Revolver Gun 2019,elderwood-revolver-gun-2019,2026-09-10,1,0
mm2,Elderwood Scythe Knife 2019,elderwood-scythe-knife-2019,2026-09-10,2,0
mm2,Elderwood Set,elderwood-set,2026-09-10,2,0
mm2,Elf,elf-pet,2026-09-10,0,2
mm2,Elf,elf-pet,2026-09-10,0,2
mm2,Eternal II Knife,eternal-ii-knife,2026-09-10,1,0
mm2,Eternal III Knife,eternal-iii-knife,2026-09-10,1,0
mm2,Eternal IV Knife,eternal-iv-knife,2026-09-10,2,0
mm2,Eternal Knife,eternal-knife,2026-09-10,1,0
mm2,Evergreen Knife 2023,evergreen-knife-2023,2026-09-10,26,0
mm2,Evergreen Set,evergreen-set,2026-09-10,4,0
mm2,Evergun Gun 2023,evergun-gun-2023,2026-09-10,7,4
mm2,Fire Bear,fire-bear,2026-09-10,1,0
mm2,Flora Gun,flora-gun,2026-09-10,10,0
mm2,Floral Gun,floral-gun,2026-09-10,1,0
mm2,Flowerwood Gun,flowerwood-gun,2026-09-10,9,0
mm2,Flowerwood Knife,flowerwood-knife,2026-09-10,9,0
mm2,Flowerwood Set,flowerwood-set,2026-09-10,13,2
mm2,Frozen Gun 2023,frozen-gun-2023,2026-09-10,1,0
mm2,Fusion Knife,fusion-knife,2026-09-10,0,1
mm2,Galactic Gun,galactic-gun,2026-09-10,1,0
mm2,Gemstone Knife,gemstone-knife,2026-09-10,1,0
mm2,Ghost Knife,ghost-knife,2026-09-10,1,0
mm2,Ghosty,ghosty-pet,2026-09-10,1,0
mm2,Ghosty,ghosty-pet,2026-09-10,1,0
mm2,Ginger Luger Gun 2018,ginger-luger-gun-2018,2026-09-10,2,0
mm2,Gingerblade Knife 2018,gingerblade-knife-2018,2026-09-10,2,0
mm2,Gingerscope Gun 2023,gingerscope-gun-2023,2026-09-10,14,4
mm2,Glitch1 Knife,glitch1-knife,2026-09-10,0,1
mm2,Glitch2 Knife,glitch2-knife,2026-09-10,1,0
mm2,Gothic Knife 2021,gothic-knife-2021,2026-09-10,0,1
mm2,Green Luger Gun 2015,green-luger-gun-2015,2026-09-10,5,0
mm2,Grind Knife,grind-knife,2026-09-10,0,1
mm2,Hallow Set,hallow-set,2026-09-10,1,0
mm2,Hallowgun Gun 2020,hallowgun-gun-2020,2026-09-10,1,0
mm2,Hallow's Edge Knife 2016,hallows-edge-knife-2016,2026-09-10,1,0
mm2,Hardened Knife,hardened-knife,2026-09-10,1,0
mm2,Harvester Gun 2021,harvester-gun-2021,2026-09-10,43,4
mm2,Haunted Knife 2018,haunted-knife-2018,2026-09-10,0,1
mm2,Haunted Knife 2021,haunted-knife-2021,2026-09-10,1,0
mm2,Heart Wand Knife 2026,heart-wand-2026,2026-09-10,19,4
mm2,Heartblade Knife,heartblade-knife,2026-09-10,7,1
mm2,Heartbreak Gun 2026,heartbreak-gun-2026,2026-09-10,1,0
mm2,Heat Knife,heat-knife,2026-09-10,3,0
mm2,Ice Dragon Knife 2016,ice-dragon-knife-2016,2026-09-10,1,0
mm2,Icebeam Gun 2021,icebeam-gun-2021,2026-09-10,2,0
mm2,Iceblaster Gun 2020,iceblaster-gun-2020,2026-09-10,4,0
mm2,Icebreaker Knife 2020,icebreaker-knife-2020,2026-09-10,4,0
mm2,Icebreaker Set,icebreaker-set,2026-09-10,5,0
mm2,Icecracker Knife 2020,icecracker-knife-2020,2026-09-10,1,1
mm2,Icecream Knife 2026,icecream-knife-2026,2026-09-10,36,1
mm2,Iceflake Knife 2021,iceflake-knife-2021,2026-09-10,3,0
mm2,Icepiercer Gun 2022,icepiercer-gun-2022,2026-09-10,12,5
mm2,Icewing Knife 2018,icewing-knife-2018,2026-09-10,4,0
mm2,Imbued Gun,imbued-gun,2026-09-10,1,0
mm2,Iron Gun,iron-gun,2026-09-10,1,0
mm2,Laser Gun,laser-gun-classic,2026-09-10,2,0
mm2,Laser Gun,laser-gun-classic,2026-09-10,2,0
mm2,Latte Knife,latte-knife,2026-09-10,2,0
mm2,Latte Set 2023,latte-set-2023,2026-09-10,1,1
mm2,Leaves Gun 2024,leaves-gun-2024,2026-09-10,1,0
mm2,Lightbringer Gun,lightbringer-gun,2026-09-10,4,0
mm2,Logchopper Knife 2019,logchopper-knife-2019,2026-09-10,1,0
mm2,Luger Gun,luger-gun,2026-09-10,4,1
mm2,Lugercane Gun 2019,lugercane-gun-2019,2026-09-10,2,0
mm2,Makeshift Gun 2022,makeshift-gun-2022,2026-09-10,2,0
mm2,Meltdown Knife 2023,meltdown-knife-2023,2026-09-10,0,1
mm2,Minty Gun 2019,minty-gun-2019,2026-09-10,1,0
mm2,Mr. Reindeer,mr-reindeer,2026-09-10,1,0
mm2,Nebula Knife,nebula-knife,2026-09-10,2,0
mm2,Nightblade Knife,nightblade-knife,2026-09-10,1,0
mm2,Nightfire Gun,nightfire-gun,2026-09-10,2,0
mm2,Ocean Gun,ocean-gun,2026-09-10,8,1
mm2,Ocean Set,ocean-set,2026-09-10,10,0
mm2,Old Glory Knife,old-glory-knife,2026-09-10,2,0
mm2,Old Glory Set,old-glory-set,2026-09-10,2,0
mm2,Ornament Knife 2025,ornament,2026-09-10,21,0
mm2,Ornament Set 2025,ornament-set-2025,2026-09-10,4,1
mm2,Painted Knife,painted-knife,2026-09-10,1,0
mm2,Palms Gun,palms-gun,2026-09-10,1,0
mm2,Pearl Knife,pearl-knife,2026-09-10,5,0
mm2,Pearl Set,pearl-set,2026-09-10,4,0
mm2,Pearlshine Gun,pearlshine-gun,2026-09-10,4,0
mm2,Phantom Knife 2022,phantom-knife-2022,2026-09-10,2,0
mm2,Pier Knife 2026,pier-knife-2026,2026-09-10,1,0
mm2,Pine Knife 2019,pine-knife-2019,2026-09-10,1,0
mm2,Pixel Knife,pixel-knife,2026-09-10,1,0
mm2,Plasma Set,plasma-set,2026-09-10,1,0
mm2,Plasmabeam Gun,plasmabeam-gun,2026-09-10,3,0
mm2,Plasmablade Knife,plasmablade-knife,2026-09-10,2,0
mm2,Prism Knife,prism-knife,2026-09-10,1,0
mm2,Prismatic Knife,prismatic-knife,2026-09-10,1,0
mm2,Pumpkin 2018,pumpkin-2018,2026-09-10,0,1
mm2,Pumpkin 2020 Green,pumpkin-2020-green,2026-09-10,1,0
mm2,Purple Seer Knife,purple-seer-knife,2026-09-10,0,1
mm2,Rainbow Gun,rainbow-gun-rare,2026-09-10,13,1
mm2,Rainbow Gun,rainbow-gun-rare,2026-09-10,13,1
mm2,Rainbow Knife,rainbow-knife-rare,2026-09-10,9,0
mm2,Rainbow Knife,rainbow-knife-rare,2026-09-10,9,0
mm2,Rainbow Set,rainbow-set,2026-09-10,11,1
mm2,Raygun Gun 2025,raygun-gun-2025,2026-09-10,30,1
mm2,RB Knife,rb-knife,2026-09-10,1,0
mm2,Red Luger Gun 2015,red-luger-gun-2015,2026-09-10,6,0
mm2,Red Pumpkin 2021,red-pumpkin-2021,2026-09-10,1,0
mm2,Red Seer Knife,red-seer-knife,2026-09-10,1,0
mm2,Sakura Knife,sakura-knife,2026-09-10,8,0
mm2,Sakura Set,sakura-set,2026-09-10,11,0
mm2,Sammy,sammy,2026-09-10,1,0
mm2,Sand Knife 2026,sand-knife-2026,2026-09-10,2,0
mm2,Sands Gun 2026,sands-gun-2026,2026-09-10,26,0
mm2,Sandy Gun,sandy-gun,2026-09-10,1,0
mm2,Saw Knife,saw-knife,2026-09-10,1,0
mm2,Scratch Knife 2016,scratch-knife-2016,2026-09-10,1,0
mm2,Scratch Set,scratch-set,2026-09-10,1,0
mm2,Seer Knife,seer-knife,2026-09-10,0,1
mm2,Shaded Knife,shaded-knife,2026-09-10,1,0
mm2,Sharky Knife,sharky-knife,2026-09-10,1,0
mm2,Silent Night Knife 2020,silent-night-knife-2020,2026-09-10,1,0
mm2,Silent Night Set,silent-night-set,2026-09-10,1,0
mm2,Sketchy Knife,sketchy-knife,2026-09-10,1,0
mm2,Skulls Knife 2021,skulls-knife-2021,2026-09-10,1,0
mm2,Skully,skully,2026-09-10,1,0
mm2,Slashed Knife 2020,slashed-knife-2020,2026-09-10,1,0
mm2,Slasher Knife,slasher-knife,2026-09-10,2,0
mm2,Sleigh Knife 2024,sleigh-knife-2024,2026-09-10,1,0
mm2,Slimy Knife 2019,slimy-knife-2019,2026-09-10,1,0
mm2,Snow Dagger Knife 2025,snow-dagger,2026-09-10,11,1
mm2,Snow Set 2025,snow-set,2026-09-10,4,0
mm2,Snowball Gun 2025,snowball-gun-2025,2026-09-10,1,0
mm2,Snowball Knife 2025,snowball-knife-2025,2026-09-10,1,0
mm2,Snowcannon Gun 2025,snowcannon,2026-09-10,15,2
mm2,Snowflake Knife 2017,snowflake-knife-2017,2026-09-10,1,0
mm2,Snowstorm Knife 2025,snowstorm,2026-09-10,2,1
mm2,Soul Gun 2024,soul-gun-2024,2026-09-10,11,1
mm2,Soul Set,soul-set,2026-09-10,12,1
mm2,Sparkle Set,sparkle-set,2026-09-10,3,0
mm2,Sparkle1 Knife,sparkle1-knife,2026-09-10,1,0
mm2,Sparkle10 Knife,sparkle10-knife,2026-09-10,1,0
mm2,Sparkle2 Knife,sparkle2-knife,2026-09-10,1,0
mm2,Sparkle4 Knife,sparkle4-knife,2026-09-10,1,0
mm2,Sparkle7 Knife,sparkle7-knife,2026-09-10,1,0
mm2,Sparkle8 Knife,sparkle8-knife,2026-09-10,1,0
mm2,Sparkle9 Knife,sparkle9-knife,2026-09-10,2,0
mm2,Spectral Knife 2021,spectral-knife-2021,2026-09-10,1,0
mm2,Spectre Gun 2022,spectre-gun-2022,2026-09-10,1,0
mm2,Spectre Set,spectre-set,2026-09-10,4,0
mm2,Spirit Knife 2024,spirit-knife-2024,2026-09-10,16,0
mm2,Splash Gun,splash-gun,2026-09-10,1,0
mm2,Splitter Knife,splitter-knife,2026-09-10,1,0
mm2,Spring Knife,spring-knife,2026-09-10,1,0
mm2,Starfish Gun,starfish-gun,2026-09-10,1,0
mm2,Starfish Knife,starfish-knife,2026-09-10,1,0
mm2,Starry Knife 2026,starry-knife-2026,2026-09-10,1,0
mm2,Storm Knife 2024,storm-knife-2024,2026-09-10,1,0
mm2,Strawberries Gun 2026,strawberries-gun-2026,2026-09-10,2,0
mm2,Strawberries Knife 2026,strawberries-knife-2026,2026-09-10,1,0
mm2,Sugar Gun 2015,sugar-gun-2015,2026-09-10,2,0
mm2,Sun Set,sun-set,2026-09-10,9,0
mm2,Sunrise Gun 2025,sunrise-gun-2025,2026-09-10,11,0
mm2,Sunset Knife 2025,sunset-knife-2025,2026-09-10,17,2
mm2,Sweet Knife 2026,sweet-2026,2026-09-10,6,1
mm2,Sweet Treat Set 2026,sweet-treat-set-2026,2026-09-10,7,1
mm2,Swirly Axe Knife 2021,swirly-axe-knife-2021,2026-09-10,1,0
mm2,Swirly Blade Knife 2021,swirly-blade-knife-2021,2026-09-10,1,0
mm2,Swirly Gun 2021,swirly-gun-2021,2026-09-10,0,2
mm2,Tides Knife,tides-knife,2026-09-10,2,0
mm2,Tourist Knife 2026,tourist-knife-2026,2026-09-10,1,0
mm2,Toxic Knife 2018,toxic-knife-2018,2026-09-10,1,0
mm2,Traveler Gun 2023,traveler-gun-2023,2026-09-10,1,0
mm2,Traveler Knife 2023,traveler-knife-2023,2026-09-10,2,0
mm2,Traveler's Axe Knife 2023,travelers-axe-knife-2023,2026-09-10,5,2
mm2,Traveler's Gun 2023,travelers-gun-2023,2026-09-10,14,1
mm2,Traveler's Set,travelers-set,2026-09-10,3,0
mm2,Treat Gun 2026,treat-gun-2026,2026-09-10,8,1
mm2,Turkey Knife,turkey-knife,2026-09-10,5,1
mm2,Turtles Knife 2026,turtles-knife-2026,2026-09-10,1,0
mm2,Vampire Bat,vampire-bat,2026-09-10,0,1
mm2,Vampire Knife 2016,vampire-knife-2016,2026-09-10,0,1
mm2,Vampire's Axe Knife 2024,vampires-axe-knife-2024,2026-09-10,21,2
mm2,Vampire's Edge Knife 2020,vampires-edge-knife-2020,2026-09-10,1,0
mm2,Vampire's Gun 2024,vampires-gun-2024,2026-09-10,20,0
mm2,Vampire's Set 2024,vampires-set-2024,2026-09-10,17,1
mm2,Virtual Knife,virtual-knife,2026-09-10,4,0
mm2,Virtual Set,virtual-set,2026-09-10,1,0
mm2,Watergun Gun,watergun-gun,2026-09-10,14,0
mm2,Waves Knife,waves-knife,2026-09-10,16,0
mm2,Waves Knife 2024,waves-knife-2024,2026-09-10,1,0
mm2,Webbed Gun 2019,webbed-gun-2019,2026-09-10,1,0
mm2,Witch's Brew Knife 2024,witchs-brew-knife-2024,2026-09-10,1,0
mm2,Wrap Gun 2020,wrap-gun-2020,2026-09-10,1,0
mm2,Wrapped Gun 2018,wrapped-gun-2018,2026-09-10,1,0
mm2,Xeno Set 2025,xeno-set-2025,2026-09-10,6,1
mm2,Xenoknife Knife 2025,xenoknife,2026-09-10,10,1
mm2,Xenoshot Gun 2025,xenoshot,2026-09-10,4,0
mm2,Yellow Seer Knife,yellow-seer-knife,2026-09-10,2,0
mm2,Zombie Dog,zombie-dog,2026-09-10,4,0
mm2,Zombie Knife 2021,zombie-knife-2021,2026-09-10,1,0
mm2,Zombified Knife 2022,zombified-knife-2022,2026-09-10,1,0
mm2,Zombified Set,zombified-set,2026-09-10,1,0
mm2,Blue Gingerscope Gun 2023,,2026-09-10,0,
mm2,Chroma Beach Set 2026,,2026-09-10,13,
mm2,2015 Knife,2015-knife,2026-09-11,6,0
mm2,Alien Set 2025,alien-set-2025,2026-09-11,12,1
mm2,Alienbeam Knife 2025,alienbeam-knife-2025,2026-09-11,12,4
mm2,Amerilaser Gun,amerilaser-gun,2026-09-11,3,0
mm2,Australis Knife 2024,australis-knife-2024,2026-09-11,3,0
mm2,Bat Knife 2022,bat-knife-2022,2026-09-11,13,0
mm2,Bat Set,bat-set,2026-09-11,4,0
mm2,BattleAxe II Knife 2018,battleaxe-ii-knife-2018,2026-09-11,1,0
mm2,BattleAxe Knife 2017,battleaxe-knife-2017,2026-09-11,1,0
mm2,Battleaxe Set,battleaxe-set,2026-09-11,1,0
mm2,Batwing Knife 2018,batwing-knife-2018,2026-09-11,9,1
mm2,Bauble Gun 2024,bauble-gun-2024,2026-09-11,6,0
mm2,Beach Knife,beach-knife,2026-09-11,1,0
mm2,Beach Set 2026,beach-set-2026,2026-09-11,29,2
mm2,Beachy Knife 2026,beachy-knife-2026,2026-09-11,11,0
mm2,Black Cat,black-cat,2026-09-11,5,0
mm2,Blaster Gun,blaster-gun,2026-09-11,1,0
mm2,Blizzard Gun 2025,blizzard,2026-09-11,13,1
mm2,Blizzard Set 2025,blizzard-set,2026-09-11,13,4
mm2,Bloom Knife,bloom-knife,2026-09-11,15,1
mm2,Bloom Set,bloom-set,2026-09-11,18,5
mm2,Blossom Gun,blossom-gun,2026-09-11,15,1
mm2,Blossom Knife,blossom-knife,2026-09-11,1,0
mm2,Blue Pumpkin 2020,blue-pumpkin-2020,2026-09-11,1,0
mm2,Borealis Gun 2024,borealis-gun-2024,2026-09-11,2,0
mm2,Borealis Set,borealis-set,2026-09-11,2,0
mm2,Bow Set,bow-set,2026-09-11,7,0
mm2,Branches Knife 2019,branches-knife-2019,2026-09-11,3,0
mm2,Bringer Set,bringer-set,2026-09-11,4,0
mm2,Bubbles Knife 2026,bubbles-knife-2026,2026-09-11,4,0
mm2,Bunnies Knife,bunnies-knife,2026-09-11,1,0
mm2,Candleflame Knife 2021,candleflame-knife-2021,2026-09-11,6,0
mm2,Candy Knife 2015,candy-knife-2015,2026-09-11,9,2
mm2,Candy Set,candy-set,2026-09-11,5,0
mm2,Celestial Knife 2024,celestial-knife-2024,2026-09-11,54,3
mm2,Celestial Set,celestial-set,2026-09-11,8,0
mm2,Chill Knife 2015,chill-knife-2015,2026-09-11,1,0
mm2,Chroma Alien Set 2025,chroma-alien-set-2025,2026-09-11,4,1
mm2,Chroma Alienbeam Knife 2025,chroma-alienbeam-knife-2025,2026-09-11,2,0
mm2,Chroma Bauble Gun 2024,chroma-bauble-gun-2024,2026-09-11,4,0
mm2,Chroma Beachy Knife 2026,chroma-beachy-knife-2026,2026-09-11,10,2
mm2,Chroma Blizzard Gun 2025,chroma-blizzard-gun-2025,2026-09-11,5,2
mm2,Chroma Blizzard Set 2025,chroma-blizzard-set-2025,2026-09-11,2,0
mm2,Chroma Boneblade Knife 2018,chroma-boneblade-knife-2018,2026-09-11,1,0
mm2,Chroma Bringer Set,chroma-bringer-set,2026-09-11,2,0
mm2,Chroma Candleflame Knife 2021,chroma-candleflame-knife-2021,2026-09-11,3,0
mm2,Chroma Constellation Gun 2024,chroma-constellation-gun-2024,2026-09-11,5,0
mm2,Chroma Cookiecane Knife 2022,chroma-cookiecane-knife-2022,2026-09-11,1,0
mm2,Chroma Darkbringer Gun,chroma-darkbringer-gun,2026-09-11,11,0
mm2,Chroma Deathshard Knife,chroma-deathshard-knife,2026-09-11,1,0
mm2,Chroma Evergreen Knife 2023,chroma-evergreen-knife-2023,2026-09-11,1,0
mm2,Chroma Evergreen Set,chroma-evergreen-set,2026-09-11,1,0
mm2,Chroma Evergun Gun 2023,chroma-evergun-gun-2023,2026-09-11,1,0
mm2,Chroma Fang Knife,chroma-fang-knife,2026-09-11,3,0
mm2,Chroma Fire Bat,chroma-fire-bat,2026-09-11,1,0
mm2,Chroma Gemstone Knife,chroma-gemstone-knife,2026-09-11,3,0
mm2,Chroma Gingerblade Knife 2018,chroma-gingerblade-knife-2018,2026-09-11,6,0
mm2,Chroma Heart Wand Knife 2026,chroma-heart-wand-knife-2026,2026-09-11,9,1
mm2,Chroma Heat Knife,chroma-heat-knife,2026-09-11,4,0
mm2,Chroma Icecream Knife 2026,chroma-icecream-knife-2026,2026-09-11,27,1
mm2,Chroma Laser Gun,chroma-laser-gun,2026-09-11,5,0
mm2,Chroma Lightbringer Gun,chroma-lightbringer-gun,2026-09-11,5,0
mm2,Chroma Luger Gun,chroma-luger-gun,2026-09-11,9,0
mm2,Chroma Ornament Knife 2025,chroma-ornament-knife-2025,2026-09-11,3,0
mm2,Chroma Ornament Set 2025,chroma-ornament-set-2025,2026-09-11,1,1
mm2,Chroma Raygun Gun 2025,chroma-raygun-gun-2025,2026-09-11,1,1
mm2,Chroma Sands Gun 2026,chroma-sands-gun-2026,2026-09-11,15,2
mm2,Chroma Saw Knife,chroma-saw-knife,2026-09-11,1,0
mm2,Chroma Shark Gun,chroma-shark-gun,2026-09-11,1,0
mm2,Chroma Slasher Knife,chroma-slasher-knife,2026-09-11,3,0
mm2,Chroma Slasher Set,chroma-slasher-set,2026-09-11,1,0
mm2,Chroma Snow Dagger Knife 2025,chroma-snow-dagger-knife-2025,2026-09-11,1,0
mm2,Chroma Snow Set 2025,chroma-snow-set-2025,2026-09-11,1,0
mm2,Chroma Snowcannon Gun 2025,chroma-snowcannon-gun-2025,2026-09-11,4,0
mm2,Chroma Snowstorm Knife 2025,chroma-snowstorm-knife-2025,2026-09-11,7,0
mm2,Chroma Sun Set,chroma-sun-set,2026-09-11,2,0
mm2,Chroma Sunrise Gun 2025,chroma-sunrise-gun-2025,2026-09-11,2,0
mm2,Chroma Sunset Knife 2025,chroma-sunset-knife-2025,2026-09-11,7,0
mm2,Chroma Sweet Knife 2026,chroma-sweet,2026-09-11,3,0
mm2,Chroma Sweet Treat Set 2026,chroma-sweet-treat-set,2026-09-11,3,1
mm2,Chroma Swirly Gun 2021,chroma-swirly-gun-2021,2026-09-11,2,0
mm2,Chroma Treat Gun 2026,chroma-treat-gun-2026,2026-09-11,3,2
mm2,Chroma Vampire's Gun 2024,chroma-vampires-gun-2024,2026-09-11,2,0
mm2,Chroma Watergun Gun,chroma-watergun-gun,2026-09-11,9,0
mm2,Clockwork Knife,clockwork-knife,2026-09-11,1,0
mm2,Clownfish Knife,clownfish-knife,2026-09-11,1,0
mm2,Constellation Gun 2024,constellation-gun-2024,2026-09-11,18,0
mm2,Cookie Set,cookie-set,2026-09-11,1,0
mm2,Cookiecane Knife 2022,cookiecane-knife-2022,2026-09-11,1,0
mm2,Corrupt Knife,corrupt-knife,2026-09-11,5,0
mm2,Corrupt Set,corrupt-set,2026-09-11,2,0
mm2,Cupid Knife 2026,cupid-knife-2026,2026-09-11,1,0
mm2,Dark Set,dark-set,2026-09-11,17,2
mm2,Darkbringer Gun,darkbringer-gun,2026-09-11,8,0
mm2,Darkknife Knife 2023,darkknife-knife-2023,2026-09-11,2,0
mm2,Darkshot Gun 2023,darkshot-gun-2023,2026-09-11,18,1
mm2,Darksword Knife 2023,darksword-knife-2023,2026-09-11,19,6
mm2,Deathshard Knife,deathshard-knife,2026-09-11,1,0
mm2,Denis Knife,denis-knife,2026-09-11,4,0
mm2,Dogey,dogey,2026-09-11,2,1
mm2,Duckies Gun 2026,duckies-gun-2026,2026-09-11,2,0
mm2,Dungeon Knife 2019,dungeon-knife-2019,2026-09-11,1,0
mm2,Elderwood Blade Knife 2022,elderwood-blade-knife-2022,2026-09-11,4,0
mm2,Elderwood Revolver Gun 2019,elderwood-revolver-gun-2019,2026-09-11,5,0
mm2,Elderwood Scythe Knife 2019,elderwood-scythe-knife-2019,2026-09-11,5,1
mm2,Elderwood Set,elderwood-set,2026-09-11,5,0
mm2,Elite Knife,elite-knife,2026-09-11,1,0
mm2,Elitey,elitey,2026-09-11,1,0
mm2,Eternal II Knife,eternal-ii-knife,2026-09-11,1,0
mm2,Eternal III Knife,eternal-iii-knife,2026-09-11,2,0
mm2,Eternal IV Knife,eternal-iv-knife,2026-09-11,3,0
mm2,Eternalcane Knife 2019,eternalcane-knife-2019,2026-09-11,2,0
mm2,Evergreen Knife 2023,evergreen-knife-2023,2026-09-11,11,1
mm2,Evergreen Set,evergreen-set,2026-09-11,3,0
mm2,Evergun Gun 2023,evergun-gun-2023,2026-09-11,6,0
mm2,Fang Knife,fang-knife,2026-09-11,1,0
mm2,Flames Knife,flames-knife,2026-09-11,1,0
mm2,Flora Gun,flora-gun,2026-09-11,11,1
mm2,Floral Knife,floral-knife,2026-09-11,1,0
mm2,Flowerwood Gun,flowerwood-gun,2026-09-11,9,0
mm2,Flowerwood Knife,flowerwood-knife,2026-09-11,6,1
mm2,Flowerwood Set,flowerwood-set,2026-09-11,9,0
mm2,Frostsaber Knife 2017,frostsaber-knife-2017,2026-09-11,1,0
mm2,Full Bringer Set,full-bringer-set,2026-09-11,1,0
mm2,Full Elderwood Set,full-elderwood-set,2026-09-11,3,0
mm2,Full Ice Set,full-ice-set,2026-09-11,1,0
mm2,Full Swirly Set,full-swirly-set,2026-09-11,1,0
mm2,Full Virtual Set,full-virtual-set,2026-09-11,1,0
mm2,Gemstone Knife,gemstone-knife,2026-09-11,2,0
mm2,Ghost Set (Legendary),ghost-set-legendary,2026-09-11,1,0
mm2,Ghoulish Knife 2023,ghoulish-knife-2023,2026-09-11,1,0
mm2,Ginger Gun 2018,ginger-gun-2018,2026-09-11,1,0
mm2,Ginger Luger Gun 2018,ginger-luger-gun-2018,2026-09-11,2,0
mm2,Ginger Set (Godly),ginger-set-godly,2026-09-11,1,0
mm2,Gingerblade Knife 2018,gingerblade-knife-2018,2026-09-11,2,0
mm2,Gingerbread Knife 2020,gingerbread-knife-2020,2026-09-11,1,0
mm2,Gingerbread Set (2019),gingerbread-set-2019,2026-09-11,1,0
mm2,Gingermint Gun 2022,gingermint-gun-2022,2026-09-11,1,0
mm2,Gingerscope Gun 2023,gingerscope-gun-2023,2026-09-11,14,4
mm2,Goo Knife,goo-knife,2026-09-11,1,0
mm2,Gothic Gun 2021,gothic-gun-2021,2026-09-11,2,0
mm2,Green Luger Gun 2015,green-luger-gun-2015,2026-09-11,7,0
mm2,Green Marble Knife 2017,green-marble-knife-2017,2026-09-11,1,0
mm2,Green Pumpkin 2018,green-pumpkin-2018,2026-09-11,2,0
mm2,Hallow Set,hallow-set,2026-09-11,2,0
mm2,Hallowgun Gun 2020,hallowgun-gun-2020,2026-09-11,1,0
mm2,Hallowscythe Knife 2020,hallowscythe-knife-2020,2026-09-11,1,1
mm2,Harvester Gun 2021,harvester-gun-2021,2026-09-11,34,3
mm2,Heart Wand Knife 2026,heart-wand-2026,2026-09-11,19,1
mm2,Heartblade Knife,heartblade-knife,2026-09-11,13,0
mm2,Heat Knife,heat-knife,2026-09-11,4,0
mm2,Ice Shard Set,ice-shard-set,2026-09-11,1,0
mm2,Iceblaster Gun 2020,iceblaster-gun-2020,2026-09-11,4,0
mm2,Icebreaker Knife 2020,icebreaker-knife-2020,2026-09-11,6,0
mm2,Icebreaker Set,icebreaker-set,2026-09-11,4,0
mm2,Icecream Knife 2026,icecream-knife-2026,2026-09-11,28,2
mm2,Iceflake Knife 2021,iceflake-knife-2021,2026-09-11,1,0
mm2,Icepiercer Gun 2022,icepiercer-gun-2022,2026-09-11,23,5
mm2,Icewing Knife 2018,icewing-knife-2018,2026-09-11,8,0
mm2,JD Knife,jd-knife,2026-09-11,1,0
mm2,Jinglegun Gun 2020,jinglegun-gun-2020,2026-09-11,1,0
mm2,Krypto Knife,krypto-knife,2026-09-11,1,0
mm2,Laser Gun,laser-gun-classic,2026-09-11,3,0
mm2,Laser Gun,laser-gun-classic,2026-09-11,3,0
mm2,Latte Gun,latte-gun,2026-09-11,1,0
mm2,Lightbringer Gun,lightbringer-gun,2026-09-11,4,0
mm2,Logchopper Knife 2019,logchopper-knife-2019,2026-09-11,4,0
mm2,Logchopper Set,logchopper-set,2026-09-11,1,0
mm2,Luger Gun,luger-gun,2026-09-11,3,0
mm2,Lugercane Gun 2019,lugercane-gun-2019,2026-09-11,1,0
mm2,Makeshift Gun 2022,makeshift-gun-2022,2026-09-11,5,0
mm2,Minty Gun 2019,minty-gun-2019,2026-09-11,2,0
mm2,Mummified Knife 2019,mummified-knife-2019,2026-09-11,2,0
mm2,Nebula Knife,nebula-knife,2026-09-11,3,0
mm2,Nightblade Knife,nightblade-knife,2026-09-11,2,0
mm2,Ocean Gun,ocean-gun,2026-09-11,8,0
mm2,Ocean Set,ocean-set,2026-09-11,9,1
mm2,Old Glory Knife,old-glory-knife,2026-09-11,4,0
mm2,Old Glory Set,old-glory-set,2026-09-11,1,0
mm2,Ornament Knife 2025,ornament,2026-09-11,37,0
mm2,Ornament Set 2025,ornament-set-2025,2026-09-11,3,0
mm2,Pals Set,pals-set,2026-09-11,1,0
mm2,Passion Knife,passion-knife,2026-09-11,1,0
mm2,Pearl Knife,pearl-knife,2026-09-11,5,0
mm2,Pearl Set,pearl-set,2026-09-11,8,0
mm2,Pearlshine Gun,pearlshine-gun,2026-09-11,5,0
mm2,Peppermint Knife 2020,peppermint-knife-2020,2026-09-11,2,0
mm2,Phantom Knife 2022,phantom-knife-2022,2026-09-11,2,0
mm2,Pixel Knife,pixel-knife,2026-09-11,2,0
mm2,Plasma Set,plasma-set,2026-09-11,6,0
mm2,Plasmabeam Gun,plasmabeam-gun,2026-09-11,3,0
mm2,Plasmablade Knife,plasmablade-knife,2026-09-11,3,0
mm2,Prism Knife,prism-knife,2026-09-11,1,0
mm2,Pumpkin 2017,pumpkin-2017,2026-09-11,2,0
mm2,Pumpkin 2021,pumpkin-2021,2026-09-11,1,0
mm2,Rainbow Gun,rainbow-gun-rare,2026-09-11,10,1
mm2,Rainbow Gun,rainbow-gun-rare,2026-09-11,10,1
mm2,Rainbow Knife,rainbow-knife-rare,2026-09-11,18,0
mm2,Rainbow Knife,rainbow-knife-rare,2026-09-11,18,0
mm2,Rainbow Set,rainbow-set,2026-09-11,15,1
mm2,Raygun Gun 2025,raygun-gun-2025,2026-09-11,26,7
mm2,Red Luger Gun 2015,red-luger-gun-2015,2026-09-11,7,0
mm2,Reptile Knife,reptile-knife,2026-09-11,1,0
mm2,Sakura Knife,sakura-knife,2026-09-11,9,0
mm2,Sakura Set,sakura-set,2026-09-11,7,2
mm2,Sand Knife 2026,sand-knife-2026,2026-09-11,1,0
mm2,Sands Gun 2026,sands-gun-2026,2026-09-11,8,0
mm2,Shiny Knife,shiny-knife,2026-09-11,1,0
mm2,Silent Night Set,silent-night-set,2026-09-11,1,0
mm2,Skulls Knife 2021,skulls-knife-2021,2026-09-11,1,0
mm2,Slashed Knife 2020,slashed-knife-2020,2026-09-11,1,0
mm2,Snow Dagger Knife 2025,snow-dagger,2026-09-11,4,2
mm2,Snow Set 2025,snow-set,2026-09-11,5,0
mm2,Snowcannon Gun 2025,snowcannon,2026-09-11,15,2
mm2,Snowstorm Knife 2025,snowstorm,2026-09-11,6,1
mm2,Soul Gun 2024,soul-gun-2024,2026-09-11,11,1
mm2,Soul Set,soul-set,2026-09-11,20,2
mm2,Sparkle8 Knife,sparkle8-knife,2026-09-11,1,0
mm2,Sparkle9 Knife,sparkle9-knife,2026-09-11,5,0
mm2,Spectre Gun 2022,spectre-gun-2022,2026-09-11,2,0
mm2,Spectre Set,spectre-set,2026-09-11,4,1
mm2,Spirit Knife 2024,spirit-knife-2024,2026-09-11,22,0
mm2,Starry Gun 2020,starry-gun-2020,2026-09-11,1,0
mm2,Sugar Gun 2015,sugar-gun-2015,2026-09-11,8,0
mm2,Sun Set,sun-set,2026-09-11,4,0
mm2,Sunrise Gun 2025,sunrise-gun-2025,2026-09-11,14,0
mm2,Sunset Knife 2025,sunset-knife-2025,2026-09-11,17,4
mm2,Sweet Knife 2026,sweet-2026,2026-09-11,12,0
mm2,Sweet Treat Set 2026,sweet-treat-set-2026,2026-09-11,11,1
mm2,Sweetheart Knife,sweetheart-knife,2026-09-11,1,0
mm2,Swirly Axe Knife 2021,swirly-axe-knife-2021,2026-09-11,1,1
mm2,Swirly Blade Knife 2021,swirly-blade-knife-2021,2026-09-11,2,0
mm2,Swirly Gun 2021,swirly-gun-2021,2026-09-11,1,0
mm2,Tailslide Knife,tailslide-knife,2026-09-11,1,0
mm2,TNL Knife,tnl-knife,2026-09-11,1,0
mm2,Tourist Knife 2026,tourist-knife-2026,2026-09-11,1,0
mm2,Traveler Gun 2023,traveler-gun-2023,2026-09-11,1,0
mm2,Traveler's Axe Knife 2023,travelers-axe-knife-2023,2026-09-11,4,2
mm2,Traveler's Gun 2023,travelers-gun-2023,2026-09-11,6,1
mm2,Traveler's Set,travelers-set,2026-09-11,3,1
mm2,Treat Gun 2026,treat-gun-2026,2026-09-11,11,1
mm2,Tulip Knife 2016,tulip-knife-2016,2026-09-11,1,0
mm2,Turkey Knife,turkey-knife,2026-09-11,4,2
mm2,Valentine Knife,valentine-knife,2026-09-11,1,0
mm2,Vampire Gun 2022,vampire-gun-2022,2026-09-11,2,0
mm2,Vampire Knife 2022,vampire-knife-2022,2026-09-11,5,0
mm2,Vampire's Axe Knife 2024,vampires-axe-knife-2024,2026-09-11,20,0
mm2,Vampire's Edge Knife 2020,vampires-edge-knife-2020,2026-09-11,3,0
mm2,Vampire's Gun 2024,vampires-gun-2024,2026-09-11,7,0
mm2,Vampire's Set 2024,vampires-set-2024,2026-09-11,8,0
mm2,Virtual Knife,virtual-knife,2026-09-11,1,0
mm2,Watergun Gun,watergun-gun,2026-09-11,6,1
mm2,Waves Knife,waves-knife,2026-09-11,10,0
mm2,Webbed Gun 2019,webbed-gun-2019,2026-09-11,3,0
mm2,Wrap Gun 2020,wrap-gun-2020,2026-09-11,1,0
mm2,Xeno Set 2025,xeno-set-2025,2026-09-11,15,2
mm2,Xenoknife Knife 2025,xenoknife,2026-09-11,6,1
mm2,Xenoshot Gun 2025,xenoshot,2026-09-11,11,1
mm2,Zombie Knife 2021,zombie-knife-2021,2026-09-11,1,0
mm2,Zombified Gun 2019,zombified-gun-2019,2026-09-11,1,0
mm2,Zombified Knife 2019,zombified-knife-2019,2026-09-11,1,0
mm2,Zombified Knife 2022,zombified-knife-2022,2026-09-11,1,0
mm2,Chroma Beach Set 2026,,2026-09-11,5,
